"","Sample","PSMA1","PSMA3","PSMA4","PSMA5","PSMA7","PSMB1","PSMB2","PSMB3","PSMB4","PSMB5","PSMB6","PSMB7","PSMB8","PSMB9","PSMC2","PSMC3","PSMC4","PSMC5","PSMC6","PSMD1","PSMD3","PSMD4","PSMD5","PSMD6","PSMD7","PSMD8","PSMD10","PSMD11","PSMD12","PSMD13","PSMD14","PSME1","PSME2","PSME3","Subgroup","proteasome_mean"
"1","MB_SubtypeStudy_55001",7.8138186654904,8.1693554391714,9.21890369097778,6.98041401893883,8.21308719947756,8.63805789502579,9.55944371556636,8.54060798309464,9.6501322687846,8.67828114627506,10.3874005571131,9.28874353804644,4.39593949049457,6.16582814762624,9.45567230109727,8.5281745838756,9.79458961351079,7.67817549869836,7.39642824240131,9.76970033050765,8.43216545919448,5.75650066675254,8.44055037918,8.4452403716193,9.02618640761096,9.80445339684145,9.75275106545553,9.30873377797339,6.90477002731967,7.87144529924986,8.8027414561436,8.13059065888103,7.98833568276696,9.80592787333479,"SHH",8.43509255436757
"2","MB_SubtypeStudy_55002",6.41842419751675,8.20733584621439,8.57621784026193,8.03574416396135,8.60313914997811,8.84219625436785,9.56747896870982,9.62475656343083,9.84790290991939,8.97993351723447,10.6785065319898,9.24272377528522,4.1869086874769,5.67764188896083,10.1794874239193,8.32633239295282,9.74640748267346,8.71402749239454,7.90040605223133,9.70069935966366,9.15820830421247,6.74018021573396,8.2707343238341,8.15754955809562,9.1117155852756,9.97337935110307,9.50000289629505,9.88930613487319,7.3978190865998,7.31909303415347,8.93633948505933,8.17228570908217,9.32226635680484,10.1104599917594,"Group3",8.62104736858896
"3","MB_SubtypeStudy_55003",6.13910607212079,9.17072845626411,9.43739072870009,7.54341516036022,8.35750799542604,8.22962652358481,9.83260786877018,9.44520720752206,9.87541704288412,8.63979160868477,9.88386628860722,9.07541569636475,3.87490375676011,5.5383242446334,10.0446954968826,7.49760858688495,9.60401800641112,8.86709204585867,8.13542673552043,10.0487423935287,9.21396021913295,6.60737787944095,8.17114654546502,8.22588119719189,9.22552141269839,9.67546006977977,10.3239047605307,9.63953039110795,8.4131772164421,6.79444277108294,10.1387996852063,7.42454280411626,8.88596993315165,10.3607274908856,"Group4",8.59827453800005
"4","MB_SubtypeStudy_55004",7.34953909142549,8.28442249451603,8.48231132022752,7.14117279337224,8.02431988748703,8.05367787980125,9.65720638703736,8.95447519507313,10.0741500675821,8.14361126625984,9.2724656610295,9.0017778890507,4.21584628134862,5.76159903664525,9.44338175691439,7.94628001596613,9.09155738960303,8.70872242072237,7.84063175038977,9.61626588506589,9.16712943095305,6.28913373599441,8.26309322649667,8.13779845317249,9.41330876940485,9.36247062897808,9.84637897043355,9.78985837792704,8.2019412722335,7.66899924534206,8.63083222810496,7.60252313070062,8.50290392908288,9.66160598076788,"Group4",8.40004093673852
"5","MB_SubtypeStudy_55005",6.54243816118969,8.28210250184559,9.84604591475778,6.9840363742024,8.35447685798796,8.45745554492635,9.79721880112377,9.06578860232005,9.76662072171374,8.60725869812662,10.2347526850929,9.07701157885503,4.19646878449069,5.76896831590916,10.0107151759456,7.64945552579143,9.52155695837429,8.10474614539397,8.02931265042614,9.66574643576008,9.130903460059,6.27466674635691,8.58466239960488,7.54020217269197,8.73789449903699,9.55308632150984,9.82285363439621,9.90401331638511,7.92768404900347,7.14552770912838,8.49944625783623,7.06607232928904,7.90157859463974,10.4055423292056,"Group4",8.42518559568755
"6","MB_SubtypeStudy_55006",7.16046649823494,8.67591325612783,9.78179934510299,7.23479494226941,8.4639000314662,8.13903367067452,9.70861733161268,8.98801991016497,9.95210591749319,9.12727224532323,10.7721105958648,9.70027595775791,4.02313094517576,5.87772101500612,9.19616499518805,8.43233895283114,9.33696193316784,7.96290627068978,8.01127221328857,9.49966887190129,8.42230683216472,6.62868335885876,7.99281408992831,8.16657365088173,9.24241121605851,10.0219178316947,10.0404656301901,9.45103997965005,7.34247274683243,7.65720692465827,8.53554364607376,8.22529282594343,8.24310584730169,9.85225362563496,"SHH",8.52548715015331
"7","MB_SubtypeStudy_55007",7.12821627977286,8.70869360431074,10.1862592334205,7.14579323935587,8.71675241721479,8.79063965098698,10.1411105852905,8.49027877840786,10.0437073493342,8.82598476296819,10.2728586944983,9.94549487297348,3.97523824531888,5.34825685326819,9.38846536852637,8.65577977151517,9.33917198570487,8.84735185555195,7.72587077421244,9.27993085858474,8.53498749032407,6.52159374901571,4.93170244812357,7.81408106652266,8.99475335285892,9.97907664081302,10.3121929450542,9.00528899121377,8.20063264561803,7.85451184779793,9.56859367586762,8.26622456926535,8.21029456791867,9.32774309626652,"SHH",8.48463330199638
"8","MB_SubtypeStudy_55008",6.34831018161748,8.66913273712998,9.5361212980667,7.33637310191826,8.17678841295299,8.10965191012828,9.99790795273126,8.78029577705505,10.0576149654202,9.05982725584219,10.7330624201722,9.38448038326251,4.50196878982196,5.46504428219538,9.65446836779309,8.17642788873762,9.55036537310977,8.11675977940571,7.99843624046376,9.63096057312445,8.53578110945671,6.50391541641747,8.45064824848136,8.77056048060712,8.85295990443691,9.9529731840555,10.4193503979955,9.43929081033257,7.49598036388357,7.21567897849864,10.7082174196172,8.4056924693635,8.33596168711625,10.2611514538468,"Group3",8.60682822397229
"9","MB_SubtypeStudy_55009",5.98044381135499,8.63447162773107,9.2648288427341,7.28903662867795,8.08931739073843,8.32309277096825,9.75531992099467,8.6551127631744,9.86793635358357,8.50774984361426,10.435238445951,9.19797482136046,4.0490703702654,5.5745239517594,9.51457007837071,7.2945149319325,9.45002820453924,8.16473086803736,8.36284414733171,9.5475760170347,8.67577158018044,6.47145666488495,8.49444362850354,8.34085101857551,9.32035834546694,9.70773097131316,10.5534442118181,9.30862996960907,7.85667981024872,6.42153063761933,8.50770556994832,7.70245807052517,8.42234106837445,10.0057779078701,"Group4",8.40434003662035
"10","MB_SubtypeStudy_55010",7.93554226430108,8.44124013484335,9.2859109249678,7.17386685371632,8.39100495111813,8.49028980662866,9.49350719073792,8.78686848675517,10.0909676707511,8.95462876378885,10.6426245492282,9.3124693045239,4.94925657300053,6.66998683993459,9.5458502372834,8.40199952918661,9.69532903564217,8.12892758282645,7.80167148589009,9.73225125738121,8.74945886696698,6.4730805186882,7.89310573486145,8.04840870730999,9.26804127737767,10.2123892795115,10.2388763021085,9.4063631714003,7.45522903254835,7.33502540839725,8.41530194486077,8.06608927344678,8.15347973339943,10.0598767254009,"SHH",8.5793799829054
"11","MB_SubtypeStudy_55011",5.83082994746768,7.98707840763768,8.91344949981303,7.28006834404415,7.82681435031613,8.40428920677311,9.97600402611506,9.54476300865031,9.86196655900731,9.38030625159912,10.4081069468194,9.37785603302345,4.15085919709354,5.57580193472585,9.33166005039729,8.24636776596575,10.1837866949263,7.94004405216314,7.65664632344726,9.31114732769836,8.76366299517646,5.94331913085881,8.65084944773326,7.67279198672364,9.12700322885683,10.1213121698305,10.8017163634372,9.46275202827983,6.85177290822705,7.35761658526005,8.12897065854307,9.17113759192262,8.43083439112431,10.1846996950334,"WNT",8.4663613267262
"12","MB_SubtypeStudy_55012",7.63187998093724,8.72132018913946,9.97722711996654,7.42299075350154,8.4501570428324,8.39264370728683,9.58285989858095,9.24546455593146,10.2750805929758,9.26824954361036,10.9127059080089,9.01905245066509,6.0754655960456,8.8831560605205,9.36868903843855,8.21275371779414,9.67912242840174,8.21285101627096,8.11680607004971,9.29794834940635,8.60159653650855,5.86110884379203,8.41330149003359,7.90605932921823,9.24635546109645,9.97672258749446,10.3405314469615,9.34329368242084,6.99708620628424,7.72189289771548,8.46700528174315,8.97675557710561,8.74384889686535,9.83206116820737,"SHH",8.74041304193562
"13","MB_SubtypeStudy_55013",6.96592384120986,8.78112403576045,9.31615528301754,7.05682595206053,8.27151639470124,8.05591898867899,9.52998305450705,8.84921565823298,10.831685270127,9.56413144810198,10.1414634302181,8.82438517711044,4.29550890526661,6.47508457082482,9.40722319795843,7.89181038669815,9.46014346254463,7.50351742425538,8.40223588355115,8.65346846580024,8.41606883399794,6.87943776060153,8.776401095226,7.60939309255306,8.9470161555406,9.8637788448247,10.0011560804857,9.08519460783596,6.99070487463514,7.27279510221267,8.3433034896297,8.77863132274388,8.08446831172742,9.14262481059024,"SHH",8.42553809450677
"14","MB_SubtypeStudy_55014",5.88271538837094,8.34118796572655,9.7564459745636,7.22772968617467,7.8046517345167,8.50652099256157,9.80052794281001,9.48237145208342,9.83341651522205,8.89354770612463,10.6602884693553,9.61431251845032,4.15874110018849,5.63850588262842,10.198448485161,8.51152095289866,10.3290735905574,8.22087546603657,7.6242209737315,9.83665459045538,8.82026580847882,5.88264682726929,8.73489946381511,8.70564247076449,9.27063100636702,10.3935922614761,10.8203959889041,9.94797943993354,7.63558024618657,7.8202037195276,8.94351931360583,8.73136858372388,8.78768664471047,10.6429927636097,"WNT",8.6899753507644
"15","MB_SubtypeStudy_55015",6.46202043593309,8.48860505422767,9.66043897778418,7.39856923987982,8.3100767866756,8.10178240194041,9.76597682189458,8.75298869850771,10.0234956464538,8.98606894362282,10.7829189671906,8.90363468331885,4.00997706088553,6.02788158718636,9.3446168622373,8.52486265463197,9.51616120206228,8.36695106951317,7.87857474574951,9.47046539140724,8.98386073836025,6.35661872839135,4.8561573946101,7.86071402149758,9.39298753626221,9.70856617420087,10.0991476119667,9.3247226683047,7.31976911292754,7.83010815447669,8.44709961191896,8.69476649163234,8.40780179363591,9.75792087351213,"SHH",8.40636200419999
"16","MB_SubtypeStudy_55016",6.08440914842078,8.10448305471477,8.94082721498192,7.23561218692222,8.12540201879632,7.51946687309066,10.1493289998292,9.61864815967204,9.91656030912965,9.11664226172583,10.6564834722023,9.42421308690745,4.7168965153138,6.02804228807396,9.31434933586351,8.33979003401103,10.0285810429735,7.81162119026407,7.46551546541342,9.28551565839538,8.88305874796608,6.37288706138329,8.606735967407,7.64441663072465,9.21478302911562,10.1461215640686,10.4090538073565,9.61451895086607,6.82200482797531,7.68134644957708,8.28587607261613,9.05231594652107,9.26102671487043,10.0697107015326,"WNT",8.52783072907889
"17","MB_SubtypeStudy_55017",6.529622999296,7.87376807864266,9.48253238952375,7.48352840725598,7.8807376084805,8.0722188248802,10.2903644947218,8.7235591509343,10.1106051454644,9.03687880785818,9.49003931617912,9.32446797300365,4.55708638412941,5.83789924884228,9.31688157921767,7.69579455239141,9.35129008792834,8.52119888564823,7.72347752776861,9.17527200852555,9.03767261958459,6.56138542778158,7.87089754795841,8.20028251875646,9.08916978384731,9.11014275190877,9.67904068827411,9.2654531578994,7.55267253874052,7.1294696217104,9.51072999061631,7.62351454234907,8.22352315072216,9.00778728565214,"Group3",8.36291073813216
"18","MB_SubtypeStudy_55018",7.693131050973,8.39026538331871,9.16070359002609,7.1799204882469,8.03927357048314,8.51602926620648,9.61839670512708,8.59532052953239,9.58963956703263,8.72362488511365,10.7571804500828,9.13049349480406,4.71589732281142,5.68777379398618,9.69648013958635,7.98619891025873,9.69611024828352,8.21039592727133,8.00235266244278,9.62976816157138,8.65595417855477,6.06686863756818,8.49733328276154,9.06598004767705,9.26571582249214,9.8485684533289,10.1772947976258,9.39406310505629,7.72494695165092,7.20702265229349,10.6994400877035,8.39190798688627,8.28806723161787,9.90934971162077,"Group3",8.59445497335283
"19","MB_SubtypeStudy_55019",5.93039753410111,8.66264030449666,9.63867463919767,7.79972595233053,8.35027378122036,7.95566275406964,9.959933448692,9.06344287106423,10.0601585619952,9.05062278047936,10.5493801594843,9.02694601595136,4.02729493903668,5.34789531009408,10.1990367280378,7.9873438519583,9.07479498708816,8.6049991667529,8.26177936787472,9.65288765905841,9.18071197944966,6.25719918923757,8.78350270058428,7.66770609191789,9.51321791811695,9.21349651217337,10.8367022571796,9.93419114979348,8.14571880616488,7.66740806485483,8.62721737643872,7.85918746845136,8.50088385960218,10.5807837982599,"Group4",8.58740641132965
"20","MB_SubtypeStudy_55020",6.01008435152258,8.67411975344491,8.65050201644434,7.01025694650541,7.92747695987165,8.37075675108818,9.68918327136372,9.15891201892525,9.57893561294592,8.72822857034587,10.8188849684921,9.17124610639066,4.06482816088314,5.35242725104697,9.9377157001475,7.92942068337676,9.65343735786455,8.21911957597593,8.1523365168984,9.57229657794484,9.21462786596877,6.0580134260108,8.36711144884598,8.02002688789198,9.36051995499673,9.69022419398393,10.6139704534272,9.63030591803102,8.02323494748391,7.43685349110276,9.06297502711374,8.01741663885273,8.8124989067408,10.2940343663097,"Group4",8.50799949053643
"21","MB_SubtypeStudy_55021",6.73395123773118,7.87872813602161,9.18416282971528,7.1614052918729,7.87135409678011,8.0654642659556,9.68931220463786,8.73288808990254,9.70298910370223,8.07024219108899,9.90098555111649,8.76454344727332,4.4627450996924,6.47077771247349,9.6543729820814,7.86589657685845,9.29835282945003,8.3497503451517,7.63175298801332,9.57438536543419,9.02328387782857,6.21418508723235,8.02755961805011,7.60591302240709,9.2004172025393,8.87884851884472,10.1936301467144,9.79280622400102,7.70127888336572,7.33243419696859,8.55984168499548,7.91041740871898,9.08715592656729,9.79284809675922,"Group4",8.36425530117488
"22","MB_SubtypeStudy_55022",7.11463321636788,8.05813694599155,8.90564659847076,7.86849059502705,7.92266804984249,7.90414032335237,9.56287840937607,8.79890885400421,9.3550796637049,9.16004686846775,9.81699347028876,9.33928445119008,4.69450888258005,5.42768057809287,8.77539716647454,7.12390150441275,9.47543242471857,8.4368145134549,7.93591633521716,9.17572413068132,9.13603729451123,6.09725610601573,7.02311005086462,7.98690019560536,8.75303595483227,9.88480909272366,10.1894544427567,9.88407601234061,8.06377297653883,7.19262969157577,10.1571304477291,8.27562202507046,7.87494228891272,9.68213926212703,"Group3",8.38391761245059
"23","MB_SubtypeStudy_55023",5.76976191949848,8.33763591205888,9.2574395715576,7.68594180900877,8.35136734016429,9.00841887178957,9.7349795377873,9.91827588484503,10.0422659122054,8.65918562389332,10.3861469165534,9.36955135520271,4.27273216433364,5.69019979047221,10.1181768996835,8.36111433296474,9.8117743558543,9.08468710887509,8.6937243365621,9.78083894847821,9.28371911242294,6.44739183759635,8.65683260493294,8.66014153381239,8.71743710638926,10.253058462996,10.7906739787892,9.71637605011087,8.12134178046259,7.82960118216507,9.19958931813945,8.09341584207474,8.11632478928544,10.2960094882392,"Group3",8.72106269644721
"24","MB_SubtypeStudy_55024",6.27701790354534,8.38770519157837,9.64878121095247,6.87583560740634,8.09288430814614,8.20422162303324,10.0938930223226,9.15130055610079,10.1554795556295,9.80727242027644,11.4163945838174,9.48029200759248,4.79562831010955,6.54609603404748,9.64175174598131,8.46103513978401,9.65662441960198,8.59802443482274,7.90124344199858,9.52823784586983,8.91451755146709,6.63625651118878,8.94541343334559,8.76416507684961,9.25098584060456,10.0806140227108,10.8536435687594,9.8973318910182,8.03845095038447,7.26439072904957,10.0256520551553,8.91430212333984,7.90065216048059,10.5847990370989,"Group3",8.78796747982557
"25","MB_SubtypeStudy_55025",6.41138610986739,8.81910914429663,9.95611884569313,7.61412328820215,8.00367709861274,8.72381209917003,10.3890995496993,10.2371161803049,10.1131009166905,9.59006811540057,11.1913715568472,9.44690688578485,4.8472283230899,7.10475440121432,10.2276764605584,8.79748325591864,9.96521436399753,9.28063446050196,8.29468332713954,9.61404127404021,10.0686210486669,5.78684987592353,7.69377355476424,8.58666145129348,8.96404157367518,10.2023561533959,10.6762451615652,10.3701374654909,8.55680429354535,7.49368333845215,8.78917819085035,8.12927030112134,8.52972630515061,10.8777720633243,"Group4",8.92213901277204
"26","MB_SubtypeStudy_55026",6.50105331003947,8.5880748128486,9.02244630482081,7.25193427577659,7.61564498160092,8.51016488394147,9.9250227274081,8.76761621243027,10.0083885158053,8.1078216567214,9.58958691965312,8.46497732630746,4.09463173464061,5.56257341925205,9.88991827672161,7.96517918204241,9.46174266840538,8.33632343336928,8.03349539937376,9.57580103260026,9.17626819405965,6.62852261996874,8.35144417261687,8.1359560444523,9.20005739654733,9.55064976481003,10.2918758460448,9.84252990829993,8.14163425863969,6.95532976875294,10.2689371167938,7.75980428757705,8.18342597938332,10.308602553094,"Group4",8.47257161719998
"27","MB_SubtypeStudy_55027",7.60421665936905,8.086920829859,9.47441734435128,7.16848244116035,7.8959918476924,8.09386915862343,10.3791660990957,8.87402665677169,9.9417908521102,8.21868962965402,9.46980400613902,9.03578396665336,4.28981050897377,5.85171984668776,9.86937243525384,7.96245848890186,10.3878352374903,8.40330081328703,7.48907115833955,8.86471846459956,9.67528322628999,5.84877516438624,8.27611578370068,7.75647302168179,9.57016598356263,9.34917821257423,10.7777097428362,9.82022615584688,7.89536398905945,7.38982525660023,8.98147092334442,7.95940584605684,8.5504678957118,10.3255874369203,"Group4",8.51580867892897
"28","MB_SubtypeStudy_55028",5.69746062756996,8.76641362924196,9.49890016232844,7.46740638109955,8.50043477921614,8.35812317867002,9.66229954008843,9.31954959407794,10.2108854325515,9.80599852544993,10.6567652129474,9.35525142480184,3.95228463784786,5.38009994375351,9.90146324790176,8.1594045500845,9.81046572800427,8.63737076851146,8.57671322830815,9.54719195013398,9.0652795752683,6.75268693320866,8.20851780357617,8.16263635691199,9.17375405426913,9.72799724435105,10.0870619948172,9.67085803089916,7.3711321277061,7.65158690778473,9.1627155324715,8.50237853664328,9.49776329042592,10.054845263117,"Group3",8.65746165276585
"29","MB_SubtypeStudy_55029",6.17806001157893,7.92904643197817,9.21486340667376,7.30587002665057,8.36785754644275,8.32116421432209,9.68737695906091,9.65703528220134,9.84955867016387,9.69610713729942,10.0731293819901,9.4906999414687,4.39746321003332,5.95033959206322,9.78130542927599,8.36670958739938,9.82380127490545,8.2728984605039,8.15667507720095,9.57217835017841,9.05286444417651,6.26446667948102,8.31950653741313,8.1501161008152,9.18049972914626,10.2937928108371,10.348685265214,10.1110096626148,7.74571313521812,7.78994428346608,8.89684553808318,8.5014835544032,8.56769378637616,10.241183810937,"Group3",8.63399839204626
"30","MB_SubtypeStudy_55030",6.49830165970652,8.47034468449997,9.2687893704952,6.95196858171153,8.28324689193328,7.67238102818054,9.5205353825697,8.54001373940932,10.5028326908075,9.84777423481278,10.7715314733925,9.10985248717173,5.03363231815664,6.58281195236648,9.62642165380813,8.53270609509167,9.50001250809615,7.61470231655414,7.85697975813898,9.8732718107678,8.40796888309469,6.78163138021288,8.55462285434378,7.74390761532769,9.12135803063641,9.81949416591276,10.1322369040068,9.32615691174158,7.00100068513166,7.71766441420526,8.44622825673185,8.70684903591392,8.73130357214376,9.90952018668333,"SHH",8.54288392746344
"31","MB_SubtypeStudy_55031",7.49217846310945,8.87726474654664,9.80148852312964,7.46625949145683,9.1411123113587,8.39343178963241,9.90868878526859,9.25276096975355,10.3403849272989,9.26249868452688,11.0295309063807,10.3566995605837,4.24185704479564,5.86203703983241,9.3856932613408,8.78400635347073,9.62202358951653,8.69577120089214,8.23742262203181,9.61787121393614,8.83483211553116,6.58766460057892,8.02314424595587,8.15595329910079,9.51307055752061,10.096857649725,10.2111736905689,9.37111629130778,7.37630305732449,7.78092218619808,8.63557822608901,8.23826037270904,8.77739655178153,9.65584320753973,"SHH",8.73609110402333
"32","MB_SubtypeStudy_55032",7.63412474686276,8.20283410970929,9.43845211098871,7.02183512400283,8.54734590802298,8.30053395674112,9.92769228311915,8.67398735991785,9.98260878000501,8.67266198821434,10.3878797778716,9.65108266595542,4.02646798634391,5.77422158533979,9.71938545933192,7.79869361590914,9.91877645431425,7.89197080770494,7.11787622492652,9.37662132321432,8.96336551892081,6.22612903472488,5.36600090167039,7.63930411003206,9.09710121556576,9.87984806186352,10.4284087716525,9.47551523318465,7.35220239603047,7.91201080398853,8.30123664226707,8.37836837166327,7.80913756734342,9.99647082130359,"SHH",8.37912210937373
"33","MB_SubtypeStudy_55033",6.81954874380978,8.21188734274525,9.44003897348836,7.20642028898733,8.42953396911534,8.20004642568107,10.0512814380546,9.12542093348731,10.1412892789904,8.58242787395667,10.7519014013585,9.41455739342182,4.89536541649251,6.18165731544634,9.5064665310799,8.3220579952757,9.92474058015178,8.10849789895481,7.84567689690264,9.65121116542707,8.78674591607268,6.03306118189404,6.68991511234855,7.89484531711321,9.46484196085484,10.2253013113361,10.057422151302,9.28859539061201,7.1723724605862,7.50943693468039,8.52646666711163,8.1956098148655,8.6966688933182,9.76394598026097,"SHH",8.50338991044657
"34","MB_SubtypeStudy_55034",6.63637134794212,8.37633310497076,9.20717382434789,7.02272455083074,7.55536577718089,7.80073130980553,9.90866783240762,8.32995917409207,9.79878268262473,9.15839124003912,10.1615149864125,9.6667981490316,3.93467965457561,5.27885770600434,9.33798516520518,7.95051444686985,9.44855044701483,7.43034122139162,7.19548893477562,8.77501043287031,8.72029845887124,6.20614710428349,5.5538529762915,7.66777876796069,9.05643241074443,9.9306653999654,10.25498414798,9.03886523678246,7.091530837325,7.56209179496342,7.98884036356649,8.50795581557031,8.22244021036429,9.3605415557777,"SHH",8.18049020790704
"35","MB_SubtypeStudy_55035",7.8526995060539,8.33959699866245,9.16992244028767,7.18769608224079,7.84742354263333,8.08582268763849,9.99064436505756,9.15499230397588,9.88148333868395,8.64943423469586,9.36725012652981,9.2170021989817,4.14241482963561,5.62053686652825,9.73717835748332,8.28169455460163,10.0850923052192,8.17668171853512,7.70705602873623,9.27649294729957,9.36137028970645,6.19404490461797,8.88627689493271,8.19081943372962,9.07851409958072,9.67122066914112,10.6976436257912,10.0073817969153,7.73966950054385,7.7902608642053,8.69961693487397,8.49423806444591,8.43818988960507,10.4941814806543,"Group4",8.57395717300658
"36","MB_SubtypeStudy_55036",6.11540374339164,8.35123226494771,9.50072341866717,7.28291486617086,8.23052054361489,7.98413147679444,10.3742016364214,9.76110707644061,10.4176138915592,9.96902164273869,9.45082114516141,9.62046652383805,5.32772981257717,6.32418335112956,9.64185015888263,8.24472766281127,10.077659553633,8.33401225036787,8.10163389745109,9.11385478824788,9.33914203401756,6.74324628836298,7.73726862367887,8.47924482283739,9.64397536085315,10.4086909101139,11.09683452174,9.53006204400929,7.55626575090741,7.51272095555207,9.00383564909608,9.02783649607101,8.62471822814411,9.94217061022477,"Group4",8.73146535295456
"37","MB_SubtypeStudy_55037",6.8916754843206,9.04805656410689,9.98349424249997,7.86435294063729,8.60348375319962,8.35747330493348,9.86838857619953,9.43492712140084,10.1593691211313,9.50838422717135,10.822540302841,8.97743477249163,5.968322921746,8.71683503226833,9.51746155289696,8.72068765822359,9.99275968586829,8.06853490260776,8.17755221464333,9.54168455842729,8.75866302087413,6.08929335173038,5.73924844906505,8.16363539633271,9.32558589370427,10.1711846916502,10.4619825429498,9.64848730254354,7.48604686681505,7.7923444286153,8.37948600163283,8.97859415204907,8.52013321980187,10.0301054478521,"SHH",8.75788852068328
"38","MB_SubtypeStudy_55038",6.06830789880726,8.58825420449824,9.47206637533295,7.23563807890023,8.0108682288686,8.60225502871651,10.0256662480839,9.46280022025725,10.1279677547164,8.22172245947146,9.63008015295913,9.20884661593794,4.00365259019649,5.43030061991606,9.76088095819295,8.37017851034091,9.83625419661471,8.65802554955876,8.09393654494825,9.56783978882709,9.40509812588577,6.38306022977735,8.68303654733509,8.58278793873357,9.27331191550917,9.9616003594262,10.5635135141602,9.88938471242882,8.02177870313951,7.47383790677528,9.80522728922854,8.75011275393314,8.53269724231895,10.5000072381491,"Group4",8.65297048535135
"39","MB_SubtypeStudy_55039",7.62523569947979,8.58629065502641,9.02175495762529,6.97669499237395,7.85547011599673,7.98414737037617,10.1417309556552,8.458850753863,9.97253657775059,8.17719950795848,10.2136527644508,8.78095138805736,4.41497306076663,5.36174001383174,9.80879831356787,7.90674495458029,9.83502261328869,7.53075695975086,7.78374391430986,9.46991098405539,8.81188385481643,6.36134776296348,8.62184426942862,8.33154525639567,9.15500257036619,9.50593463414149,10.8844852437726,9.17166879827718,7.83995058601726,7.23723083132928,9.56677231051372,7.76036993973864,8.2900342888494,10.052834050909,"Group4",8.45579738089071
"40","MB_SubtypeStudy_55040",7.61034023576432,8.38868527794591,9.75382080375909,7.41688469099968,8.19016902873408,8.35398906606704,10.0840526525412,8.93973903986982,10.3736430503402,9.20531178137436,10.7241580520651,9.70316195236784,4.15837074409345,5.7294228290066,9.77450477668373,8.35527122106957,9.78184650865855,7.9607567903978,8.03106816898456,9.55169117959559,8.76965857191528,6.98619402977989,8.72055460261941,8.80466442299055,8.47925569601166,10.2746870865406,10.5558636601023,9.63695642060832,7.6018779084988,7.55159498838208,9.88723644561833,8.95960826408188,8.04923181414411,10.2122192153932,"Group3",8.72283796991191
"41","MB_SubtypeStudy_55041",6.28628386175939,8.57700663452592,9.72485997286331,7.12427181404674,7.60497346313931,8.46559658939927,10.1287936350074,9.30755144324995,9.82276000538595,9.12236676228563,10.1816084322513,9.30096656246699,3.83699684995319,5.88228707463258,9.80812367467028,8.43079868228021,10.0945905539696,8.84545165339515,7.91575503216057,10.1094891976958,9.76752864580928,6.56063587729927,8.55733716638876,8.65985232078247,8.84994015032764,10.2383619317943,10.8839970974395,10.0400050758946,8.06506882826781,7.83431192507048,9.13517560793893,8.15736015910427,8.71793739986279,10.6474597189028,"Group4",8.72604422941239
"42","MB_SubtypeStudy_55042",6.54559118605056,8.30062123243418,8.72135960255339,6.96084633294356,7.69169450563003,7.62538369062411,10.1427547148338,9.10033012252049,9.7205517803415,7.56322785247943,8.72943379421929,8.81578561282553,4.86661956145287,6.03612009972279,9.81020706533564,7.82813426910239,9.50598632033486,8.41589186860447,7.52484557201717,9.4397181782935,8.9344124499768,6.0623019198981,8.6780776013098,7.69405612189435,9.34490118210317,9.79097069796089,10.7399586135819,9.67435921322412,7.80203289887147,7.23073349004048,8.85198432540369,8.03478833911873,8.72579589669529,10.0967338543763,"Group4",8.38253558725808
"43","MB_SubtypeStudy_55043",6.8714080504148,7.86974440875928,8.45309028553902,7.17999408112002,7.77703738892601,7.11941630073024,10.0946309116384,9.10933273997808,9.74083997344248,8.24232024144464,9.72283483920582,9.15772811271734,4.27023361852485,5.56889393243015,9.43958227302319,8.04475025054139,9.98697381070615,8.00632660053053,7.41247675133268,9.37604414447021,9.12550846821612,5.91451414798725,7.63735823992298,7.72321743322772,9.41851465364439,9.74274346932945,10.8893757921608,9.30147135538603,6.75751789974987,7.54503330608671,8.10391861914853,8.74992590450021,9.03308135850829,9.75290255212832,"WNT",8.32761005633741
"44","MB_SubtypeStudy_55044",6.21868063278168,8.6516685629346,9.58956828920143,7.71598415224497,8.25195371495357,8.33351681465165,10.3434383953975,9.5407960667831,9.92401119810706,9.86402232326724,10.3782534393699,9.74008402499657,4.08057003557853,5.86041837971069,9.62088218698856,8.39852524026739,10.2338851783891,8.37097146545882,8.04659300241122,9.11282827188904,9.21047494322619,6.7329202303058,4.74235403211125,8.71372241732525,9.20956292126164,10.6336028263223,10.3453811374069,9.92071972084526,7.88814385517288,7.45689893279507,8.25130110987614,9.18379202625389,8.44738796591254,10.2623456305652,"Group3",8.6257429154342
"45","MB_SubtypeStudy_55045",6.19669052316226,8.63611017622159,9.47518398671857,7.45424685019953,7.88486992600089,8.5042012508452,9.98370181059038,9.68073198038945,9.83390966913185,8.94323864060557,10.3346173911986,9.12438308795742,3.826077564957,5.48938693764832,9.62308714378533,7.54001264183912,9.98789716104143,8.77743993181072,8.39308088465269,9.75541526777885,9.83620599414354,6.1876784843266,8.59801113476291,8.31034681724125,8.79892457527431,9.85952377419793,10.6931065685923,10.2920592752655,8.50775673526042,7.40256558889605,9.30624955768095,7.87338497938021,8.78627057592693,10.7963411992299,"Group4",8.66743259078569
"46","MB_SubtypeStudy_55046",6.13411991363837,8.15457308436796,8.90264592794661,7.09665789749717,7.44535941421058,8.17933712538535,9.8665837936753,9.37673309342287,9.55840594878732,8.01179988341704,9.99816198164104,8.9652040308587,4.10664060467034,5.51442805777052,9.78270253316376,7.40343317690611,10.0474998383103,8.48298307584595,7.89554537811731,9.2189435172166,9.63760037406522,6.21985677178902,8.63227619161945,8.04462897420646,8.98158793536266,9.6928949278029,10.8481718383123,9.96907019870754,8.27998715016492,6.46530238638788,8.69055960909861,8.75106486330792,8.55016789128018,10.666200062898,"Group4",8.45797433681918
"47","MB_SubtypeStudy_55047",7.49671301085715,8.39788475652697,9.55516200530547,7.02887076918325,8.30026617774539,8.30446248152813,10.3979797804378,9.30330859309076,10.4895459001116,9.27593631692248,9.4193610889072,9.05021403731593,3.73835103665914,5.21062024729791,9.35607333305498,8.26395619026004,9.87726499012773,8.62339555828304,7.89156457069492,9.52687626627431,9.69811121090583,6.21637230134858,8.2643038632404,7.71483531375951,9.57981578382437,9.89753460349299,10.061633203156,9.9501086553649,8.0375646213002,7.58614566896204,10.1988901083148,7.86143174512842,8.21187130329358,10.2296418818039,"Group4",8.61811962866117
"48","MB_SubtypeStudy_55048",7.29126352114773,8.982279632817,9.66105112774968,6.99981348236525,7.93070112797435,7.84787340598248,10.3620537194213,9.34087487376055,9.58951969489294,8.54986632118187,9.30484525939681,9.07755761818188,4.81173255658215,5.96092173776879,9.63277703992314,8.09476011840281,10.2046192496978,8.70242617149383,7.61297198951054,9.75230484670632,9.66597646929102,5.88675659319722,8.2080598257922,8.15395506587209,9.61765172464539,9.93403920081764,10.4607945003576,9.76506959585776,8.59023758784567,7.41476093377083,9.49059184633372,7.60270166282029,8.12358933279526,10.6866330358116,"Group4",8.6267950255931
"49","MB_SubtypeStudy_55049",7.06465219139817,8.69432306157397,9.74335376531955,7.28869359619344,8.30753250570802,8.08819213704281,10.128477226214,9.04851584853582,9.89989881040106,9.44508226429047,10.5807428700245,9.69219273095339,3.83911984726066,5.75373267041287,9.36938360947358,8.5052103129628,10.3992783335427,8.05719101123753,7.80581138681137,9.32263307818597,8.885058012967,6.21206676489847,5.22665124077568,8.06208825611247,9.26122613499661,10.3931653106599,10.1421898980405,9.49617040965588,7.0454640829726,7.79729242372008,8.49981341218722,8.6001388471707,8.15418762112078,9.97418918137112,"SHH",8.49363878982917
"50","MB_SubtypeStudy_55050",8.40495419953162,8.53168534389748,9.60566010537306,7.22050332657271,8.05495086569536,8.45566682289575,10.3635062804544,9.44222049332321,9.95343994888752,8.84268416996785,9.66120959579119,9.17105199841448,4.67053427973946,5.74081883414019,9.63947395079393,8.21453328646794,9.8637944331458,8.55637341200052,7.91436433986202,9.56658924121299,9.36090185353563,6.2499328050261,8.16610444813918,8.21048329951911,8.73188248548159,9.72184635570965,10.6122473763768,10.0252541848966,8.07975944554268,7.533712604459,8.54457637608944,8.16482695263484,8.57262099697119,10.4875127526596,"Group4",8.65693167250614
"51","MB_SubtypeStudy_55051",6.27279116358028,7.74777146374635,8.12913143448296,6.77858258485279,7.56651496797545,7.91923617558099,10.0533914457516,8.74315064351834,10.0852125256514,7.56679113770642,8.2058989671967,8.56760374070634,4.87782270269017,5.69861226924227,9.97932676272179,6.92150672320613,9.77973742711703,8.25857324120603,7.24142489335547,9.40802454218468,9.35661830109513,6.12612492024507,8.15692926878195,7.21487137738485,9.30670878943884,9.43323464070331,10.6881030802096,9.9932665239569,7.19031505369577,6.54448237177859,9.26487396967077,7.87090286551858,9.32814643226449,9.93814020696851,"Group4",8.24158301806428
"52","MB_SubtypeStudy_55052",6.50948829036348,8.3817137533234,9.52420265613898,7.17849104423762,7.9135058041143,7.72984352841731,10.0938115776521,9.00199998170689,9.77130122339766,8.79160741477338,10.0408839965484,9.37257450160093,4.37208379524041,5.87581940480279,9.48610650253289,8.22221797973131,10.2026715733847,7.91974339156949,7.80349291999523,9.46156064518572,8.70842697623313,6.28623146418521,8.48067816785359,7.82363906579902,9.06598416406963,10.0592881398342,10.3943010847095,9.42066388116143,7.12414537413943,7.59610643576678,8.58846161189159,8.14747054319108,8.66859875583424,10.2849106299416,"WNT",8.47947136115669
"53","MB_SubtypeStudy_55053",5.87666645270933,8.31303250374509,9.71843644058012,7.20905994047742,8.59957091757425,8.2014148666656,10.2994405218795,9.45851308762262,9.82955744221764,9.73676596137712,10.6936526177712,9.39384405900634,4.47086641014804,5.96734168401125,10.5847412897386,8.63039498999157,10.647476644033,8.27360834855173,7.86795095336955,9.96677397312081,8.93743023980289,6.74140163399619,8.68696953043397,8.83045704937689,9.14625730459685,10.4631906565875,11.1879139728611,9.42533434827451,7.71945426291692,7.46221231034241,9.16375246660482,9.13277336852902,8.68251023507765,10.3277819599353,"Group3",8.81313377776255
"54","MB_SubtypeStudy_55054",7.51805677884201,8.24752501652111,8.9157179735421,6.95743999918201,7.97831590908972,7.10327647965007,10.3738545604153,9.25306173681804,9.23990905955653,8.91688555833486,10.2203838622086,8.9199241376258,4.39442384449108,5.29669901185028,9.88308915336829,8.20893101973075,10.6067313374066,7.75216150297286,7.31524393418726,9.58936373755539,8.84458684320905,5.77940500683212,8.6980572893992,8.00177958066292,9.39057416921956,10.1121344953368,11.0982205350635,9.6349539885644,6.96792621799549,7.24176506567804,8.20575151631641,9.30017439320326,8.74664032940756,10.4460744146594,"WNT",8.50467760173225
"55","MB_SubtypeStudy_55055",5.93664164493022,8.36911535066432,9.31602237810258,6.95972427720642,7.90337003621637,8.31407291208624,9.88730499638812,9.30843237540746,9.91315357059436,9.79074575958981,10.4886183023632,9.13316557399958,4.09070669641885,5.7588327086844,10.683217469274,7.63671662375958,10.6313506400233,8.15901266282734,8.16602761761304,9.39233809528484,9.05166571333596,6.32639815758669,8.39350897395325,8.37319845773686,8.70285044046398,10.2021109008575,10.5695421302435,9.69827593789485,7.50630943968792,6.97514819792161,8.67800699552698,8.69769722761155,9.13400808634905,10.6233292359712,"Group3",8.61090057607573
"56","MB_SubtypeStudy_55056",5.84729592746568,8.13275735588095,9.44095089089645,7.7177685878102,8.46216964259836,8.32443902052864,10.1126740740101,9.62914082789371,10.2362706997718,9.09799962512365,9.95747277623509,9.64119737657463,4.1359197785582,5.82097201111234,10.0814290280646,8.21136272118681,10.1349256599684,8.26840039620592,7.86194611375326,9.65132320194824,9.55583080852153,6.15159711890869,8.29853780874207,8.27312949000812,9.51933279220614,10.3835120481145,10.4074933648139,9.83799027854384,7.58635375975994,7.67030253067859,8.89854747777572,8.43815694472707,8.25285799890537,10.3911845860316,"Group3",8.65974243303894
"57","MB_SubtypeStudy_55057",6.03806043825233,8.16215071766847,9.16803259268172,7.71134828363755,8.33903954587339,8.54264422168853,10.0983454952543,9.47775267356859,10.1595263913911,9.69602336690554,10.479050998986,9.75335309083565,4.80367451585367,6.39686860638711,9.63829808280488,8.06998337320828,9.79672520885422,7.71632314233293,7.85758995826201,9.28317632580245,8.98655539325473,6.44062195686354,8.50139323334651,8.2143434776009,9.20244547332606,10.1706040154361,10.4136091148378,9.59402638830157,7.23789402405463,7.6282008200844,8.9487339591714,8.32370517368711,8.80971171798316,9.74500046910694,"Group3",8.62955330139128
"58","MB_SubtypeStudy_55058",7.82987184158436,8.25334618224757,9.03284134399031,7.008427976038,8.14831729497483,8.62785077000418,9.90140603830982,9.06575603774341,9.81793822732289,8.45893065628931,9.40603374336814,8.87126309982552,4.12698279780527,5.55874177319636,9.41841629459562,8.15252953781111,9.56663210508044,8.51927688813255,8.08702557890999,9.4531897529981,9.47923052905251,5.97333504541481,8.60815548408962,8.13712656652472,9.30650231572574,9.37341604296147,10.4802015041252,9.88001108992442,7.80258836208735,7.24245000111527,8.84086901628494,7.99390231439393,8.3237103736355,10.1755543577447,"Group4",8.49770091009729
"59","MB_SubtypeStudy_55059",6.72129042814381,8.66855820556818,9.19943596545209,7.58301562912711,7.78594119008955,8.17099853588688,9.69674404206718,9.37149679444076,9.83543657113202,8.33784946419322,9.26601266546934,9.01010174433224,4.14126681816283,5.18913523670322,9.78036935454411,8.11683728331578,9.84097362518643,8.45073995613637,8.05084501621956,9.64855621185638,9.15180680446025,6.6004912463746,8.60502044949262,8.05819400935775,9.44525750690279,9.89884404197889,10.5492183030002,9.74632394013034,7.85459432463789,7.49582335212925,9.75145636569048,7.76119155398392,9.01546273167624,10.0031831386144,"Group4",8.55301389724873
"60","MB_SubtypeStudy_55060",7.80664908515788,8.20142002023381,9.26192469588675,7.14662173488252,8.25655577016939,8.33370554730472,9.6885942583596,8.79039732503612,10.2991906659869,9.03924451093074,9.69722542909952,9.35571907851758,4.38790356540067,5.66314365713225,9.43841255789386,8.2484322655563,9.7590365392399,8.19463085599205,7.94521844106556,9.80540308622602,8.72954265215262,6.28372272391845,6.63903170249575,8.02109832915533,9.34169039695555,9.91843245306508,10.0618864614843,9.34385741182255,7.38118461638731,7.40238034512154,8.32824917980674,7.91308864639645,8.04798022603072,9.93983807814663,"SHH",8.43151212685327
"61","MB_SubtypeStudy_55061",7.57901959178597,8.85799466355778,9.83210592263304,7.71958606306234,8.24072246343221,8.21539309987842,10.033193013037,9.15262979554055,10.2283280744844,9.19598189643267,10.2975883393968,9.16317383170145,3.74377280248842,5.32618414149003,9.4247771944994,8.25295423130198,9.79209719730747,7.89678430401791,8.12677309752983,9.22163477071006,8.8513724200504,6.31957592605778,8.06054779840947,7.90419671316323,9.17906413485879,10.0528689672069,10.5745119755089,9.20340054273736,7.23230357646091,7.77742176889137,8.20105940037093,8.64961511882161,8.2117926555581,9.64695045959418,"SHH",8.53427576329346
"62","MB_SubtypeStudy_55062",6.91574355028033,8.01003701704913,9.05316512442827,7.46580120543096,8.52112515398609,8.38859252929144,9.90106402674546,9.11045200537027,9.85414304979928,8.38914644244892,9.38174670788116,8.95891232233237,3.85006854259276,5.77747297423456,10.0060222228353,7.72429686797647,9.60369351449555,8.93840574431811,7.93460281059778,9.66861786414969,9.59007146643582,6.88285695145518,8.14350199498248,8.15238294235651,9.5309997266179,9.55788712156022,10.1372769310457,9.87551852606376,7.89346422888955,7.22469846559497,8.76283930890937,7.8814911630111,8.83563080793706,10.3259540350654,"Group4",8.53669656900497
"63","MB_SubtypeStudy_55063",8.37947335643159,8.67267602193098,9.22922234281488,7.29522737684235,8.22274431037636,8.29182907293102,9.55119074104143,9.00290194280229,10.351498490415,9.14523438296704,9.95951543512773,8.81132203670943,3.83305366160815,5.47359120457775,9.21260990261027,8.06179280989464,9.82286659200578,7.77350448058039,7.90624977887891,9.28937567042944,8.76654807636919,6.08155821035909,8.18794863023683,7.84474673748678,8.40296565316665,10.3105003957758,10.0926103583782,9.37513546598342,7.22404279602455,7.58256112930994,8.31646765721762,8.65281058687187,8.70875290275366,9.67913459390901,"SHH",8.4562253766123
"64","MB_SubtypeStudy_55064",5.6375196092442,8.79078007647119,9.73347723329047,7.61958582775763,8.17529212491602,8.45394306747417,10.0229064008705,9.48711013783958,10.1390432799437,9.71756557512237,10.8396278852117,9.70259128811832,5.06464000772997,6.29003841815783,10.349463613657,8.24251112274452,9.87678683359381,8.09460252941579,8.71076207003147,9.78459643571391,8.95917763439269,6.47048029834911,8.42559436258362,9.47116715512263,9.19854363626363,10.2896111777664,10.0646333356167,9.7417811577964,7.73160892414044,7.60733967214358,9.34105035282392,8.28280127746192,9.07763859056771,10.1994540149967,"Group3",8.81158015080381
"65","MB_SubtypeStudy_55065",8.31431222273066,8.64399518707097,9.62930236574882,7.63296091285832,8.27810473877846,8.54809972343982,9.71714461692594,9.02434834600232,10.2248800222846,9.36496881904821,10.3916933156063,9.01513361340641,5.47075427119624,7.78891131078183,9.41105395278474,8.20661790364947,10.0273692358613,8.38541977741487,7.96760818085668,9.11748784730881,8.73673896888885,5.84390719895228,8.50561433738779,8.19945313179297,9.0055518297371,9.93815391905333,10.4259760178492,9.4152343041842,7.06265192942466,7.71801293813073,8.15156427932429,8.90735006623001,8.42706791558557,9.73930429749734,"SHH",8.68343374993509
"66","MB_SubtypeStudy_55066",7.18664706294783,8.50730495817771,9.91484323068747,7.33345156348739,8.35643092951498,8.39922794894249,10.3788192604546,9.59873594585215,10.3335652262692,9.08423272101119,10.1033289059951,9.3241195060948,4.77988281778876,6.30328916009846,9.58710315769585,8.55680469388051,9.99730384613733,8.27909257510665,7.70326491229027,9.88584972023603,8.9470958553336,6.40703280034875,8.61029766806955,8.60107402556359,9.55646704358731,10.127823968659,10.2390953520835,9.48242432497416,7.1721886680121,8.13118395787014,9.00769352325785,8.30965772869902,8.35145377487342,10.0325120813925,"SHH",8.72321467398215
"67","MB_SubtypeStudy_55067",5.88775814021586,8.74141634249835,9.73871849859211,7.7190826854499,8.55279836011394,8.52707722467777,10.0036240231958,9.36020657998814,10.0501060018369,9.84936065093791,10.7583362228552,9.87030183702425,4.34254191657163,5.73511783814605,10.0375209180523,8.70408606704977,9.79741639582272,8.55885713272732,8.20081876985704,9.85813266170739,8.58387389778239,6.48072520322532,8.25151749916747,9.18557691316876,8.86339584163361,10.2604608707492,10.2308537296422,9.87159836389526,8.29140360111281,7.74077935096143,10.0673023120666,8.55104757331652,8.55034111065656,10.1589961558891,"Group3",8.80532796148787
"68","MB_SubtypeStudy_55068",6.91421043418358,8.28911243610988,9.64525610816613,7.77828175297262,8.51721233583511,8.07346787115926,10.2196225164911,9.25878712716645,10.3907263354633,9.06043870310273,10.7682266700613,9.61484750744351,4.70580547699659,6.38438993951512,9.72504815196502,8.32635941952891,9.89125774255029,8.44394811184615,8.02131764440464,9.72393009913915,8.79215803595239,6.80533964798598,8.91358503181771,8.99385316342946,8.68784470718339,10.3198489304194,10.4182828804933,9.39911401969076,7.36520210944753,7.6682212035358,9.48324442163234,8.41431438014459,8.51090078564484,9.90834895778723,"Group3",8.74801484291958
"69","MB_SubtypeStudy_55069",6.98484193641259,8.04987090776505,9.461415364306,7.4723653169012,8.16396380391222,8.64108905818059,10.0483715494467,9.00354039528722,9.92912475993888,8.20351108598352,10.1110762285003,9.54562538144327,4.07641253214021,5.81178286372506,10.0609601578032,8.16496849828243,9.52108902003446,8.7068075705136,7.84392045789262,9.64208411438299,9.46040729711417,5.55528514324928,8.7981591464111,7.97256163516869,9.42397715405091,9.46088669948743,10.2739349179314,9.85613877340416,8.10107734323673,7.11830785820787,8.6905901761033,7.43025016134541,7.61006751693048,10.2759339480888,"Group4",8.51383525804652
"70","MB_SubtypeStudy_55070",7.47965954322621,7.9120751405296,8.76756343953072,6.90041314550347,7.62995037032826,7.98806162923505,10.1647717028396,8.28812973918189,9.74356134401495,8.49597546984155,9.58782231885739,8.78668972283844,4.07501652671231,5.49639110873198,9.64172431663727,7.80306238614514,9.86866675303629,7.67768642437367,7.49630807464992,9.5813108435021,8.80483806815623,6.1788897660684,8.42075349884007,8.17304654688208,8.93567093927568,9.73954775835541,10.7241304360556,9.39267401751366,7.24738688784561,7.41061051814466,10.339088503373,7.93792225014718,8.4531172917035,9.89849842892575,"Group4",8.38355926208831
"71","MB_SubtypeStudy_55071",6.27299502764101,8.00155660082149,9.17293226561952,7.67951943072603,8.25547705642744,8.50035144520528,9.98287630034102,8.83419294360889,10.1828006915311,8.23231871054204,9.98273196209528,9.5936341089926,3.82550236073101,5.56885010395904,9.69320500396515,8.30532309311325,9.38615384585246,8.69543662646003,8.06727086867707,9.73649677290557,9.00649357059341,6.27193588895399,8.20082983241251,8.39254278241619,9.27822955370975,9.89428899479135,9.98229563194403,9.70226803656572,8.13568081039419,7.38790591525862,9.63959575101116,7.01805683990777,8.51617924872168,9.49657991305297,"Group4",8.49683847026319
"72","MB_SubtypeStudy_55072",6.98092903447772,8.7027490592693,9.61524947753107,7.45674598802612,8.13888327438994,8.11579536099539,9.9274965272535,9.06673417303688,9.67537328491917,9.34555191288188,10.6570399088663,9.43765708484927,3.92215068247322,5.5505078726178,9.77477634090348,8.39633854055266,9.86230442258871,8.3941870802911,8.16430914298276,9.80045520517971,8.81946117132961,6.0184579839313,8.65949991300733,8.74435712089512,9.33134150854639,10.1068315138441,10.4312981278602,9.76624111171828,7.74109165243842,7.53322996461151,9.22320791802962,8.76257710603812,8.79062790084892,10.6130255049097,"WNT",8.69195537859102
"73","MB_SubtypeStudy_55073",6.83825533608784,8.61301174669489,9.12846716623784,7.6296520159483,7.81300690348452,8.25673753743341,9.69978611672973,9.29109749758419,9.82548628408709,8.51406871438181,10.2042199649274,9.05046224289758,4.0660357960156,5.74163094355312,9.9550421282279,8.00104338314494,9.5288899614601,8.87828277714006,7.94959105694928,9.85510822865024,9.57009744812364,6.27994193195074,8.26536695424097,8.08119100898413,9.21199036748382,9.66984969575446,10.6927988116724,10.1851107790373,8.4847422675567,7.31858434439305,9.18420163488953,7.54779678633517,8.69041707462194,10.5918426483265,"Group4",8.60628845750018
"74","MB_SubtypeStudy_55074",7.68568991844017,8.53911983339564,9.26361754668344,7.38749983818031,8.05347528725903,8.47180279940286,9.94651507755174,9.19518877857937,10.0664575374934,8.56910244989761,9.8227629161843,9.24920266225261,4.20510436426136,5.52958418088371,9.74627521802452,8.08177996168743,9.51176958709798,8.5572677182871,8.27646719533459,9.70480200000704,9.22210380486775,6.39620057295236,8.44976608610406,8.57897392198219,9.41542602488461,9.79200757075121,10.7600777667502,9.81554736652069,8.15512144003632,7.78089306336234,8.98889642741095,8.18561275471891,8.05658190305333,10.3989532095833,"Group4",8.64293078776125
"75","MB_SubtypeStudy_55075",6.81598789027284,8.53361833789222,9.40726424056431,7.63153148676966,8.12845645521256,8.52468312366701,9.91159267537298,9.55794953135238,10.6781490219031,9.15945268465774,10.0578260078972,9.57319061229076,4.65635552221436,5.76765039307433,9.88009459570622,8.56180591255539,10.1272571701328,8.14797834259532,8.13300559956605,9.41115315934635,8.92238224053534,6.9550339983488,8.41626991219358,8.28018115866163,9.29748484496684,10.2563610783472,9.94864269478073,9.72595459038137,7.5802704019196,7.4038345621127,10.1306722827076,8.68461864795556,7.96270486082999,9.95461814193807,"Group3",8.71129506408008
"76","MB_SubtypeStudy_55076",6.08814107163436,8.53010601448253,9.37530627953238,7.83740578933198,8.03516775325715,8.47669278094318,10.0108845709325,10.0221104989828,10.2397495480897,9.03023628663717,10.1494678692648,9.7740907067002,4.41403685914179,6.02778218665086,9.43682092322564,8.39059209634268,9.7147049085307,9.13176095336578,7.94345821283762,9.51746782945077,9.75535427450193,6.59675662488267,8.24376550742643,8.27642411770121,9.43182032011493,10.3121182296086,10.1519521292547,10.0241202013879,8.07002368320005,6.907680618877,9.06579948093732,8.69064847678076,8.83448383419903,10.6260754179604,"Group3",8.73920606047552
"77","MB_SubtypeStudy_55077",7.04386076906278,8.54106830769614,9.82948333593849,7.35727992106599,8.46772925671312,8.36179107261094,10.3465884765898,8.96628958481445,10.5527751828674,9.42913732812123,10.6494667492184,9.08573067383065,4.04837348600287,5.54804061914784,9.83676853424814,8.17993106221673,10.1163009004038,7.90617061268771,7.65175768075605,9.64682497885751,8.99279309564614,6.65263182911532,3.76181173373122,7.97551615822898,9.51236979756495,9.98834411411161,10.4457116549824,9.76131432775662,7.7333425877065,7.40918757402536,8.63373597009808,8.03260704404495,7.46016450449205,10.1677221823608,"SHH",8.47331238549162
"78","MB_SubtypeStudy_55078",6.84482185901612,7.86760923798572,9.14255929836703,6.84213375754896,7.89626801126228,7.88057385618355,9.39356757447231,8.12498687285854,9.05036798600774,9.51703395806273,10.3893503080908,8.98501968725548,4.04811267996628,5.85692702287292,9.48551338001941,7.3857037178723,9.42571395744484,7.7547414654827,7.02967419349869,9.34370794933507,8.91701098463641,5.63460433253723,8.12788250233257,7.59825512791021,8.80722454761256,9.39384716412687,10.1724530420238,9.31908386254088,7.62731887755466,6.93301064865292,8.20235871519524,8.91373403344081,8.06448955745355,9.87281014700928,"SHH",8.23083736225384
"79","MB_SubtypeStudy_55079",8.0592765566323,8.46018845748128,9.34356761837192,6.91479611612488,7.28238537217266,8.40908628855234,10.4291799916946,9.18820862138273,9.77069467852825,7.92828256139071,8.97695811207873,8.8640743835448,4.3088655723228,4.74401139335387,9.71447356416829,8.05454930892369,10.3458624605428,8.14859958893361,7.75424466194115,9.23254843104704,9.24894686080905,6.19295987128758,8.44698464095966,8.1375914629012,9.03741902645757,10.0684929202355,11.225840399329,9.78190896783687,7.87925931873676,7.35275399135101,8.80252598228699,8.50957129498624,7.91321005324444,10.4844358263906,"Group4",8.50034571635297
"80","MB_SubtypeStudy_55080",7.8683852155441,9.09028893298069,10.2096532554468,7.79893787944452,8.52035113288511,8.39638172306968,10.1766558972835,9.31540368027195,10.03038357507,8.92544139255963,11.2452035219645,9.89057500787008,4.16115360033929,5.2915643189095,9.58071282909959,8.70836337213333,9.95954412482742,8.40146658220172,8.49652229406531,9.74979499656832,8.9056976906811,5.67681974710975,8.88812106904228,8.63130892414635,9.41104600231593,10.2442560770116,10.5132794259672,9.16169495351888,7.74894486481184,7.73110769616423,8.86174633062493,9.06275587646108,8.59819526328286,9.94304261625582,"SHH",8.79984705499791
"81","MB_SubtypeStudy_55081",6.9654674167892,8.20605115975799,9.28884072497572,6.88868565432588,7.98082297229914,8.32526758113774,10.3150622395434,8.70143000809202,9.71215230367395,8.23852338656651,9.8652070718632,9.37593669725073,4.06775194928133,5.87367111738705,10.1195625950561,8.02064771162774,9.92173298941297,7.92069002772853,7.27990186172263,9.60190133437356,8.68955442336684,6.44916608843189,8.60935062372071,8.37290169095199,9.55022732908015,9.8048018292496,10.72720816414,9.66532397045213,7.62634890213015,6.91531331054701,8.20962958020858,7.91041372587893,7.51684417448757,9.84603359479364,"Group4",8.42830659442072
"82","MB_SubtypeStudy_55082",7.54752265886551,8.4118901237571,9.41691503574095,7.38520297766571,7.86345520262495,8.02087206635591,9.80637389463818,8.47491619407069,10.1314666831626,8.69950032765279,10.1601961789076,9.53001835287169,4.03353836528326,5.53325234972545,9.1337128067917,8.07102163431575,9.40941645803338,7.72737635043258,7.59911878246412,9.06552089024027,8.83711826893852,5.9506124360768,8.10958298024181,7.80771632074725,9.24185702441413,9.70399765732308,10.3333439005669,9.23346817215764,7.24383445068343,7.28809151585295,8.24166979654543,8.58745528723369,8.41973927542202,9.75797797469004,"SHH",8.37581624689688
"83","MB_SubtypeStudy_55083",7.30370868202732,8.2082937627131,10.3048182624162,7.30765153343061,9.06856312657188,8.42729133102801,9.89250503329198,8.80074632211605,10.0610108339821,8.4927791495612,10.5319146210282,9.9077656696496,3.88068326849706,5.60675887659347,9.37800575262544,8.00318120392594,9.5797795262946,8.03261832990705,7.68042387731081,9.49229766418866,8.79755777577848,5.9794801666647,9.01792075858036,8.07010636424338,9.20798870335775,10.0543841557102,10.7917519794248,9.23382781263514,7.3835591561967,7.17783964896452,8.58276349135878,7.68851578963621,6.95777837466886,9.57349481987425,"SHH",8.48464017130157
"84","MB_SubtypeStudy_55084",7.39375515114468,8.62318279306901,9.27438839149946,7.03901209873092,8.16810684180967,8.17430600770614,10.2135033188577,9.06292012015376,10.0103970381619,8.82945519785488,9.50201035450001,9.41393163348951,4.0998590714951,5.65436425069883,9.8310604841553,8.16939330099726,9.68771755099646,8.31909358032623,7.82332646326959,9.7488359298339,9.41272683834016,6.2172711824123,8.48067581936955,8.09645249701626,9.36123039623217,9.80713596517637,10.4080446183645,9.91272210804266,8.1347380347049,7.81212033457994,8.82058205268658,7.5789808176244,8.4532409935784,10.2126932399632,"Group4",8.58080101402476
"85","MB_SubtypeStudy_55085",7.06946560363781,9.00567584825861,10.0685801918464,7.93826395081453,8.77321149498041,8.39799342232043,10.0706071621873,9.54517509894818,10.2936000261794,9.18372334122633,10.8115388771084,9.27095807629825,4.4374565476687,6.6124326363031,9.66168225928499,8.56852900547276,9.67583751469695,9.00936154148106,8.3080455166635,9.87714648473885,9.24583402315348,6.3477393914064,5.65013526145613,8.33355790538581,9.6610212343793,10.010174072532,10.2776604316926,9.61014335914843,7.73265291200607,7.91343234671875,8.97932235223569,8.7253933992567,9.50204476846253,10.0394388405904,"SHH",8.78258337936883
"86","MB_SubtypeStudy_55086",7.16648520670341,7.95082619805,8.97548611724433,7.24340774927709,7.72298645214562,7.97531211515476,9.8403080562761,8.98754346964978,10.1051758066221,7.80799542156483,9.20335880795665,8.95098394783418,4.51137709665382,5.56878165410268,9.92334733273786,7.9709706387319,10.0459109468209,8.30026682842773,7.38197792674894,9.38000517175922,9.35973192848969,6.02188519399832,8.36945375535118,7.7581634235285,9.25396495255328,9.87023844030311,10.5642568952177,9.46787546888007,7.83843290324671,6.93199497124227,8.55453644815987,8.43350402759525,8.81553589211457,10.1599981874841,"Group4",8.4238846891949
"87","MB_SubtypeStudy_55087",6.47784333387223,8.31441421235153,9.63396450786964,7.57251101409969,8.71417243920711,8.25618575404032,10.2050905211531,9.23184567964038,9.70891728346971,9.73490875336307,11.3791551616148,9.90589877622586,4.98029201673017,6.91817719748521,9.49148092962485,8.581568734672,9.83753168235318,8.38718903837996,7.7446685395313,9.67956223684109,9.10534450091755,6.49700680527814,7.4152814786483,9.13748213654416,9.39026975704702,10.3142889495857,10.2131611041424,9.36230906517367,7.27696656457813,7.67133223838451,10.676934766809,8.88632404303227,8.42982455085861,10.1042168387644,"Group3",8.80106237094968
"88","MB_SubtypeStudy_55088",5.61563678314191,8.4726588826717,8.8746369299509,7.18579192137094,8.14381825947084,7.93411548176055,9.87305914436809,8.88981682534243,9.52146920419825,8.6241866794359,9.91148557622784,9.16540745199643,5.96234031825061,6.48121194174946,10.4221640651944,7.55072434110429,9.82500264896755,8.0519815168173,7.64908673564086,9.5706443792176,8.92803218778855,6.00110960338679,8.44207185617094,8.27265635352486,9.56332709835766,9.57938339804255,10.3747890875198,9.43031023923957,7.38253073502843,7.11549750760936,8.91715104673386,8.40247232571149,9.04413084904795,10.1166787516781,"Group3",8.50868765078582
"89","MB_SubtypeStudy_55089",6.82953037293936,8.15680043322273,9.32532584486067,7.44613873949309,8.02731329731007,8.86722546747743,10.3475461028995,9.29950156186327,10.1527578143598,8.86627255681183,9.6645684655403,8.92940018398591,4.76461176659129,6.04223131956907,10.1346514106914,7.53617532118726,9.79813307342635,8.92190354304678,7.35289654200663,9.85309071294828,9.80642551923314,5.96747515628412,8.31328060263258,7.60361055526108,9.53076527263032,9.56405415703742,11.2470954279488,10.2366768836665,8.3944604997208,6.84847519842305,10.0485199491897,7.41755189906218,7.89707579717415,10.7926517320503,"Group4",8.64659391707486
"90","MB_SubtypeStudy_55090",7.65121291114581,7.59952903735044,8.72057520659183,6.80074339281611,7.37877489215536,7.83131182678149,9.78509698828596,8.80472640740261,9.60270971249536,7.72807979217072,8.788434773176,8.39540877244587,4.24991123536438,5.7588327086844,9.18977277454318,7.0613225324902,9.51885266270569,8.70974747016193,7.45949182869331,9.33693898671497,9.62670181481862,5.9031178696208,8.0904759358523,7.46679029356752,8.87186357475855,9.03972102078227,10.2027202681004,10.0882917431762,7.90475964211107,7.15964566199048,7.86556175925987,8.06948076830903,9.01187273956134,9.86866742361438,"Group4",8.22179836552054
"91","MB_SubtypeStudy_55091",6.19047096393441,8.35902140796535,9.53098780032454,7.42161978225032,8.1861869425322,8.32722292973292,9.99849671003201,9.01594535765036,9.89083420404046,9.17641235841728,10.8027686771801,9.74879398637902,4.50671262390881,6.0487847761741,9.79742550788038,8.2979351061623,9.75885561489549,8.06089356090789,7.96376465653108,9.67409324324032,8.73342776765174,6.40789237606079,8.52038251542009,9.01179992468121,9.36663411885945,10.176781330965,10.6069920998834,9.59490436864757,7.73867645164751,7.66943950121329,9.14069736728572,8.27320716770272,8.47621766626535,10.1917083288163,"Group3",8.66664668221293
"92","MB_SubtypeStudy_55092",6.9803326231726,7.36463294604669,8.67805797215289,7.25251892837466,8.33707783702908,8.29937099475256,10.0183758677821,8.31635707217414,9.98994997783939,7.81577809023923,10.7698688385354,9.53262639870354,6.6476245581158,8.74584420102611,9.09529929434919,8.3562633084472,10.098537605102,8.01723580517634,7.07068429974145,9.30395905423271,8.18602376673405,6.47174720466513,8.51116594893168,7.6765685708902,8.63493928704141,10.4199375643766,10.0513353978809,8.43513988991656,7.02623799135614,7.71613837432924,8.60979069789683,8.06098620353056,7.49941576734766,9.69266395195241,"SHH",8.46124959676007
"93","MB_SubtypeStudy_55093",6.63935645526958,8.40194018552349,9.49793521573131,7.38713948868875,8.28713554275973,8.18609603567051,9.90519004723653,9.11098619630224,10.1177102130078,9.29934919525084,10.7496470732948,9.27934266423898,4.29405295586484,6.10366571925369,9.69190533655432,8.24194945948434,9.683457963959,8.026716376171,7.99382547864546,9.80751674218767,8.68956020768781,6.02106677102046,8.73943775388286,8.88535112017262,9.16615376107274,10.1396025915984,10.6121715578648,9.59103291250994,7.42331354902639,7.47395132497793,10.2889099713386,8.5852930667877,8.73681648132216,10.0116489950442,"Group4",8.67850671792357
"94","MB_SubtypeStudy_55094",5.9357286423274,8.60580028509175,9.70145806566407,6.77530161964205,8.17084086719811,8.48164882732795,10.0006296238799,9.31183048774775,9.71712912223351,8.97868136327865,10.7609963382292,9.27343064374473,4.15133588267569,5.72632220340652,9.97222596717878,7.72486370988318,9.7746522466477,8.84808463665197,7.97681954160452,9.43195793086214,9.27574406278961,6.36772842394426,8.3629895605792,7.73675432090702,9.30935956112321,9.710995430739,10.5925160355635,9.82816679842777,8.13328608229956,6.82250968538516,9.4929386597591,8.1006557893769,8.27146064646879,10.398599384974,"Group4",8.5801012484592
"95","MB_SubtypeStudy_55095",6.91524969204717,8.75839469077263,9.32585234644054,7.06153926686029,8.39825604433786,7.97097581680572,9.59772390354725,9.08636038152788,9.63350698298325,8.75182793274714,10.1659432412243,8.94435667945015,4.07582434260763,5.55419924754642,9.39649026810914,8.11866584347394,9.62107477002257,8.71097957161443,8.17381169117112,9.86359428832174,9.23810092810191,6.11919354628279,8.55554896542353,8.54426585167955,9.23597897153653,9.62363118121876,10.3839707361318,9.71537273346991,8.15054979948506,7.50040682900148,9.34802471971818,8.04421395642165,8.18515433766055,10.6324154214727,"Group4",8.57063102880046
"96","MB_SubtypeStudy_55096",6.99839882785051,9.46431105229192,10.4221961737048,8.95741372236812,9.64120841189664,9.37358781808856,11.1797301556417,9.48900279249803,10.8284308768461,10.2964565941034,11.1765206040457,9.87730318972293,4.09259848528159,5.49817541148525,9.76244306377691,8.85320888387023,10.337198440246,8.97689489612286,8.05359767913195,10.0619920940572,8.92886746608823,6.68492736942555,8.71053140446095,8.28621129270422,10.0563040048812,10.8803047844734,10.9850137623865,9.83055189705868,8.16669306325171,8.20950649314269,9.54830585034871,8.50134999966087,8.66339190234719,10.4627778069628,"SHH",9.15457077265362
"97","MB_SubtypeStudy_55097",6.60675188581618,8.44181541476291,9.58663573226021,7.5726910808104,8.50969539635843,8.32151409806077,9.68692791387702,9.02816843284188,10.3453776273782,8.8794632271434,10.9237160961435,9.50086886075668,4.88532002009269,6.65625109532703,9.6201277180111,8.39279533578111,9.74893463176565,8.46779544704017,7.92206621061615,9.86297652504748,8.75129010983129,6.43573154998591,7.81837306489127,8.42082468846671,9.61904322443696,10.3326955339454,10.3626335417669,9.25933584840889,7.51328439212481,7.56425114661168,8.51616922123701,8.00458092971069,7.66296112710814,9.95822412677599,"SHH",8.62292033103508
"98","MB_SubtypeStudy_55098",6.38213694518181,8.25518482789392,9.4820537554941,7.65056998042045,8.54579142801399,8.6467066572661,9.97673185330944,9.91987812871818,10.3617687683034,9.56183148117133,10.4165473328764,9.81331489777199,5.61981741592855,7.73613622582881,10.4041962096331,7.91771650113187,9.67191206170485,8.40537443387898,7.8357830018351,9.6153706806309,9.25326770780809,6.5275562643321,8.48921797479915,8.99737996192393,9.7003875347517,10.2741202142645,10.3575846519194,10.1986500868411,7.76068780322488,7.16581884155626,8.99921516597874,8.95747637097622,9.07126669548191,10.307321058838,"Group3",8.89055214469674
"99","MB_SubtypeStudy_55099",7.28406354544358,8.55399892149076,9.54366848389949,7.45883165175272,8.14512360447937,8.3097900036312,10.5343221727772,9.68576470422986,10.6586744252556,8.96142919550962,10.1937865204202,9.54946595788041,4.3886378842613,6.43373542189331,9.6965643149406,8.3229325836666,9.91823837047156,8.56602683038366,8.10307563303967,9.29885051111155,9.30193281919403,6.63272630981296,8.97470297342889,8.26855768987624,9.41739127909102,10.319434811408,10.6209996026386,9.80425664733825,7.77441944197435,7.65018670693256,9.9574708028395,8.80516385035046,8.26217794903649,10.4375259632972,"Group3",8.81864492893402
"100","MB_SubtypeStudy_55100",7.22987453854556,8.14281521189234,9.15057415226437,7.18868757268477,7.73245437416621,8.19217374444534,10.2965688769334,8.87426789741453,9.923364417241,8.20768968549332,8.79043039803399,8.85329500141436,4.14673885663136,5.59162631852444,9.4928850374709,7.81976067694431,9.80029313194354,8.4205095380069,7.58800609804285,9.51827948523377,9.47685584437725,6.18104832746298,8.39162280882553,7.90452877502779,9.22388082563109,9.15923002444762,10.4894584469249,10.0025123799097,8.0026789096566,7.40072220723292,8.74382541023687,8.24450587443451,8.62331307378235,9.87697303945149,"Group4",8.43180738119791
"101","MB_SubtypeStudy_55101",5.73611892387167,7.66067451729693,8.0148514378133,7.11060787496269,7.70412552300302,7.98192648874034,10.0615796214387,9.1574714717227,9.96646921228392,7.97292393849021,9.54724634798747,9.19072338391934,4.87608317677414,5.68744357215145,9.36936899856936,7.65259366548824,9.93000463412685,8.8363245177773,7.53634290455426,9.5352632085951,9.7412181358724,6.24319204523223,8.36439435306098,7.20895581860076,9.27880580835753,9.72635327342761,9.74940373031892,9.8513641131008,7.46637567911298,7.01659379844339,7.8758806033732,7.41046390702656,9.31465333423528,9.62905546705701,"Group4",8.30602510255255
"102","MB_SubtypeStudy_55102",6.29183755730189,7.92873121199587,9.10265136751388,7.0672734383909,7.84063043994206,7.9194874592427,9.82988667413388,9.33260608846185,9.94829274985801,7.93657473584344,10.0940166924834,8.99109902448394,4.43372313899488,5.97766940733921,9.33380942437271,7.86661128731541,10.0979951165461,8.75148402925872,7.98585348359767,9.42603164397132,9.45076463547738,6.33053823924951,8.12590452005651,7.90101658140565,9.15687824096113,9.61488078623817,10.1866355042335,10.0576128904614,7.90496447050429,7.42663796911297,8.6051300001333,7.96106122784602,9.22385633868471,10.1169780900625,"Group4",8.47703307251397
"103","MB_SubtypeStudy_55103",7.25683824676016,8.43404613759248,9.39450186888291,7.02895332385152,8.21045765526847,8.27080597547037,10.2618261159744,9.33091339215534,10.8443964301817,9.65943573040889,9.91282276317248,9.64456141137273,3.98583175651389,5.34563611861253,9.34172630207529,8.16123940801876,10.3816903136929,8.188372856942,6.94541634282502,9.22398297679834,9.71425385036502,5.97712121190388,7.91385579579682,7.83240136149749,8.57698346855205,10.1249742597325,10.2721054223447,9.73957103603627,7.33683455369391,7.97210685883805,10.8231142411692,8.17709541473644,8.12383183375003,10.0628555158648,"Group4",8.6020752926721
"104","MB_SubtypeStudy_55104",6.54370003079796,8.18398517393691,9.2236882060898,7.44482211425868,8.84712666657423,7.61168222476117,9.84980466565498,8.77069155095717,9.98923265412847,8.4194693039357,10.5898330634014,9.49731876087438,4.46081753715108,7.54637867595873,9.0091026213395,8.3303996408873,9.43593971820309,8.89087895959253,7.82244177085866,9.12828816980852,9.39436130685091,7.04723963672986,5.14365836148372,7.54508905814878,9.58190810507152,9.21448604871029,9.58483429043013,9.24982669833901,6.93737091351096,7.74079672406911,7.74258130618988,8.74848783277899,8.71201086669505,8.73777114621535,"SHH",8.38164775895276
"105","MB_SubtypeStudy_55105",6.10221835765007,8.58296455278516,8.47576032014353,6.93904223992154,7.59582612914726,8.5053402384552,9.92202896593449,8.74793972300834,10.0208891637843,8.37101034215727,10.0058068531216,8.83363252733884,4.78749910399093,5.76155022032144,10.1144776399254,7.51793122375862,10.3020086937037,8.36806465675235,8.34642832205876,9.14367380636863,9.27074752876387,6.24581646927324,8.64315378460793,7.8910680973683,9.34260575333067,9.60263366630594,10.0300018704851,9.91139120770438,7.81413252230068,6.67748892096933,8.27031397027,8.85232533155771,9.06759742979556,10.2112080840812,"Group3",8.47866405050416
"106","MB_SubtypeStudy_55106",7.32354871416467,8.09114300072494,8.47918776493976,6.97777053743161,7.44090301579292,7.86158510997355,9.94033074337713,8.07644636423843,10.6890251771525,8.47058055082327,9.37074413725479,8.34461890859311,4.63104777796059,5.54266209646028,9.71372357797351,7.70314491592714,10.2908049904028,7.93012680979975,7.33426599666974,8.94708933159642,8.64493821728842,6.51794857596781,8.17555941942011,8.55240141238166,8.55513232855599,9.3844303097012,10.1390480060559,9.70990998420431,7.27431997035515,7.0664842558272,8.95587047000927,8.01246683110858,8.24678414605254,9.96839139087134,"Group3",8.30477749526636
"107","MB_SubtypeStudy_55107",6.25253355367096,7.67026829439395,8.77387163848935,7.53689786950057,8.66363020851181,7.87776157936473,10.2022979593638,8.94512579855637,10.2986988643672,8.18667837488908,10.2847111854168,9.40520016630972,5.24139664173443,7.41593338207386,8.93656699349203,8.28878473460826,9.5484052558725,8.99880642958261,7.59565087905995,9.05514118633847,9.70058467997112,6.55110067525241,8.2076497637501,7.42287863092394,9.44409521401386,9.43466035370843,9.89921361152338,9.26924712461599,7.31928424259637,7.4821247931036,7.37448805848935,8.28416904360351,8.5378451892522,9.14080003551924,"SHH",8.44842654152706
"108","MB_SubtypeStudy_55108",6.12254420756811,8.39541605748337,8.83145492862741,6.80417360836379,7.85047914101287,7.62043218828227,9.6420691456786,8.82414660744917,9.70759539229405,8.38949652817304,9.60514589134099,8.51609895629085,4.70080662009304,5.71569159995586,10.0061488445003,7.79696545571945,10.2434239858077,8.34099754835797,7.70979794869996,9.3354988263123,9.26422014100381,6.1205725040243,7.93685077512906,8.12921293276133,8.50493607745746,9.23606834833477,10.3838314214416,9.89583033175087,7.67630732226088,7.18337186607484,9.75874968009657,8.73032918070289,9.21355379387082,10.3698704337995,"Group3",8.42829671443294
"109","MB_SubtypeStudy_55109",6.03272907178357,7.63876784133569,8.93104798508682,6.99909605153685,8.00780169100837,7.90655020176315,9.70877275424897,8.64468777212552,10.323816522136,9.20116166874033,10.149436063983,8.46877096099209,4.56155079184214,5.41580325478095,9.75770819087361,7.64535307237659,10.1996505713851,8.14403732551088,7.96604071961495,8.7754963569095,9.01983223823594,6.36456284616174,7.86508035449829,8.47606371452583,8.91115007214471,9.21423931417231,9.65361315641099,9.6968414595754,7.17445178415618,7.15486667551813,7.78688931412239,7.93003985511898,9.05963175719374,9.74727758755081,"Group3",8.30978879404175
"110","MB_SubtypeStudy_55110",5.71823416551915,7.82992106330672,9.23100261302451,7.32489195749478,8.35787478514025,7.5673407849817,9.91698083166295,8.61416154643533,9.87873531818482,8.43683841296638,10.830127754168,9.06449449100928,4.88693751766924,6.56392559826565,8.98992503816329,7.95248735451776,9.67463802083891,8.69341484198435,7.42069721773809,9.2321178173552,9.32294859144641,6.01373149175302,7.4441340584008,7.56707626696232,9.24425047083293,9.30464638454625,9.88438870041051,9.11784759232447,6.87707358908932,7.34823491953562,7.51267439464362,8.43495418677012,9.05502268901371,9.24601567377639,"SHH",8.31052194529211
"111","MB_SubtypeStudy_55111",7.33121551464169,8.66474932827203,9.62375576780004,7.19176145859448,7.96293274416407,7.37389242831256,10.3277910474092,8.40698833210688,9.92752481100162,8.65682982907273,10.1226380087045,9.14952467091954,4.28713291765149,5.15080493912651,9.24325262884375,7.42037855706378,9.93613993833434,7.54965899947131,7.98917964643978,9.28916633369305,8.87910512457723,6.45173342192485,8.57970756627677,7.95196265264777,9.5985290174147,9.58473181245734,10.6060193628806,9.49828325528906,7.49004130613247,6.67023178680231,8.39136520305937,8.83284128320458,8.88247377114583,9.97355742938015,"WNT",8.44105590867107
"112","MB_SubtypeStudy_55112",5.72812895980092,8.38737224996376,8.54745108501705,6.95500882302677,7.4756591006907,7.53373082670199,10.1691640709336,8.10538984731972,10.2675617691874,9.37944207806368,10.0590481645687,8.46707296530452,4.35564442129881,5.58128116054016,9.70749221444309,7.39063171156514,10.2140264538727,7.56692649852021,7.96721669465753,8.78729712497293,8.82031126664053,6.19179204191853,8.04046760763884,7.9935866723814,8.97178062553724,9.27000106292062,10.0828526065497,9.85349152591927,7.4695422177936,7.04933458070208,8.69521764899947,8.2074050113216,8.91495276118949,10.1277696122882,"Group3",8.30394269006618
"113","MB_SubtypeStudy_55113",7.2267083625446,8.21669792226181,9.47070351165416,7.65224701239845,8.11237181946932,7.63532539548901,10.0772641693224,8.46438893439768,10.0164911750401,8.76443067402644,10.6177071442882,9.35424302010166,3.900271864966,5.56921838830653,8.84777152950885,7.95946396657487,9.81071592946106,8.49224054965132,7.83956835285299,9.22281010631579,9.17109923668754,6.13202212935714,4.44125662878068,7.60407290959551,9.36652291470579,9.37739531548851,10.0783262817899,9.23244129311651,7.30460086786083,7.47137220798613,7.86783433312843,8.28314803430712,8.94718291542441,9.56093006934603,"SHH",8.29673073430017
"114","MB_SubtypeStudy_55114",6.93081791835979,8.65766591727128,9.26202915556258,6.67563414841712,7.57048939701862,7.86247966468305,10.3221178613546,8.45075852547832,9.85588784201068,8.49883505875216,9.47525525974391,8.58238401659727,4.96810373341746,6.03476346516136,9.21036536059124,7.01495327198024,10.0299243397172,8.16468707373086,7.78408266246852,9.19096190730607,9.54559313009678,6.08982053317937,7.88541613434296,7.86731346069089,9.42110208052685,9.46354742254832,10.9780014781845,10.1996878907657,7.93321404450326,6.92492989576443,8.53281346873968,8.38243346155641,9.07308486838767,10.3224421125786,"Group4",8.44592931063199
"115","MB_SubtypeStudy_55115",6.29086688906042,7.85295422120781,9.0504338525535,7.2606144765859,7.93807408548126,8.25374846458569,10.2951823766025,8.77701441580998,10.275427502685,8.1749584322263,8.85406753745852,8.59137576537165,5.10380632182741,6.14213016667293,10.1770231621273,7.07462602894651,10.1198562032058,8.59590615090725,7.27058858080934,9.14704597914979,9.65777680010105,6.26179741402218,7.83580439044651,7.45103825033823,9.66339530619605,9.3682227043971,10.770733308695,10.0381680155712,7.77912852166772,6.8610842361471,10.2833301288705,7.63460883636153,8.08278213397236,10.1914230842559,"Group4",8.4448527571858
"116","MB_SubtypeStudy_55116",7.08482303520397,8.15774820097969,8.37203583403427,6.90116102858001,7.53690657961991,7.93788740196929,9.98847251187143,8.54376403970286,9.85670771957298,7.98948249519536,8.92407217957896,8.63301142522723,4.60812127286871,5.64035294626413,9.38320608971644,6.73463760436151,9.98602543095116,8.51705616363131,7.43119801937656,9.04866725473251,9.19424391497934,6.20587170146674,8.81543115354121,7.32876388412767,9.25634066184792,9.50405678283589,10.770492448032,9.74485612072183,7.53884887005826,6.93030109083703,8.8450842127733,8.84709354694589,8.64185772241649,10.0217654698104,"Group4",8.32118661217154
"117","MB_SubtypeStudy_55117",6.91552487591733,7.92602055828254,8.69293928483023,6.98469782848707,7.76867450979115,7.59635484222803,10.3110468019198,8.5533130513419,10.0301477589684,8.63899672140689,9.96387729933429,8.7920848727691,4.96946646509881,5.86969377889476,9.37722645907401,7.58180499462722,10.0352976760542,8.3963038175758,7.0057568708805,9.24050340695841,8.7737139181498,6.13765630877927,8.22255863409442,7.47054653334403,9.34366341107858,9.71584644990327,10.9050386919785,9.22898178699376,7.17704085830682,7.3255136294488,8.31035941778572,7.77066642443111,9.08292291188191,9.35338425516595,"Group4",8.33728309134654
"118","MB_SubtypeStudy_55118",7.3348002384814,7.32613121591906,8.20639552654674,7.27372993340363,8.28350067459347,7.68294990412568,9.97371627860741,8.40905793375756,10.0961070446939,8.13182771602519,10.360144373636,9.19017073637865,4.44018279888198,6.06352772401623,9.02292419282259,8.01798106682583,9.97779853458801,8.32406604640059,7.26885610836241,9.00239670299981,9.34422158259853,6.14669570249903,7.97178436071467,7.02370248854428,9.39095920841473,9.56399260414146,9.28253490834232,9.36870281542675,6.81940683918111,7.50576597149401,7.25280674881026,7.81629501229131,8.37339247234555,9.25872299522135,"SHH",8.22074260179681
"119","MB_SubtypeStudy_55119",7.06922377291726,8.41678970186801,9.0089304778479,6.87505705170371,7.88039707464647,8.12205139083273,10.227908292869,8.5662972404648,10.0626543232334,8.17786220385187,10.5138787699341,8.80890275826443,3.83144742492578,5.29620530409986,9.78768103214965,7.55120060830497,9.72814957378433,8.14998551090426,7.24799794650117,9.12301430963175,9.47721026153147,5.99531086097642,8.01057277588296,7.91937413644732,9.48423477027021,9.37873651827712,10.7514949428021,9.83994120948356,7.81177434364842,7.22316394291065,8.72554265239323,8.13828837237811,8.22676948467178,10.0056731236215,"Group4",8.39510947541266
"120","MB_SubtypeStudy_55120",6.92424661392903,8.30480829261879,9.18050218659394,7.38497980561197,8.18760589576295,7.60135029192971,10.1660712398026,8.54660398665817,10.6743992386367,8.87318799964883,10.3457878709267,8.62716052979679,4.19738150753587,5.61108143560121,9.07567878657067,7.72677487932297,9.92491334576996,7.74525267963822,8.02907858294269,8.92822737047704,8.96152868682308,6.75310795740641,8.15927064012932,7.67446645523952,9.37583750014531,9.59647997025056,10.0475501750437,9.24728738729573,6.93834849895709,7.74745814609354,7.79517285655656,8.72714318886762,8.30161996307255,9.22112890594605,"SHH",8.37063214328241
"121","MB_SubtypeStudy_55121",6.36601881764535,8.38154633651098,9.28338587743405,7.40667469578568,8.36356346679714,7.73561672744319,9.9664316074619,8.97294357125217,10.2335728535211,8.79249400079768,10.8235298686376,8.84689224610633,5.61968590662329,7.26119560786266,9.02698726335395,8.21205439522209,10.3589404976798,9.21585930472586,7.64498835404326,9.58623738926559,9.10250648680022,6.13645243821275,7.81850585490791,7.48656626126492,9.59367877478322,9.85098703659688,9.60408044302004,9.38787248273912,6.86009789495869,7.66827155729363,8.41704036216518,8.81655502176659,9.25038276433762,9.40003045719908,"SHH",8.57328372424163
"122","MB_SubtypeStudy_55122",6.18506675808959,7.95864209860664,9.10320274940033,6.97598717072868,7.66390426798436,8.39582358358292,10.2099969684518,8.72809964422419,10.0806971565461,8.22378725892724,10.5449274883772,9.20311257167145,3.7679404951467,5.49086298383012,9.54812414433707,7.69328928730438,9.90667755626905,8.46318767468246,7.707950254916,9.15558556629654,9.26018028961131,6.13466582772306,8.94587064984213,8.08140883621442,8.22668893197535,9.41652152958807,10.5655615285364,9.74914715842724,7.63708010273298,7.16967394793481,8.23580436268356,7.86891202720483,8.69414689594466,9.92095564780683,"Group4",8.3798083357529
"123","MB_SubtypeStudy_55123",7.24542108874257,8.57824493261536,8.73714079010917,6.83656759081521,7.57307511707215,7.73622477875056,10.2872015918685,8.28825682461201,9.92885190555428,8.40048930918007,9.19694136305045,8.55457877082594,3.9328070059333,5.42221675463982,9.64252661697317,7.65349979345383,9.90056541826452,8.41510253991946,7.72164381877189,9.37940758474956,9.3899163266343,6.12575405988407,8.44743558399851,7.78434759168675,9.50215139344806,9.33752490357032,10.5874023031205,9.77851943203184,7.82043198764354,7.43375982585154,8.50644637934904,7.98957769478266,8.2061013892505,10.267453723037,"Group4",8.37081135853501
"124","MB_SubtypeStudy_55124",6.86386270403263,8.43501327446403,9.57303442619485,7.0823853451142,7.93937844103646,7.6037007451807,10.0648734251054,8.40908342341777,10.1256719682709,8.76958034691654,10.5993813054988,9.36518697930024,3.92567523905811,5.22382152701415,8.98230902947458,7.74335279064815,9.86886014528378,8.09548368858482,7.59056232443331,9.0928862874132,8.83752207879056,5.96727631144289,5.39587405617422,7.92031068843964,9.01477340562628,9.43266368608845,10.2578422130472,9.13443106017641,7.19336444196489,7.48435484266732,7.96086584580313,9.01506795535631,8.51767107792039,9.48635566171242,"SHH",8.26389637475449
"125","MB_SubtypeStudy_55125",7.10915078698729,8.63919604931447,9.38160782291856,6.69581350093595,8.05890149270911,7.94041640025969,9.96340279179182,8.9611463341473,9.68773138692185,8.99325231306944,10.4068147935079,8.81592961582008,5.17722499364025,6.20971328874916,9.3345536968215,8.04561401353036,10.2286594180931,8.67211664392781,7.90469111552416,9.2793630795206,9.55331177108194,5.93286799401618,8.16098087925313,7.99075658038577,8.94561967016222,9.76465617937,10.2819071270635,9.73264376412084,7.66191579975265,7.54072717156422,9.85512145773668,8.25851968829275,8.28555293395799,10.2707321321267,"Group4",8.58060625550221
"126","MB_SubtypeStudy_55126",7.7319236608489,8.66267016421161,9.15747176016082,6.76491609733703,7.92389900233616,7.9519638546196,10.1786448812704,9.12535532857501,10.0688207123234,9.03780828843845,9.91973267239369,8.89308347256196,4.45270684637203,5.63382313044454,9.37733591065216,7.87811031688577,10.1240437818955,8.76485774546054,7.59351759151869,9.30716645833045,9.37142929550121,6.50281099572406,7.92545611132605,7.80645572609157,9.43374285896864,9.70224050973676,10.6963195478199,9.82462098225915,7.83902213141373,7.56319663333351,8.66963879458719,8.78260116669487,8.8396588793515,10.2563564182423,"Group4",8.58121769787315
"127","MB_SubtypeStudy_55127",6.14757314985479,7.90650505795895,9.14711856498244,6.92723925656093,8.26486385651358,7.93652875262826,9.37975007151784,8.79193127935174,9.79393066864185,8.29588463756355,10.6980352387239,9.05199089038867,4.86894136643729,5.72456627027179,9.84231059478647,7.9143353205008,9.94029953828034,8.18040646819796,7.54499673825054,9.40796257392632,8.92900543784452,5.77558395743604,8.60938659202072,7.56128688588762,9.23478594476754,9.84774360639279,10.1622616921782,9.18408806816391,7.06721848424317,7.22383790911454,8.61735266450887,7.76972027460188,8.68920619529301,9.67795695321697,"Group4",8.35631191061788
"128","MB_SubtypeStudy_55128",7.47287362960128,7.94286019567284,8.37809040041488,6.70048555112538,7.69357205623432,7.59650477994953,10.151110311103,8.6082899934778,10.1208644262571,7.71218043868614,9.19509694348819,8.87830145054022,4.88639795165753,5.78811462884398,9.10061302410485,7.85666680445863,9.76447424242028,8.63996796239086,7.11337043518202,9.3320496254886,9.58922442207031,6.34066133312731,8.01808716632528,7.32014068004016,9.17420666794171,9.26043396527222,10.1802220078932,9.82389212088046,7.2332686455248,7.5016197008258,7.92120906117057,8.34284357827466,9.12748609795087,9.6522269057634,"Group4",8.30639432953406
"129","MB_SubtypeStudy_55129",6.40979566874476,8.65843996805575,8.922484203975,6.85607139619643,7.88136163543735,8.44135639909836,9.74829996767932,9.03806519419874,9.60381877589925,9.30448364860729,9.69257334308068,8.92040774441484,3.75086685707319,5.26550480357712,9.8065745730999,7.55189639792323,10.3291294641134,8.62681112735694,8.32133633321867,9.50078476441549,9.57368292165579,5.97020859351304,8.18160904278012,7.84922388234668,9.59834237935323,9.74649385502222,11.0662352380305,9.86227825632485,7.98223270017214,7.12364516548066,8.10270455712698,8.64770945061115,9.34183954779915,10.2856830270363,"Group4",8.52829267304172
"130","MB_SubtypeStudy_55130",7.25867940403873,8.38032131094322,9.22483352088563,7.34148824969644,7.73106637598321,7.70659730518246,10.2178398846725,8.68751656679361,10.3210358272551,9.16568121270581,10.5942864908962,8.06626700903911,4.19431233582943,5.14533108330416,9.39791596216453,7.92689167911575,10.393646677763,7.89813109125507,7.92464428645572,9.42693981375847,8.85574457825902,6.44495624503417,7.90443745102541,8.89960382486146,9.37860669833637,9.93863203490124,10.6879818082431,9.54265493718422,7.65396643924633,7.43281574770684,8.483253130875,8.58580242538238,9.08116878493378,10.0078850514826,"Group3",8.52649809544736
"131","MB_SubtypeStudy_55131",5.8664091553784,8.02376903603086,8.1829690221268,6.93030996925156,7.44412836427619,7.79282715548691,10.0606651645804,8.59929124261097,10.2626973904748,8.72631278198407,10.6374564261284,8.93280619320601,3.97463626917326,5.62474314466611,9.72067884742081,7.79080823306594,10.4670780676714,7.75535012796293,7.6491210300344,9.16826652976436,9.02341720413191,6.30890386808253,8.1954929961457,8.59928241009513,8.91974312944048,9.92703597941415,10.6816849250117,9.70460374174012,7.46859014266404,7.24220498575202,9.81239371489055,8.6454402273462,8.16781579017309,10.253041340958,"Group3",8.42823454726883
"132","MB_SubtypeStudy_55132",7.1403413546848,8.17203549537691,9.03129523175009,6.90470873975808,7.73822221160817,8.1462673746018,9.88263651028472,8.78617835670949,9.96130765893262,8.72534489328968,9.54494939725658,9.24995685107415,4.28664034025605,5.75319850164777,9.70115736866369,7.31327303927882,9.96862534235128,8.33203971382202,7.98496185570863,9.29067482221544,9.45021289191217,6.32882371623682,8.18153216245113,7.47494459929438,9.10510376052975,9.32180200423586,10.0674812501483,9.88729430455586,7.7227202570686,7.0516904964001,8.92794396711941,7.80155966320015,8.63618893177956,10.2410579076411,"Group4",8.41506385211306
"133","MB_SubtypeStudy_55133",7.68989081970832,8.37287288313003,9.24718065939968,6.96413040015202,7.65279443477847,8.24844869098859,10.2171734001994,8.72419530470644,10.1628065570626,8.86896014959988,9.51053283856232,8.9069194337287,3.97153035672119,5.4246994240436,9.43879713755199,8.09185915058539,9.8088008690036,8.4819831820996,7.92225860752686,9.49549277307549,9.36839045281036,5.88927176590396,8.33871629557502,7.87979254410985,9.45337189237075,9.48795689476863,10.6538391792895,9.73410651434823,7.72647683140115,7.42692879817809,8.61998650944581,8.15457131085138,8.35452287421555,10.1997714601993,"Group4",8.48497148223799
"134","MB_SubtypeStudy_55134",6.50602434144524,8.11671488437135,9.37755767443322,6.80385207665188,7.93228696505326,8.24612838001146,10.3326414515035,8.79808734704677,10.0783315797669,8.33365125913622,9.39694527810011,8.55632235269277,4.64691253586999,6.01342381843621,9.82377634482227,6.94835542432857,10.1619960500915,8.31541720056959,7.4496264258277,8.86640578996436,9.6550339127009,6.38616754855584,8.15412204281633,7.78694070650167,9.68758824464269,9.26243335074474,10.8125061083553,10.1951531315852,7.72507268853802,6.6131630783331,8.51752809343734,8.31343420338696,8.6933971391199,10.5003191349499,"Group4",8.44139166364091
"135","MB_SubtypeStudy_55135",6.75407449165223,8.02580321444267,8.56464683804287,6.78814843808178,8.14688862744231,8.20831051482209,9.9757319124936,8.8769036335476,9.84842259730103,9.23279647611749,10.4317104297901,8.85969526807771,3.96674685874919,5.24532068058753,9.34673623719375,7.61438297165901,10.2042248324272,8.15456921438757,7.55270630441389,9.30880305275812,9.24301938971753,5.87480964438677,8.19062493266368,7.7771572630416,9.11134301213961,9.55474036841837,10.5650912480738,9.73126999508218,7.24605835877012,7.67354349407514,8.81098996989738,8.39516803204867,9.06334629333232,10.0276187128564,"Group4",8.42268833260269
"136","MB_SubtypeStudy_55136",7.70559719451701,8.32609307690925,9.44502704144879,7.22201588951619,8.27735830610724,7.75498443963667,10.0760560305125,8.76319408538389,10.27338925719,8.86233746325285,10.7597547466707,8.57683023257434,5.90378537635737,8.61533658943387,9.25176792620826,8.06313168464782,9.93762494876569,8.5171970980888,7.84709152646333,9.14568540479384,9.07754466654179,6.00578037291532,7.22891202838768,7.84162819872462,9.39787512597549,9.69101118040768,10.1012863814733,9.20369678937215,7.21901423180895,7.35943105991722,7.84760141957661,9.18560109643933,8.64298044579439,9.29610782342938,"SHH",8.57125673938948
"137","MB_SubtypeStudy_55137",7.33124497481413,8.89212442929208,9.92218995468055,7.76964262287698,8.53262126099372,8.16985199972671,10.5745854309294,9.55194104679508,10.3061743808619,8.93961198499408,11.453683304797,8.77305454970438,6.04549542403929,8.4094603050581,9.61086132829955,8.72799245847425,10.5571572341395,8.79933689853167,8.0155004313962,9.83132739470442,9.4824137313635,6.58382724459904,8.28224028268441,8.22840792229796,9.71978713275549,10.1375120983951,10.4226713160412,9.72328505673829,7.74668150347328,7.67563327145326,8.37142280292174,9.56754961206687,9.49500952163891,10.1919868703936,"SHH",8.9953613465274
"138","MB_SubtypeStudy_55138",6.18615069161637,8.00328494799752,9.04771223576622,6.84444122683533,7.9690884256294,7.94701703467711,9.81215149480973,8.82779379482222,10.0336258782502,8.09756255934019,10.472600756799,8.88602527664642,5.09682352998619,6.1833273805583,9.87999095117697,7.94432754498073,10.1106605591314,8.11985831781871,7.67953072995745,9.31997826220658,9.20908960374526,6.26061696037442,8.61610223244786,7.98959304214312,9.07852818717931,9.39653045799463,10.0254953965751,9.97480707723981,7.59486946558983,6.80568285088096,8.01449688561245,8.38665331317855,9.02793944254882,10.0883315867105,"Group3",8.4391378853302
"139","MB_SubtypeStudy_55139",6.0414605700085,8.09223176240609,9.30059524538276,7.92100002161069,8.24941961052903,7.65787818736502,9.25225526723346,9.04150228535989,10.673575999415,8.35702247581691,10.9735426169065,9.16638116286166,4.03421691720911,5.62565177740827,9.40923363693365,8.2434754491759,10.2022532237156,8.26679096990028,7.57139448061751,9.5856643008181,9.03394409315621,6.7902105995986,7.90263955114858,8.48225500968317,8.95397408132892,9.73136929852792,10.3111152875282,9.53240509052081,7.35958193645546,7.47724811319101,9.58200316364126,8.62074991736426,8.27738889579765,10.0207814542176,"Group3",8.52180036625981
"140","MB_SubtypeStudy_55140",7.54858875060801,8.08442868168182,8.86131006436427,6.80540743407232,7.7884217711859,8.0130312164482,10.1688477524249,8.94561460052152,10.1226416553734,8.34152133479868,9.63645574390424,8.63520557873623,4.0419756443654,5.75303917404863,9.11195151210524,7.71856307959185,9.84486408413856,8.2973602078046,7.44454823864845,9.34841354112168,9.50803199208901,6.17254577359039,8.43463897124709,7.73731314763897,9.36670113797366,9.57001276870531,10.6595287464235,9.8934948049025,7.38563944035388,7.76035446839484,8.13951956105991,8.48672927816179,8.78449200809417,9.93956166289504,"Group4",8.4220809949257
"141","MB_SubtypeStudy_55141",5.67009443748842,7.90975580086899,8.3117566712584,6.87374325682814,7.48669476568562,8.48216988021859,9.96060272764359,8.96254890355712,10.2562898886572,8.28037735239241,10.4208913406173,8.24565219289232,4.77721683635707,5.65546265423019,10.3918241159009,7.42509261780309,10.3312060717651,8.35739596456524,7.62672554993576,9.02015098107725,9.4151473328728,6.07316075377062,8.05482660993324,8.21037968535022,9.28709131230714,9.50706983348508,10.5444954201034,10.0971944375756,7.96357587129954,7.11716280013186,8.11860815696022,7.98242360248011,8.34472819740939,10.3890544793373,"Group3",8.39854619125762
"142","MB_SubtypeStudy_55142",7.20649252460792,8.40010832372818,9.3810360812071,7.39845424829233,8.49642813479302,8.07125512837613,10.2760589158341,9.34596709016616,10.343583985745,8.41636739055845,9.86483869146144,9.34766687957076,4.42580287890708,5.69049599599245,9.58693005566839,8.35991190919375,9.85385668935145,8.98131965869925,7.7887986439443,9.43151483653762,9.94649990777888,6.18794490164919,8.38659264229439,7.57787190738453,9.85009848656908,9.32610431002159,10.2708688367202,9.89336650291729,7.9875390702915,8.06465173214686,10.1406457587689,7.51850085489036,8.69578227054067,10.0866991115971,"Group4",8.66470748106487
"143","MB_SubtypeStudy_55143",7.22547585816956,7.61095117867919,9.439662757696,7.55687749711654,8.28737432825018,8.12840549626005,10.2156596378806,9.1006932111163,10.3059530130474,8.21301330991701,10.9554261937741,8.88947217691459,5.37334836150594,7.48386038831669,9.46040654325497,8.29674608019863,9.94469076580639,8.65941948103977,7.07410794948383,9.56369298658481,9.39502083633983,6.13010356936328,8.19650012203337,7.88536418277381,9.76504501941438,9.62143437138696,10.2040289390295,9.43645736816882,7.2257684710317,7.75569847303601,8.31066464915674,8.17095483461361,8.14928248290514,9.68890400997824,"SHH",8.580013663066
"144","MB_SubtypeStudy_55144",6.59074071434564,8.33633946023334,8.54328346617861,6.50430533702147,7.45305325430326,8.06551327863527,10.1546666441969,8.83443816562833,10.0776171280997,8.18510388227779,9.79623897156767,8.7065692921823,4.24994436672655,5.209373846794,9.60911879539902,7.13271238705057,10.2380800008641,8.58409587165641,7.51213491956939,9.35528932784066,9.54113707652855,6.113971870912,8.18144626581159,7.72630109241374,9.49215392977465,9.38920306187671,11.0204823035375,9.86725334051841,8.11730290680515,6.49422691893026,8.73841549300064,8.64484272820134,9.09694765026667,10.517521335577,"Group4",8.41411250249192
"145","MB_SubtypeStudy_55145",7.73301220296144,8.06455318804186,8.74007206879853,6.62400396903465,7.60205368425969,7.99122824091955,9.78697103796179,8.63472622225736,9.88907581600102,8.31151546326851,9.99064205038458,8.76203555771769,5.45975295819677,6.76616168599328,9.22754804163903,7.5690536086794,9.93630967276944,8.76267445976217,7.56860186440129,9.25829941017749,9.77536530901317,6.19885268617049,8.45178713342809,7.64699505696259,9.48596187584661,9.21279103177618,10.5939222096253,10.0403924579734,7.77467273865001,7.57107080699699,8.26898322371947,8.14949812992604,8.63590826357851,10.2986430371948,"Group4",8.49362162247315
"146","MB_SubtypeStudy_55146",6.92596933709823,7.54863494859386,8.61916220515436,7.16385847652377,7.58694451868313,7.71927899107687,10.0608250286934,8.53739653574893,10.187890891759,8.63072443794775,9.80232870353754,8.42869690887235,4.98959362722954,5.61367784835905,10.1877707870456,7.07845678738581,10.2433746740998,8.15921601530835,6.82933833875165,9.21026788466643,9.02902623124552,5.99298569952231,7.95229320120877,7.70635189393441,8.99564646864887,9.56219326406618,10.1456600834794,9.82002671132163,7.34839700504851,7.19510949045288,9.56035460951897,7.57883529454556,8.37471543517553,10.1484053436987,"Group4",8.32157081407067
"147","MB_SubtypeStudy_55147",6.94474672591419,8.09002276527351,8.60071659920114,6.7111652157442,7.64622114697213,7.87272647381176,10.0189635170228,8.66217416475962,10.0276187925667,8.1624579874136,9.39476070058052,8.54475489793175,4.38588704329584,5.7269301246124,10.0506869784244,7.1738457631003,9.95383559671054,8.55184779139856,7.17907513270632,9.43462479099279,9.498530369483,6.32032927032146,7.84327241783391,7.36694832525966,9.55237861705722,9.50278171748664,10.6300075684315,9.93738353421004,7.63087778742713,7.04831017947365,10.277404117008,7.54058072687367,9.00682719791606,10.2807684919755,"Group4",8.39910183909384
"148","MB_SubtypeStudy_55148",7.7737370755193,7.88721504138136,8.63222918925653,7.18228156244436,7.44150978917649,7.79307856750575,9.83457203031004,8.06067243419265,10.0084846207449,8.40884353832221,9.82990757605934,8.78359211219022,4.28656276110781,5.68784724014004,9.19037984036549,7.26171052135914,9.85598242221453,7.98408914084914,7.10228632833993,9.19272361757834,8.80787493702135,6.29672331238366,8.3967210233894,7.73002728854902,9.10962813375832,9.43529392551467,10.6641557672127,9.33947200365433,7.1384595358312,7.36054186518785,8.11789402821315,8.11079520869079,8.62455251042593,9.39190976225861,"Group4",8.25652219738672
"149","MB_SubtypeStudy_55149",7.03261889339364,8.27510190399092,8.68176042683396,7.06480721598765,7.70499752209825,7.63223461224683,9.9547846174814,8.63801320249536,9.9221913514775,8.47778994837138,8.95656210276629,8.31511318463814,4.53112634199957,5.77823757956543,9.4243682504162,7.82561179595427,10.1293154114848,8.3322129835359,7.14455855074395,9.18811985462586,9.21781851604371,6.43651981584893,8.56595178516133,7.61886133916015,9.1807606604538,9.45328479544714,10.736735325334,9.67445089072121,7.3475364125348,7.61899353951117,8.39904892257194,8.75272187212555,9.46291340790954,10.0184265047877,"Group4",8.39686910405054
"150","MB_SubtypeStudy_55150",7.3033321311603,8.47552246060976,9.44431948317641,7.6021264630918,7.98982906890161,7.94168548908876,10.1438888168278,9.89436640623933,10.1212936043851,9.23301984041309,10.9394112411302,9.77574949624317,4.81995610484423,6.86793092811306,9.69498753002737,8.88137933277602,10.3506497470278,7.97524423071529,7.88374743004507,9.44159049024448,8.76140165771855,6.47131650133949,8.9653827410797,8.05064011587994,9.45955037249063,10.5775462765937,10.9648594543623,9.51458207490552,7.18082990586696,7.69445550406587,8.51804183215016,9.4078533696214,9.04714952530021,10.4355766243195,"WNT",8.81850636031631
"151","MB_SubtypeStudy_55151",6.89444312872636,8.1658369319616,8.71475240162821,7.18655119501627,7.91462170924418,7.892249586392,10.1107527470213,9.19087479223935,10.0158388317372,8.2997821500705,9.41516843555029,8.84724258494756,4.88717144553063,6.20550506335437,9.56429857656607,7.7673846203738,9.89445215867655,8.54526703820899,7.34478030465642,9.13829819291023,9.44748360780479,6.17531896458013,8.13655389346092,7.57207868838213,9.32477207353878,9.55611982611204,10.431954548745,9.64809545079509,7.26942661010501,7.51866564033119,8.14434551802694,8.40844414610718,8.75438159862188,9.72291313209306,"Group4",8.41487722333871
"152","MB_SubtypeStudy_55152",6.85679723226575,8.23598143883981,9.35068690935955,7.44941916399797,8.11727542926607,8.35899299867923,9.90470786103011,8.8718473968327,10.2405069047674,8.17978706916592,10.3845770085246,9.11223858884407,5.28251221451554,6.44920933112035,9.7170829799308,8.31242596872845,10.408152107579,8.06509203503152,7.95069437695229,9.78078858103849,9.04800573530214,6.15623756385405,7.72289853343473,8.13008562654234,9.65428795968741,10.4735006348948,10.2507430323073,9.39046383121191,7.5347623166266,7.6831430381184,8.7950241258687,8.27894622955843,7.96429029316158,9.83573708631728,"SHH",8.58667357656927
"153","MB_SubtypeStudy_55153",7.22515290397005,8.38652061094038,8.94047797933904,7.30470966380831,7.95756524883988,7.5022246752779,10.2518007216266,8.95012984278365,9.92885881940695,8.68419960916987,10.0671130520217,9.04761207727149,5.06178191638935,5.60467750202559,9.52956418858338,7.73908580783604,9.99503923991996,8.61110232311328,7.47488118952953,9.15691350511297,9.36988192623929,6.33222865653688,8.01794026543676,7.69794681617947,8.71727675584835,9.67545051090781,10.5806646140763,9.82179550693985,7.69370226122848,7.52199095618211,10.3425344534195,8.28169306075075,9.02737335541004,10.0749008222776,"Group4",8.54631737759997
"154","MB_SubtypeStudy_55154",7.12880073636854,8.14974427147372,9.20444559418462,7.16853535993592,8.03334402816317,7.79443178523918,10.0641474666741,8.4976429850282,10.1696582908904,8.60340917735054,10.5523687611336,9.20925219443388,4.64036037641384,6.44581436379568,9.20271919352422,7.91362898549506,9.60404812704236,8.16807750264422,7.89621842657649,9.06847056329617,8.84471002296916,5.30332058181417,8.48268002821254,7.72589508447249,9.51542664742299,9.39332076167507,9.93088246518459,9.28326314482315,7.19342729261833,7.7196476612236,8.14486950849027,8.52174626859887,8.35866309198406,9.24933399094223,"SHH",8.38771484529692
"155","MB_SubtypeStudy_55155",5.92607435231926,7.98982705977952,8.80430832375476,6.91516561668296,7.77753365892721,7.3900827891008,10.2181793149374,8.37814622380076,9.94764591702183,8.38795809528386,10.1076998759949,7.8877424297736,4.78498824284511,6.20988142440324,9.77457802956466,7.60749459036533,10.3888015538239,8.22743277967997,7.27166939684639,9.19210660540288,8.81097456779795,6.13914998532478,8.1671194625041,7.7581635633298,9.28705097520979,9.80537521798211,10.3030089119542,9.4581889831499,7.55789525237049,7.28922646449653,8.77535847649864,7.9001640838824,8.78428936866233,9.72412804357725,"Group4",8.32198263638378
"156","MB_SubtypeStudy_55156",6.62313830257906,8.89708666496765,8.63877813412964,7.02301500855867,7.54723921343078,7.48251785784364,10.1032709337844,8.46953522419409,9.88602083564875,8.32122111297993,8.78001129699209,8.66991495811153,4.30566310096805,5.96333806220539,9.40026598462911,7.62827140722367,10.136490935042,8.58346172848609,8.07321881709349,9.24766016737408,9.13873250568613,6.24081460697241,8.61105383826891,7.73317407274325,9.44209595032887,9.32531823055324,10.795459795012,9.6866442916857,7.49680645175199,7.53384949513356,8.47305212129396,8.31124407111322,9.45266599241095,10.0728795399983,"Group4",8.41452678556455
"157","MB_SubtypeStudy_55157",6.44330681127569,8.45829847473211,9.02624159686906,7.16298831232757,7.38509945612437,7.98340280378076,9.73514316205816,8.7118511416743,9.89265335993389,8.89273550119224,10.3597524979373,8.80645607988808,3.90575669796857,4.96574461210766,10.056659321771,7.97985683938068,10.0601883231665,8.3409030511604,7.88218155193939,9.50857356035703,9.1113690829347,6.26854097661575,8.42757135977534,7.71128588341205,9.25961915364488,8.93700676520285,10.5448312689817,9.56945480454813,7.550324649438,7.79187703467558,8.46235076173095,8.3582866409729,8.81650599688142,10.4342381959906,"Group4",8.43532516854264
"158","MB_SubtypeStudy_55158",7.21520867646501,7.92788826840914,8.87380934789266,7.05494991231113,7.61631729578662,8.45682221612905,9.86352178759169,8.73458379957296,10.039096286384,7.55842362002108,9.48966097861745,8.59241619313924,4.19983067707058,5.0534973711863,9.87582951145981,7.10996200944449,9.73864069446485,8.53098098401525,7.7110836069717,9.47397727797083,9.66710171322113,6.18323644655052,8.16560980243605,7.7824280352571,9.26103160576666,9.06187561962287,10.1679803421156,10.1535894066492,7.95719457185287,6.65599055923022,10.2274671132453,7.34783767603869,8.42300038174824,10.1966005757782,"Group4",8.36374836365931
"159","MB_SubtypeStudy_55159",7.56172876646015,8.10140428293367,8.20341595719277,6.77890713707435,7.49193614944837,7.60688239776892,9.97151708423218,8.34015366129088,9.97690950907776,8.22968554326454,8.87557591134323,8.53306357029009,4.10714360873341,5.58029084321006,9.08917604494909,7.46312843349895,9.97728467437241,8.34343795588223,7.40107576176051,9.16771188130688,9.21087189513137,5.98701993067511,8.46141031744586,7.86992737770196,9.3248912350282,9.41212123810653,10.7342685331377,9.83862336794439,7.58139872788775,7.42786065436515,8.48612275471114,8.32894757475441,9.36885866873859,9.87499904304991,"Group4",8.3149338380226
"160","MB_SubtypeStudy_55160",6.04578086906791,8.08099953066318,8.97696436094794,6.91773062135773,7.80336538888127,8.17120337899022,9.88108723929744,8.73084011888888,9.9989535815152,8.729665339296,9.50014109408102,8.75480051436731,4.28137026755235,5.4370448857165,10.0110976346949,7.69957057783845,10.1782323352331,8.32893396939073,7.64394264211204,9.36941738023533,9.5774261646729,6.1769514870526,8.19224509347752,7.86035145620437,9.33712858914811,9.73034295559113,10.4883766315948,9.9179150884252,7.96223363663847,7.10839412378178,8.77874599917113,8.21286974135756,8.78545983630394,10.4037613240279,"Group4",8.44333364286985
"161","MB_SubtypeStudy_55161",7.4984502529617,8.23548461075866,8.81420505167681,7.26916823868915,7.74877677063819,7.8791494891682,9.90999416794087,8.8182635412073,9.98218513066289,8.20963998585434,9.65891455561093,8.51947399481394,4.3393576383877,5.54537523358898,9.41871924100087,7.84228358844107,10.1944349754481,8.53909068453224,7.9638568745361,9.27324773087314,9.20874654824128,6.39641557298551,8.80430592376321,8.00085256337867,9.24237206044647,9.39048037151918,10.4919008694359,9.71088968146448,7.84410322262517,7.2365618028374,8.87969821392295,8.63649997340717,8.97774088785432,10.2571953738344,"Group4",8.49228925948551
"162","MB_SubtypeStudy_55162",7.55305087622717,8.18841751063981,9.23453443227828,6.8264212980211,7.66050635987178,7.87202281178925,10.1974654533898,8.7035382325906,10.0786188116026,8.50251472174307,9.68757726636672,8.91545809575004,4.28796379176376,5.57125301495542,9.55534466378615,7.70890692912073,9.87945296456838,8.5577618276641,7.57704053981383,9.3166270697998,9.76550795980807,5.94648350303223,8.05954008745312,7.353109057594,9.2402448234529,9.31178639961986,10.3916804805634,9.96684266302416,8.18573732428592,7.5599950889801,10.0732156891751,7.45596859442386,8.51781003768461,10.2565151176102,"Group4",8.46937980877794
"163","MB_SubtypeStudy_55163",6.35472140721202,8.42552637928648,8.71667595792281,7.33508293880126,7.93598197845988,7.70121083269751,9.97484895422842,8.7298519555855,10.5431672395018,9.47449712629692,10.6429274273235,8.92982383424385,4.94428398961277,5.83947431594091,9.39529539762969,7.84606062915116,10.4614422769233,7.8619672410637,7.82430951590436,9.04444067864098,8.98608791556053,6.79828878298483,8.04477179804348,8.9951182188452,8.65846827745386,10.0844415673187,10.1184575485885,9.43369096599864,7.47548578181827,7.1002822785764,9.89670191563414,8.68906302779712,8.71034920326841,9.80222228986714,"Group3",8.55220646024065
"164","MB_SubtypeStudy_55164",5.56205064765037,8.16325323945082,8.4590681252128,6.63666037185869,7.55820194572734,7.74054686776499,9.51561092097805,8.09835395666564,9.89192423936325,8.20961308445593,9.97993317469986,8.59582655657428,5.13014925665205,5.71595071308051,9.95480055645299,7.67313395273592,9.70926511375787,7.92937725933505,8.24252519023717,8.87516300121194,8.57967474491662,6.08239902416988,7.73262081035068,8.15906775036173,8.45353784726106,9.28227144938641,10.1031111580042,9.34823674451946,7.14674663045861,7.12452041817742,8.29416893442697,8.19261349612894,8.82777744605054,9.55022268127389,"Group3",8.19171697968682
"165","MB_SubtypeStudy_55165",7.03770201005459,8.18300416408909,9.03914796078663,7.23148061359888,8.14648003632975,7.50400802056257,10.3729409787816,9.41105042249858,9.63097566572361,8.93974626061142,10.4558709435662,9.22276436063702,4.20062518800806,4.84060840681683,9.23881490610312,8.60345977854992,10.386466246154,7.6689771573788,7.37676342082139,9.5332001433419,9.12758852079246,6.2621795575048,8.62629630177997,8.02532986100551,9.36745434124474,10.3346936118593,10.7036826153732,9.59042952644912,6.9458166322639,7.54579301281069,8.44321127403018,8.86699554954464,8.83591470207554,10.3508744773763,"WNT",8.53089254907424
"166","MB_SubtypeStudy_55166",8.02398943883782,8.2402855191135,8.68867278589155,6.93987902254884,7.42202005635391,7.83570115677874,10.1123216305163,8.80001924159809,10.100972213079,8.04025924672157,9.33904558089361,8.66821106348447,4.13817589516698,5.39770571451934,9.3788642213566,7.51797777164401,10.0979116095727,8.35115638067528,7.46006976424567,8.9576558646938,9.61556301787266,6.05456565848609,8.31903183497193,7.56797500469131,9.48051702085691,9.07440776963633,10.8771602497643,9.94659679133548,7.86052381022686,7.56323377078129,8.06814718524788,8.02276161751608,8.96087790205664,10.2288654652701,"Group4",8.38679768460017
"167","MB_SubtypeStudy_55167",6.29056234432814,8.02444838384496,8.64836338142198,6.58639654213086,7.60907644345854,7.49489227189521,10.4656916532908,8.52038237439645,9.83568747816147,8.75447340530319,8.93745708528388,8.37168668563411,4.05840326805387,5.67945093434788,9.07235529484732,7.53125694334668,10.3026207136863,8.34953585892743,7.07451225803974,9.17196682578313,9.07242525148138,6.07597827952151,7.86783596360936,7.64921528649445,9.29845675247262,9.66411734815767,10.7318957434409,9.59443000083156,7.21789031046299,7.21892047220171,8.14876393638713,8.42619576340008,9.7044560129483,10.1955836763792,"Group4",8.28368779246973
"168","MB_SubtypeStudy_55168",6.92072269851109,8.33112488830179,8.72837593602127,6.74707370808049,7.69220289944904,8.05761975044003,10.0336120350235,9.0393668540489,10.0219471960393,8.36045052940323,9.61047224188908,8.48938737199495,4.27673987999995,5.7824460187471,9.48832449012275,7.53191283576941,10.1117986319781,8.93429149227705,7.46717254884711,8.85776262993772,9.99502625567876,5.63616018717401,7.39971020715192,7.65337851784493,9.16044750107203,9.50720291094346,10.4883728205664,10.0839798466995,7.8639686003596,7.33679851802683,8.16403841905211,8.37482573692929,8.99283781883314,10.2050658271907,"Group4",8.39248875895307
"169","MB_SubtypeStudy_55169",7.01971269857888,8.67473229270456,9.64972737314493,7.82523198194397,7.73283101120028,8.95727225498166,10.2775058924249,9.46973707840098,10.342390120645,8.95631203282701,10.6545092030917,9.74224872446572,4.10982365999631,5.70847396777041,9.82334427550462,8.01004805781203,10.4747666097107,8.3460426569087,7.95034742815781,9.50817510961813,9.37098543425697,5.9414240598371,8.74774506631699,8.58043625895706,9.45227711663217,10.2462740735517,10.5863931689589,9.77735359453884,7.32440152815506,7.67051184118312,8.22786952425659,9.23511220496907,8.79146548170499,10.2381619092335,"WNT",8.74775422624825
"170","MB_SubtypeStudy_55170",6.33912908318119,8.11120560827246,9.35003616901652,7.36329631146563,7.73005675463444,7.23794336387313,10.1180355561654,8.82046726253665,9.80116050021771,9.27532068420003,10.1466898565782,9.06307877427283,5.18510378657014,6.63905419519319,9.19376387013813,7.90506805809767,9.7321927825211,7.87946901968887,7.70205444095061,9.34910774775094,8.83981194007203,5.96910334090818,8.37636099859737,8.00450011216834,9.23987345462799,9.57915011687183,10.6106144511495,9.55156362685163,7.07746700277778,7.42968010152874,8.03458435925665,8.81771127529934,8.61944942943009,9.99615876052178,"WNT",8.44377243515842
"171","MB_SubtypeStudy_55171",7.49351213957724,7.86084346705764,8.86465451903702,6.61692530464605,7.59345022008284,8.00385456436034,9.69658407038492,8.12386044682207,10.3994678805817,8.38456148392411,9.53420045009288,9.25816153693978,3.95973620371184,5.91496002759717,9.18186021571462,7.34618235636176,9.21930031112031,8.28606574450101,7.47783668911219,8.40919275568055,9.29726260167801,6.01641158952852,6.0430748114637,7.59486114662046,9.10210095573335,9.17761534241833,9.87098654410747,8.77442859450145,7.42126932031633,7.19400604411507,7.31613671502941,8.21841552446902,7.76069225280008,8.91275227883026,"SHH",8.06838894437993
"172","MB_SubtypeStudy_55172",6.40609714034016,8.26913139682947,9.47662163332992,7.39878975847783,8.20397259922581,8.02178152467506,9.97472436295302,8.87826218697078,10.2290719380621,8.50819267235907,10.7452250138015,9.09331990209293,5.95355123025024,8.10420550864943,9.36986133090299,7.68523355629168,9.84299874236385,8.66509390845386,7.60674189052331,9.3278521552958,9.01853195832117,5.76018335315688,6.17465704823319,7.7521043637387,9.55612345174126,9.78525366691876,10.1578924599995,9.35507164092697,6.9940252520085,7.40580388555773,7.85469854317006,8.8304062520939,8.86187782478331,9.43373064638856,"SHH",8.49120849408492
"173","MB_SubtypeStudy_55173",8.15224008667199,8.3269855166497,9.53281744234978,7.00270321275452,8.30281004275459,8.08713751029081,9.66455410002725,8.28279640044743,10.2219683017602,8.3656651236427,10.056565923673,9.2829253583918,4.34669318500708,5.66381996915651,9.20697793362244,7.86713087867234,9.9483596968895,7.57603331284175,7.53774338446161,8.69698798184559,8.89669724402481,5.72316851175198,8.39786406037108,7.79918107554832,9.01410172065298,9.29638830053884,10.5373430152937,9.19868017295294,6.99907285628968,7.43526497709534,7.90478686823977,8.35252194017926,7.78086973255004,9.37650200550166,"SHH",8.31868699537944
"174","MB_SubtypeStudy_55174",6.27131974914913,7.99270221705079,8.98735761956465,7.41484515195288,7.85089006355238,7.69045367096664,10.2285670672109,9.0200859589417,10.3607008614364,8.74622183256832,10.672834524671,9.13470029597225,4.51509774000194,5.6990526190328,9.49095923259273,7.79657413421185,9.99869851259784,8.30816447195978,7.54286942517025,8.94320047465697,9.38447640482017,6.54747972016215,7.22957477952884,7.5334210824235,9.05930447036826,9.91775015154256,9.36315599783237,9.56905082997904,7.33008686532811,7.09871203992825,8.61324793394651,9.14403584860947,8.51349520847829,9.66851886993355,"Group3",8.40110605371007
"175","MB_SubtypeStudy_55175",7.54179575587915,8.60822435257753,8.75478655358122,7.40252375978191,7.74790894150794,7.73998566134757,10.5238397239313,8.50786129117372,10.0071497201384,8.70814139066131,10.2933625130043,8.54017374914637,5.4458600297056,7.96759440781192,9.51081699119916,7.60680084505156,10.0558456086684,7.95766926339383,7.85279018508036,9.17298520930268,8.95142021301754,6.45495318779992,8.16160214701816,7.83393584020336,9.25012270139565,9.72129245611456,10.5280065688299,9.42015841043251,6.9513665084324,6.96201069647867,8.13989045114062,9.5859431513031,8.78159825533563,9.50495879183097,"WNT",8.53509927447874
"176","MB_SubtypeStudy_55176",6.81811635558784,8.32391320977538,9.10211724207805,6.86929542577063,7.76007985653987,7.60427713623088,10.0080838608195,8.32573862778117,10.0659257860961,8.62850536986348,10.3464054499106,8.67659297594678,5.93794008182334,7.67729319710327,9.18606572380629,7.63753778701673,10.1743529299681,7.7426292025512,6.98913520222792,9.44188564870527,8.81858048482356,5.77020845116163,8.44443253653938,7.66697333141016,9.16794399948092,9.70499059650267,10.7986317919333,9.30041954036694,7.05737674080255,7.76938675799093,8.22508071380475,9.26049891006212,9.10674859044363,9.88914556402981,"WNT",8.47930320820455
"177","MB_SubtypeStudy_55177",7.29284183233104,8.16165842487828,9.23208836388862,7.10173902309618,7.46086342015265,7.67249053081586,10.0485383474901,8.88904547215665,9.52542817857437,8.32416301560042,8.73103093123879,8.91110903850254,4.96577703715365,6.1986014402338,9.45224917569597,8.11392440613335,10.1767298426365,8.56554963146524,7.8664509735674,9.49471559087494,9.38743718190418,6.68514023022938,8.53803219515607,7.75541588994562,9.25658977721433,9.24450558773622,9.99177678905753,9.84612655902684,7.68292873923123,6.70597669416527,8.15320023228677,8.9688598357733,9.20707403314977,10.1549026190701,"Group4",8.4636165011892
"178","MB_SubtypeStudy_55178",6.07557238397594,7.8819793418118,8.59726394816026,7.45979295586428,8.16684971492358,7.75543622778873,10.0356162443333,9.39220658892468,9.60719639900705,8.64539526886597,10.3617532117518,9.12585899354002,4.97842565385196,6.59346880190546,9.33844117325026,8.13602007137082,10.2613539711643,8.01732281572562,7.28869611157532,9.45600494667376,9.05086772415619,6.11676898520925,8.15308900147473,7.34226582784805,9.2497377987401,9.89252921056563,10.5134478693062,9.37534834011473,6.72596510580578,7.12421784321457,7.94431623783707,8.95907863059351,8.7375213634376,10.0290040140639,"WNT",8.42320037578918
"179","MB_SubtypeStudy_55179",7.30204815851731,8.20602215150307,9.46314012468857,7.00788498872685,7.8567699757022,7.6234885921497,9.91936857705013,8.16041787340248,10.0278955303706,8.63065544623167,10.3574185848126,9.16407234602965,3.90134782602731,5.40905079254283,9.32105427613559,7.79771425914572,9.82546114101922,7.76670956064732,7.83960838157089,9.04979980372031,8.99053347227235,5.87332280924277,5.56470616043565,7.66160681270239,9.3094041956961,9.39820164437263,10.2422012483428,9.37417557290644,7.30876621296287,7.23673451735227,8.30421888885962,8.8963314510254,8.21403403280382,9.70617371023274,"SHH",8.25618644468241
"180","MB_SubtypeStudy_55180",6.96258341301717,8.15263443119145,9.24199315857893,6.98196070817009,7.69228144863017,7.86981487896808,9.98832733133883,8.80891026866064,10.0797216210242,9.09561042309145,10.3385130574097,9.10535560093579,3.64338622225338,5.68649763828159,9.35020706494142,8.05777948493088,10.4420597907988,7.87646246847382,7.73952374445766,9.19961273509642,8.86616536165307,6.31609111633361,8.83455219369904,7.96754304239529,9.15588445818002,9.94759081190296,10.3006029730873,9.39311361192171,7.26648697813243,7.10431004994591,8.46603462286909,8.97939952743991,8.81001622064161,10.0371435218338,"WNT",8.46347558765548
"181","MB_SubtypeStudy_55181",8.91034790997538,8.34703715459447,9.73199781874999,7.15240198484616,8.0367190368224,7.75974292533557,9.80183212726786,8.44469199188109,9.73845437926916,8.58063277872661,9.05747115971075,9.47784484444405,3.89678104815181,5.48967847629102,9.78623023738219,8.23150686646795,9.45174784297664,7.13821533836819,7.5928417639569,9.39194690425402,8.61757383770123,6.20865786254817,5.38645920863114,7.84119544025759,9.01717367202842,9.71152294185896,11.0029313664802,9.02559706880333,7.25244255587105,7.43479622418999,8.31849773822086,8.83806273894445,7.94714642932412,9.46567229214865,"SHH",8.29664270489648
"182","MB_SubtypeStudy_55182",5.92407245927652,8.16113850431116,9.47659232331288,7.21469065640475,8.21403700554029,7.75781247201978,9.97853688913984,8.63782187584791,9.86719855891405,8.55246548650197,10.6628944271895,9.0446921049226,4.73185146018633,6.4605099333048,9.13420893331096,7.93097692918473,10.1442663859586,8.39145080474937,7.68106722582682,9.39002671315535,9.07226947792383,6.02078313141486,4.73172841752611,7.55300117045547,9.45921350298512,9.71454300059439,10.4639179129555,9.48971326569206,7.01289696204996,7.3943243393612,8.35492502731461,8.55027365322502,8.8519380100303,9.85161886022677,"SHH",8.34933699649451
"183","MB_SubtypeStudy_55183",6.94337785987481,7.90114131619547,9.42162372107983,6.91341644348122,7.87859948589954,7.69946095419093,10.1310034914225,8.37649598705047,10.3897683240281,8.96741351971496,10.4314656935277,8.90154806007416,4.59415837074385,4.98521163810341,9.3056414695538,7.91805565811422,9.95745848894713,7.93533228025093,7.30021272946648,8.39435816494716,8.7809856550876,6.30609177903096,8.39294782095176,8.31548901287825,9.29886328616781,9.60767754079981,10.2672491296724,9.63293245355038,7.19491207354774,7.20569163321189,8.48630885608082,9.07788959310449,8.06669960025556,9.78221937597709,"Group3",8.37534416079362
"184","MB_SubtypeStudy_55184",6.56478958689992,7.92400677235321,9.24197035803325,6.93671542891272,7.45588383050338,7.66538736139156,10.2815790639996,8.25196629337734,9.88020470099917,9.00646332660682,10.322329854689,8.3961119488412,4.38110307597753,5.90003513019223,9.52921537020694,7.65858154993795,10.256262537589,8.53895468184392,7.49484861337824,9.31355854572058,8.84937531648132,5.90258988022004,7.77676077520514,7.90366525090051,9.37324077653859,9.53213716797836,10.7417059061815,9.42063735079543,7.75481309740999,6.81870617037998,8.67167154152939,7.27435503820263,8.46092920359397,9.84446927673959,"Group4",8.33308896422382
"185","MB_SubtypeStudy_55185",6.92177662122791,8.15843913258657,8.62297554950607,6.80631809796895,8.0593138347467,7.2946879118384,9.74427578092385,8.86825755037903,9.90043636262531,8.25194053518337,9.62098165145262,8.63022213762666,4.44496599509417,5.43754304143154,9.82490759566779,7.44428895431648,11.2538483947666,8.21085781806103,7.61276966322512,9.67990966716048,9.06134680812075,6.1825835410113,8.51353683976242,7.74365284727791,8.42448310548576,10.1608324173693,10.3446555014153,9.75153170408666,7.82966273445357,6.93832746804003,9.21935282176783,8.58790424622696,9.0656614173183,10.6705094696014,"Group3",8.44949285934489
"186","MB_SubtypeStudy_55186",6.50962966369204,7.89512920886646,8.27995877325995,6.51170196315808,7.22023600354288,7.91336624210134,9.89969631364281,8.28750343013653,9.79407554729469,7.85940415799343,9.91577084529678,8.70214286882925,4.46647209566342,5.90976218172285,9.51628032779238,7.2901511086628,9.91680633751657,8.11326462857261,6.93671382110691,9.23083228598038,9.27350889024093,5.76039737065185,8.08021670279333,7.22253976476245,8.8820568769269,9.18347833395291,10.9240998831954,9.85353229162589,7.28033069264619,7.17681039203031,8.2146575109553,7.69542101370866,8.4444505861152,9.82642345130176,"Group4",8.17608298722763
"187","MB_SubtypeStudy_55187",6.60876489008523,8.18743119137939,9.5846317292176,7.8834678024251,8.36001194236503,8.7158578268398,10.8618799826913,9.18115289032642,10.730689221408,8.53854731116103,10.0523862720207,9.23448398778139,4.42151523424367,5.54866955634592,10.1650579463149,8.15701149735068,10.3272116076763,8.12311162742338,7.84643423415742,9.68881703579637,9.70992936722651,6.89519212679171,8.2760239448753,7.77307175083851,9.96830728626272,9.86925649213181,10.417057377282,10.0133084324139,8.05552386239633,8.37116598968976,9.04512632297658,8.48906617400312,8.10348742076898,10.1533995934246,"Group4",8.74579558612034
"188","MB_SubtypeStudy_55188",7.7251873796474,7.63631180907779,9.66493062576731,7.18589740143613,8.69717513847219,8.12596896937352,10.1725529410279,8.24958267242535,10.2878668231787,9.08644422828302,10.1716263355877,9.34443902775844,5.083879511289,7.85524685156413,9.47158190740879,8.29355956566901,10.0892591108986,8.69919032254457,6.98080368598812,9.47454205840501,8.84488930755412,6.36939921299872,8.40005831660893,7.25918056597104,9.66737270694838,9.88185727504168,10.9477996455451,9.11804143432285,7.22576116420663,7.66227332810114,8.43603289139838,8.65428420039317,8.67837014439983,9.1458121678624,"SHH",8.60550525668103
"189","MB_SubtypeStudy_55189",6.82247732898776,8.47862228889483,9.42385172902472,7.28079661923735,7.66891441815116,7.80348933545678,10.2716105182539,9.21080023891532,10.0640061479241,8.60683650628127,10.5440669921791,9.11566167632072,4.35490032857125,5.97282243647238,9.49524839376033,8.09114208148322,10.0246258407037,8.16785308708012,7.96977922328749,9.47171206390576,8.9110594053206,6.38512852311934,8.42511610385071,8.04702301843457,9.31282999793534,9.78268594934896,10.4467467177316,9.52021948946512,7.5654948824396,7.33224185482916,8.67487937583253,8.9456439002494,9.43808987678878,10.0641403063424,"WNT",8.57913284284057
"190","MB_SubtypeStudy_55190",5.9468528515588,8.17380962695693,8.95301590136796,6.93654650324371,8.04124156932796,8.25564437488502,10.1015742442188,8.59489809568934,10.0364793240665,7.9215328375574,9.70472808294341,8.66440507922288,3.96578925352561,5.18155989092338,9.96952031951906,7.94511087965851,9.99600171573623,7.81737240414929,7.69723816055138,9.34107240463088,9.0278286033806,6.12073314475799,8.41203211871324,8.0310805519633,9.14576444390064,9.57072742515051,10.3841118349529,9.59121693085336,7.492066234985,7.53335481261938,8.23706055485738,8.00417603253779,8.83269871137319,9.77162619378806,"Group4",8.33526091510489
"191","MB_SubtypeStudy_55191",6.66017369547286,8.19476632891561,8.81859494478599,7.04727230798392,7.80114848144187,8.39414947756918,10.1268952038113,8.67504118600854,10.056529225118,8.30609414917435,9.82187835938285,8.8420128705795,5.63940554366157,6.61391626973918,10.0718185739589,7.1194422106815,9.94271753406144,8.33962102240434,7.73134621283581,9.37747843063702,9.48336104008459,6.10246618346303,8.03670155292627,8.12527770014835,9.26889129647357,9.54708632687587,10.3885722805508,9.82620338640702,7.98364195950464,6.87303484941635,9.30752308419765,8.08411450906228,8.63058267333605,10.3285245535897,"Group4",8.51665539483117
"192","MB_SubtypeStudy_55192",7.66361555297693,9.04168926431645,10.1214298460788,7.67962764611287,8.37863637164746,8.51106682702808,10.3287894175406,9.11502464701099,10.2502803605094,8.89580142600425,10.4178719269921,9.03579782152791,6.26325023514364,8.99529260081459,9.51694980088013,8.25478743116789,9.84287641134612,7.66741997695742,8.27513026917861,9.45595440332568,8.99365657312853,6.08343910022691,8.50691884020794,8.41478702670241,9.39365685156513,9.83668486967106,10.5667272838066,9.30100393726291,7.50719980612722,7.94742174218945,8.65553227237842,8.65448080543746,8.5513786855355,9.66221562498914,"SHH",8.81724693105261
"193","MB_SubtypeStudy_55193",6.70381414299025,7.94304021188496,9.29234324508159,7.23504986369905,8.03527177739775,7.91422138817804,10.1707788027038,9.02648606420405,9.94072209344113,8.42811979233668,9.57682550928779,8.73785549396997,4.20386103964612,5.6930663033213,9.7268903126976,7.91630002659535,10.1356230200899,8.45275306697066,7.63976232284192,9.6654922202881,9.57863274764225,5.93560418844297,7.86675918145072,7.88251000155224,9.27743552455933,9.54980213667791,10.6407088608347,9.93499986242883,7.96410637728188,7.20626950034041,9.06166590611931,7.84794651508919,8.39368845647754,10.356512617573,"Group4",8.46867407570871
"194","MB_SubtypeStudy_55194",6.95266118899278,7.97606703623265,8.71668209052766,6.89545737816665,7.22992886696395,7.8839806539644,10.0433149166102,8.35394476062116,9.48206262409839,8.17552936308427,8.46110281434706,8.86723904931786,4.07314936394014,5.75830369322365,9.63983740617015,7.50907478987376,9.64154034607238,8.11015853808757,7.50279127298848,9.57780020878764,9.52033952604976,5.87387052640784,8.44495251954868,7.23217105632736,9.01144259794894,8.81515736497705,10.3292204427147,9.94643870454717,7.80813856673569,7.1494071434827,8.7649263675254,8.25551552613914,8.85679389981196,10.001333882723,"Group4",8.26059807314736
"195","MB_SubtypeStudy_55195",5.58054677999187,8.04933564945922,8.9022527745988,7.02853659400975,7.60866230980516,7.87218006992424,10.0368946328299,8.44895737672364,9.97690644606001,8.75449203863066,10.4694236498668,8.97958176215093,4.71788012405728,5.91292994085542,9.55224942889005,7.9144163981202,10.1972884115815,8.30242085192943,7.63418966826351,9.0234198761178,8.84929061874229,6.09221104024486,7.79907223145182,8.27087303038533,8.64252867392428,9.80874326232041,10.3001260651022,9.40646200312794,7.73053009894372,7.31478963437921,9.94151159652239,8.80536048529456,8.27692142383312,9.79754242234522,"Group3",8.41172139324951
"196","MB_SubtypeStudy_55196",7.25414313631594,8.01154890530537,8.89458028192901,6.7374999004895,7.61324690980201,8.03329363924757,9.6794868734924,8.82207650157425,9.94975511056301,7.91994809445557,9.57999370195646,8.59866071696183,3.97377528469519,5.94017958295815,9.62555139554914,7.83594293685658,9.88635100163915,8.48868444151535,7.89199124220858,9.38438276395549,9.21757873581269,6.13246843429747,8.15171419531954,7.96618441191045,9.13840996511148,9.4382080351876,10.356746839932,9.91551478937863,7.79322627254678,7.18838352434248,8.67313609133308,8.19137187674823,8.32947303622045,9.91261046639481,"Group4",8.3684152675296
"197","MB_SubtypeStudy_55197",5.62405649014301,8.23037066994874,8.8601552976238,7.23554042609525,7.83830520168969,8.11574105598185,9.24688326376166,8.71850113207643,9.98104525960597,9.20744967388968,9.79707318877843,8.82047523733652,4.06672679378946,5.69089237634554,10.2281127606514,7.99572529323161,10.5099544717776,8.4888232831153,8.13013324199027,9.57560872163222,8.82396874745826,6.2720170017016,8.56146388468293,8.39980749358773,9.6374413071761,9.70866506039454,10.3536159121034,9.39888711797629,8.00469763606126,6.85937717618141,8.46733882979181,8.92719715475878,9.26382153018847,10.2778348247239,"Group3",8.50934433871326
"198","MB_SubtypeStudy_55198",7.07736699286248,7.87345104610646,8.7312299154613,7.27467762146924,8.71837110516921,7.90162352701928,9.70657373734467,8.95280707321618,10.1202891594742,8.11461354117781,10.5567287567313,8.51422567918438,4.71106056438013,6.31858178498618,9.00659022904596,8.49323198617388,9.99177262064576,9.20285569336713,7.65612364630241,9.3543543107231,9.24734399820948,6.64394195422498,7.37738836184268,7.26725626435033,9.45737526112272,9.5620115945036,9.61156550566525,9.39637396828818,6.69028939210069,7.77991079053671,7.74078992944375,8.55683703772977,8.99430197652368,9.3121514591263,"SHH",8.40923724954439
"199","MB_SubtypeStudy_55199",6.93997327145136,8.32929481369918,8.74236863983348,7.33296490334317,7.66676018903405,7.79124469198102,10.1395930391116,8.99016526573799,9.87877611729574,8.52483631499014,9.72514967920615,8.90255792032602,4.69996861791875,5.98090581587361,9.30257204046556,8.01094262865907,10.0242686078829,8.56070896220537,8.17568078438733,9.43082413123681,9.32269539700496,6.73754229386018,8.34518100595034,7.89446348751356,9.26151943166444,9.73369034309631,10.5084564120508,9.81907338570791,7.98692097564888,7.57409225677976,9.71562108487059,8.76562056476733,9.23329440626526,10.0450456100156,"Group4",8.59096391440692
"200","MB_SubtypeStudy_55200",6.22349946478317,8.07142666766419,8.88873723259545,6.7119563064822,7.33852551950174,8.04632076555246,9.52212361924942,8.54343751425015,9.75037912163969,8.50888534699224,10.3546157569101,8.92125829874135,4.02492265721964,5.53713659862468,9.91434112278956,7.74371141250644,10.2947113400075,8.07871209003668,7.84248480283115,9.21412165728235,8.84128686900226,5.8700299542892,8.45878276243898,8.70251496268732,8.42662374193707,9.68319263437516,10.3773668853186,9.50670876801251,7.27162664001954,6.94045490911343,9.74001209525415,8.5844048074008,8.37225765415304,9.83300624056539,"Group3",8.35704635941846
"201","MB_SubtypeStudy_55201",7.19343744375169,8.1460478501136,9.07576252038993,7.05315733655006,7.79607737592697,7.69823302962505,9.91447712444529,7.66112800497175,9.72269782030586,8.73233060852402,10.3277475720711,9.1120660049923,4.13778498243192,6.22996311626073,9.01180367261602,7.54706260133744,9.61612665423592,7.69894431392031,7.51473003991546,8.53185005819252,8.95744462082914,6.06741222634392,4.95752917908859,7.43318964895775,9.02426972905927,9.35601214596209,10.1469249141349,9.10259783705364,7.2961324334791,7.41129534945466,7.68948717962617,8.79297253874863,7.99957545068144,9.28553921012153,"SHH",8.12475913512114
"202","MB_SubtypeStudy_55202",8.88775958610671,8.28810514442979,9.7446296430849,7.53137235709841,7.83835620733372,7.61423335917254,10.1333002656157,8.46844600746104,10.2306724080281,8.47280434984195,10.6847649937153,8.11616334948057,4.19229789962449,6.68503452683022,8.91193851284881,7.65431115542154,10.1275725043901,8.52605193942189,7.76459631166722,9.42099065155449,8.82330704223587,5.92709463784828,8.36345336549235,7.29345699907227,9.43027095919131,9.41406329856489,10.6809419878206,9.44487626452693,7.54076560540662,7.28281551685471,8.47767977118886,9.14932899564609,8.82815426061106,9.78261446241054,"SHH",8.52153600999994
"203","MB_SubtypeStudy_55203",6.81746376774328,8.4429838605267,9.09241492367733,6.7814148502731,7.90738740474236,8.31767216464625,10.3498615162217,8.86452458181111,10.2358120881515,8.19993729976649,9.46319825112906,8.58019132585236,4.5962810401054,5.84762992456984,9.79854814704609,6.95679915967252,9.80093330965303,8.48871637012845,7.7342160334432,9.1816048214502,9.64376517098654,6.1004252750141,7.93906844711135,7.85565360945783,9.6034088127887,9.38071696138182,10.3025704350737,9.863283824968,7.96803430974511,6.67285676671426,8.82660047518713,8.42895289510918,8.76037914309323,10.1513621391874,"Group4",8.4398432090126
"204","MB_SubtypeStudy_55204",6.09095889876711,8.15743764655434,8.96198483907638,7.30750565491587,8.06351544232313,7.52876165576242,10.2931610127676,9.30491866390451,9.86089780196764,8.79091092799155,10.5976634066445,8.98241961120469,4.32536298194366,5.2893306008317,9.51222618049519,8.2532522942946,10.3019573907421,7.84715646397608,7.69097116260833,9.36220916870924,9.08583456615272,5.94032032962848,8.40435931290709,8.1086438937465,9.32543317487122,9.94245931712321,10.6299108421101,9.43476685234039,7.09363806209143,7.33075232934893,8.32158680631318,8.75920961062742,9.18184055959782,10.1887686411296,"WNT",8.47853312069026
"205","MB_SubtypeStudy_55205",7.50980632046732,8.87855184933712,10.8271664834936,7.86334776405473,9.21879740157944,8.67490141102789,10.6561587674342,9.16271576055942,10.2524347647847,9.22673250217647,10.5508569038386,9.76747117078135,4.8626641013133,7.49245001508317,9.87704383465321,8.70109478254267,10.2608354247687,8.9422331103878,8.37282324922591,9.96877155769081,8.65369566629903,6.02455620508179,5.68571845833533,9.04850050382139,9.39082292602922,9.61102717600682,10.4707132132115,9.01346466345571,7.44064977429742,7.84803135923828,9.11598223751484,8.52594365005362,9.00256618724748,10.4502052323171,"SHH",8.863198071415
"206","MB_SubtypeStudy_55206",6.3700332373935,7.77245093680095,9.44623819630511,6.9146509303975,7.76493223756009,7.7564645473607,9.12110792731047,8.48673388776407,9.75478699952826,8.21004397968859,9.56897422197842,8.72682636614662,4.06268849247193,5.82487814521459,10.0203945754354,8.16289485694145,9.88665416732397,7.93932008371332,7.59507021455294,9.37460742486907,9.47883021649455,5.86801805437507,8.49679144082947,8.07554485901807,8.90299957055765,9.72298574967166,9.9882955331277,9.53896432378163,6.95539226022376,7.73325523402695,7.95523661174126,8.5997845612826,8.85397726190539,9.90015665560931,"Group3",8.31852893415888
"207","MB_SubtypeStudy_55207",7.34080022166125,8.32140928042827,8.69967389850779,6.86950862278871,7.98557602325161,7.93019349178649,9.97726634294898,9.02213324773621,10.0469216141075,8.1720326793169,9.49459454006314,9.19341754768788,4.15543060347532,5.6375296171351,9.57105757930276,7.81193555445365,9.7655951776635,8.65042760006242,7.56208807486795,9.50422851279455,9.38937980944273,6.265856941351,8.37789932004018,7.78461967972855,9.53539647904642,9.72047134445188,10.3928994205484,9.67900787005935,7.81306745801053,7.59491692881048,8.57484495169819,8.07063972748929,8.91388851787534,9.92998645976163,"Group4",8.46337338642217
"208","MB_SubtypeStudy_55208",6.2125396362818,7.6849423158386,8.30718278169999,7.18604249531438,7.84814617002054,7.673184273813,10.1321036120618,8.73796553960817,10.1880228882537,9.0126024128206,9.63484466318175,8.71199866117486,4.39067262169577,5.43956738036857,9.26588568589907,7.86323436030497,9.88656957254148,7.93323478343152,7.80320685877582,9.04705538214566,9.2012607819297,6.06653688056703,7.55190557870297,7.99168687172759,8.65121931199106,9.35402150808524,9.99180007276955,9.69301732952002,7.48182934916034,7.70916182972778,8.45249097261355,7.86324748180858,9.1458577010748,9.67602930092006,"Group3",8.2879137372303
"209","MB_SubtypeStudy_55209",7.66674535681318,8.37410143771033,9.19243375525154,6.744403375238,7.68480806050331,7.76272777346123,9.80684807671351,7.91457778964243,10.2769167550067,8.57933372268191,10.2978973434599,8.37243296357106,5.40765085749301,7.44911001677154,8.95141862607573,7.4897678820052,9.51831448115418,8.23220382277843,7.76529397772286,8.81323663922388,8.80552807371285,5.78354730413658,8.23585500585049,6.65830435768225,9.11487202826501,9.47665766134816,10.1463825243088,9.23060299611512,6.96194573106732,7.50916302596782,7.78443500937851,8.67551825666775,8.17144323237696,9.40420204042596,"SHH",8.30172588119357
"210","MB_SubtypeStudy_55210",7.23261959875139,8.24453390899247,9.51136151258663,7.30153560651925,8.17900655981473,7.7985082534973,10.2352430834011,8.1551970901439,10.1278606675088,8.63356566791477,10.6771525203193,9.37545466538938,3.76541209992083,5.65615645300908,9.19008206000104,7.80907411782207,9.90495195602148,8.12823852308856,7.39059338975504,9.308555102148,9.13436389046944,6.09882177777781,5.03353060596278,7.96100178916604,9.57339836520424,9.393455148795,9.96106280918897,9.4675940624175,7.16186823195385,7.43189361178032,8.3326952884754,8.95292308157561,8.76993309756417,9.82981256002524,"SHH",8.34492521049887
"211","MB_SubtypeStudy_55211",5.62291443117637,8.03700050455087,8.87691135628611,7.09250690367683,7.54773932520735,7.99520854339429,9.80155611955515,8.63682521207992,10.1019711350087,9.67499740174753,10.5669112131747,8.76464226887349,5.44689904611403,5.7388915949544,10.0610865438413,7.49400566309676,10.342360334763,8.11938200319675,8.12041557128141,9.43916246579234,8.83331632852579,6.24552993583305,8.27078209535883,8.64896987114738,8.91375851299331,9.74376383954125,10.052148423707,9.63974682479239,7.36719297264296,7.33053687366874,8.84319215812119,8.38314832311117,9.11438221684652,10.263448894558,"Group3",8.50386190907703
"212","MB_SubtypeStudy_55212",5.79152575176516,8.28126364065166,8.14917025336685,7.01282028765632,7.86959907081202,7.69803229210416,10.2644737460523,8.75975618399618,9.9568772967129,8.09673511846493,9.13007821409815,8.61907853409798,5.07519806858364,5.89822136020998,9.80683805471694,6.61984659183878,10.0214681471855,8.49190535653427,7.34405990750163,9.11655438182401,9.33549747635935,6.15195793325571,7.81822986591284,7.78776683905015,9.58909533553262,9.49980688314342,10.735862574477,9.69553446243914,7.63906734209865,6.34909751391841,8.01543069712121,8.3709661976777,9.68612211647037,9.7850088613952,"Group4",8.30773371638309
"213","MB_SubtypeStudy_55213",7.0851085260507,7.92546536538566,9.10109501478568,7.10843010134592,7.67416269029251,7.88315260153348,9.88878700167664,8.18688784227598,10.1982760871267,8.52031297012142,10.4079476811436,9.18779392494964,4.39619946470543,5.7380885299162,9.22023919221687,7.69154775571427,9.60799060280005,7.68861775737029,7.00344549498342,8.54194093426976,8.75234187873578,6.35170493490327,7.27422203762209,7.67460604439261,9.08665599794298,9.28143624342222,10.6345348033672,8.99931786045318,7.10972118876347,7.18925037154129,7.82417390007708,8.19170915507089,8.0248152734309,9.20017378318926,"SHH",8.1955927356346
"214","MB_SubtypeStudy_55214",6.62972641770363,7.89575251648046,8.1131788135287,6.64747902070228,7.28305754560691,7.3114467076121,9.95573703560557,8.63131409803263,9.91193023677058,7.7445047538196,9.47443097937351,8.74334466439137,4.46874039350437,5.68744357215145,8.92107828324903,6.95723956409114,9.9330683162806,8.36995249257011,7.03138621613648,8.91073000555526,9.25440420921768,6.26668526484962,8.17460509466837,7.56871536743965,9.32117402280523,9.56130371478536,10.618118909071,9.63996111299505,7.32819196327638,6.54607123593266,7.75193071557248,8.65282037584815,9.75485286129135,9.66079585069175,"Group4",8.19768153916501
"215","MB_SubtypeStudy_55215",6.34821012152898,8.05034018822078,9.51456271397066,7.35642915751016,7.73073142773639,7.38538468601283,9.82534534508688,8.93228561435517,9.94535664903725,8.28877111902399,10.4030968342413,9.06397480018704,5.30948100191298,8.11787649298307,9.35799432867293,7.83088810062657,9.96006493247366,8.15898989908537,7.5835564801939,9.50257231243416,8.97982477403931,6.01064828923681,8.67149870836451,7.85106430672317,9.76112022948488,9.5678972434953,10.7260049811112,9.78676626791174,7.29318826278153,7.30770852781624,8.10448192160097,8.82016544295726,9.20742820280347,10.4095138282929,"WNT",8.56362421152686
"216","MB_SubtypeStudy_55216",7.0381463246708,8.20238581529257,9.11675732670628,7.20029473496549,8.43255502139471,7.89907698346758,10.041226729936,8.63923426455082,10.3295798152386,8.6797849271179,10.5998015246856,8.4999245123499,5.25898398046255,7.19679706582929,9.1101140135911,8.22257712621419,9.83078711139879,8.22031283895254,7.93950770557579,9.27153095730977,9.28083586765831,6.56840047695349,7.98576158529554,7.62597825908939,9.10115565139147,9.59569131441811,9.90700977750065,9.26024253096129,7.13659109411369,7.56318245053545,7.95737993976245,8.55476372181898,8.35887374196924,9.41598126956501,"SHH",8.47180077825716
"217","MB_SubtypeStudy_55217",6.63425579290949,7.86892617007599,8.46877378301891,6.72285139341603,7.54138696863317,7.01812991396507,10.0498836331748,8.63084082969759,10.3610374856836,8.54954158539419,9.1651092523335,9.09020097200671,4.59828267476587,5.58703655215319,8.64446657739316,7.72674320479714,10.484032562579,8.34447392736764,7.49829212189781,9.12081432992208,9.06504920720486,6.27921325074865,7.5002146316269,7.40062994904303,8.75963919459572,10.184300096354,10.2700567599268,9.24659352358084,7.51298876177444,7.45880864873664,9.96635169909317,8.09056290495516,9.39204839422319,8.72856810657905,"Group4",8.29294426057728
"218","MB_SubtypeStudy_55218",6.06540201940342,7.72362064300003,8.11059232448665,6.68060704828241,7.5882967109012,7.45074146333754,10.1999389339288,8.8615921442008,9.70592832006738,8.53015042236788,9.34020263777256,8.43952460216412,4.13218012834265,5.12341002663269,9.56835053519844,7.03317675101764,9.80803384784622,8.30832910598326,6.88470459775304,9.18760710378534,9.55880039246889,5.82558418230897,7.23392682241437,7.38709035878636,8.66761402007838,9.61824287331689,10.4793863307425,9.48693388641349,7.55982851881235,6.66824673339167,9.46433961601118,8.3049391688043,9.57047603371809,9.72960185058217,"Group4",8.1852176515977
"219","MB_SubtypeStudy_55219",5.82440574419464,7.87122328338781,9.08768905217399,7.17229285381317,7.98672550633663,8.28329646662562,9.93677806948659,9.03684213156541,10.3955181756915,8.70154754566053,10.8572493002582,9.24027159031816,4.43210854005148,5.69093153485993,9.12862140364758,8.23000586724688,9.71383701146638,8.73199654688208,7.598622752564,9.17210157131986,9.51281715586707,6.85180926605764,7.55844126351661,8.58193209043799,9.19810210784456,9.41179024020142,9.71303969159029,9.76092599098165,7.45438701754241,7.61241485774249,9.19272494309895,7.51466992026976,8.17389090485337,9.68620270399375,"Group3",8.45044744416319
"220","MB_SubtypeStudy_55220",5.89346053685704,7.73747753887187,9.19371728423024,7.2771512350446,8.0279451653552,8.18323707634506,9.76493755747332,9.51846528058097,10.4307983456991,8.85086477136013,10.0396377112972,9.30898209239662,5.78131416314426,6.63426803110698,8.91317077751977,8.25243778455395,10.1675792243608,8.83286026074557,7.31237647017888,9.25171133879342,9.80790137749095,6.43382723902701,8.35170728539861,8.16880042532321,9.15293378087208,9.6864223832426,9.71318771582262,10.1592817524119,7.70348253918101,7.73700094668329,10.3146861658471,8.24022752390976,8.26169941196132,10.0869507610634,"Group3",8.623250057475
"221","MB_SubtypeStudy_55221",6.34579059045818,8.19401759549515,9.27539765168401,7.26161237186652,7.99387090934832,7.91534687223158,10.1019049269603,9.23839045151858,10.3205104655867,9.24092599458407,10.3148591185982,9.37938201000928,4.44575190210887,5.27238542889051,9.27558229234365,8.20820958618079,10.2730770421809,8.43047812589002,7.48048599025831,9.53826549874373,9.57742220302259,6.86281102581956,7.8719908204664,8.02481249059282,9.31082708893013,9.9952949720204,10.3031837650172,9.99488199651764,7.70198527420389,7.22800379156161,9.58040764449282,9.18381986050594,8.39660630313682,10.3525825351413,"Group3",8.61443748812843
"222","MB_SubtypeStudy_55222",6.40533941302549,8.54175923164725,9.70766285660372,7.36035608914198,8.25302368166795,8.19670055944768,9.89745583865554,9.91553685314032,10.3040839294951,9.0441827307888,10.4670493127598,9.35024572250648,4.60106626010334,5.44093767015783,9.46593640672176,8.18200320421381,10.1857194848322,8.67214194745472,8.17380093430976,9.63230158099654,9.35399134370875,6.36196459057264,7.89227669003812,8.22928648521629,8.55875537559074,9.58662503873253,10.376831009308,9.84136140932452,7.75019082597232,7.37231467616173,10.7796543496083,8.06487931554352,9.13171794731717,10.2966671629291,"Group4",8.68805352728511
"223","MB_SubtypeStudy_55223",7.61704908980359,8.45292105005419,9.29524983347127,7.42001151829763,8.27939851940891,8.02095685090044,10.1880546455656,8.77187726680198,10.8111509769013,8.63413285546238,10.6367825920301,8.37285496192251,5.44982767014602,6.63374760666377,9.30136700852188,8.26498947836453,10.1649712968713,8.0805082372098,7.64598995491861,9.47489853146122,9.04395260592076,6.94352254667709,8.21110784011127,7.69194457276542,9.43629020786935,9.64396798827256,10.2474580251783,9.55811254941794,7.40250156661329,7.56071537900356,8.45614173543508,8.44721060677552,8.81682304255026,9.84485979180235,"SHH",8.61239260009323
"224","MB_SubtypeStudy_55224",6.66331329477573,8.18143887612927,8.53266847060616,6.77853402654079,7.79307868562423,7.50201364114561,10.5509596066315,8.67490153732274,9.90465173455734,8.37568185613119,10.0621205720566,8.67587154615412,4.18082720496951,5.23660332537373,9.52973828278705,7.82833307975585,9.48419224071605,7.6798662648048,7.37115947649478,9.26892543176276,8.89159158290973,6.27542839865651,8.01296016196083,7.79288163129641,8.55504636496694,9.61351282088434,10.4308242728054,9.01868446843489,7.27880079864741,7.37773969497531,9.16476304293371,7.66868623207902,9.21620779893285,9.23458067283748,"Group4",8.25901726754884
"225","MB_SubtypeStudy_55225",8.32724021685196,8.19611636166696,9.78688103747386,7.38746360564104,8.36329488998493,8.60953758997024,10.2498891518789,8.74305494823447,10.371594189709,7.97293144603486,9.76915085560247,9.3843244136468,3.671147139801,5.33848286683814,9.48307851388745,8.35432131387073,9.34545202256096,8.06290035964435,7.69734021255981,8.97230199909312,9.29670926377492,6.0767440422316,7.93289149625844,7.69071722326028,9.30366586419846,9.37616825785282,9.97709018542944,9.4927646604641,7.39908284352783,7.90623734447253,7.9336530731822,7.92147698015348,7.99631627713652,9.3780559490357,"SHH",8.40494342929204
"226","MB_SubtypeStudy_55226",5.74474841458214,7.94904965091929,8.73453648082576,6.78375247831053,8.00702027716905,8.16348019603497,9.67959454578699,8.6497392256585,10.1090036244844,8.63551901286837,10.1528059318933,8.7080385348767,4.92833727733424,6.12005228034897,9.99949073224885,7.39724274790548,10.0763370234787,8.07257438405168,7.81753181213159,9.21570237930759,8.94896741992594,6.19958728076985,8.16849749382444,7.968473398128,9.16516511537871,9.35157664203295,9.99474462819345,9.40974427115455,7.23170000949359,6.60804576641989,8.46058615872279,7.90664606658992,8.69330255220329,9.71178691702603,"Group3",8.31657002147296
"227","MB_SubtypeStudy_55227",7.20540018599008,8.13260923961111,8.45372595673697,7.12769376520045,7.61865753253278,7.52919688530753,10.2420842302723,9.06139398086075,10.0400398399428,8.09242949229786,9.16287524937369,8.71628155691182,4.10149642924623,5.71602453911168,9.23695983471918,7.7498187460775,9.66553743748157,8.31294736847845,7.33349390103304,9.15647020066566,9.15232266459475,6.12592041870146,8.14451159698461,7.6312927411539,9.34724857387913,9.32088541553398,10.4368037016702,9.52405284039537,7.3985085198775,7.29997893747501,9.42560549261725,8.459550453091,9.16270755109332,9.71676188429402,"Group4",8.34709668127097
"228","MB_SubtypeStudy_55228",6.77099718677529,8.45051733330243,9.70810866468654,7.4792933866737,8.51817438693905,7.82178066913518,9.98777849856078,8.73574121590056,10.3772001143018,8.72318906314353,10.8528610188399,8.54865025044908,5.12184589234983,6.97316515623151,9.34545766189855,8.30857880914475,10.1959515094894,8.59821341714867,7.7765376984837,9.58326509272711,9.15592589006521,6.26966663350882,7.83212134556669,8.15868490414056,9.58631955175923,9.71064206749703,10.1013775239725,9.71528911203965,7.06473284299041,7.88187854891323,8.57543753188146,8.51003439103794,8.80297404731496,10.0030989173997,"SHH",8.62486736277261
"229","MB_SubtypeStudy_55229",6.40609696962701,8.56688505692104,9.23117017222585,7.36229686330308,8.03555163840275,8.08513862519567,10.4274048484534,9.5213846909716,10.06091896513,8.97663051754709,10.6191879510065,9.28515047558695,4.36222765443755,5.15373402098216,9.56998708157783,8.20579405808805,10.5337949815227,7.65227549562438,7.58154900534684,9.39173554243255,9.26725269975196,6.20557225834537,8.12038548298938,7.86546004611092,9.21159675296147,10.5007764624719,10.7167083430309,9.59579294263538,7.23258373343255,7.06302324869277,8.61871727623986,8.74442450544126,8.60908113727177,10.3647424540473,"WNT",8.56308917522958
"230","MB_SubtypeStudy_55230",6.15413554163531,8.02447821888056,8.27650123264676,6.66780245843787,7.52389250915089,7.43438085745927,10.0328447166574,8.55702973355372,10.0747924277526,7.951696436084,9.6898797845972,8.47529931017611,4.87269747169634,5.48741121438272,9.4606880906488,7.38914943273734,9.22824715488597,8.31162164627628,7.27515224393468,9.0788025268297,9.14448889673766,5.73106397685055,8.50535964369946,7.3479920681787,9.03986904794797,8.87803201272962,10.4090501454039,9.28662136442664,7.35854548940891,6.90791048371093,7.40959428310296,8.04363004822902,9.22247067850279,9.2675064202259,"Group4",8.13290110492878
"231","MB_SubtypeStudy_55231",7.03113697883445,8.56040730923059,9.43189764985142,7.42690836706453,8.15699358652254,8.31093502929355,9.85242956319444,8.97018840711897,10.0965902061587,8.98588570436428,9.98576773538014,9.47671176734612,5.45267164445757,7.41835917705273,9.9091337221615,8.41025245282398,9.88014276588393,8.77417275137018,7.96078122299286,9.59738026359129,9.38609418999769,6.2974845273935,8.19939340617344,8.46682034067147,9.43960160766132,9.5973561118587,10.3357717217143,9.75799862893476,8.03516941717032,7.23307063310925,8.52228939513586,8.70346062147879,8.77278528996113,10.1807192169755,"Group3",8.72402239449793
"232","MB_SubtypeStudy_55232",5.64619677344622,7.98875301409178,8.03384747608897,6.30260280203033,7.99451118309531,7.63567307202559,10.0610661388339,8.79263957560537,9.88112257212874,8.32622004109987,10.2927834428511,8.63318559599443,4.4237434471498,5.79088729421669,9.22117575153209,7.23472637467561,9.77400961753332,8.26399841678888,7.11920320743778,9.19621332478767,9.12571453666157,6.13815337961296,7.67130798150033,7.47421913206111,9.32210701520096,9.74744053903258,10.7792202603255,9.50542433501708,7.5697329172458,7.05154332742711,8.72831386168239,8.41701105504986,9.13607105307303,9.39688014436371,"Group4",8.25516760763728
"233","MB_SubtypeStudy_55233",6.47578904053488,7.87211166571647,7.96032444049684,6.68976685766363,7.64939672474392,7.39821844514396,10.2919875901875,8.30746083188855,10.094872709299,8.0892268625301,9.75428365532923,8.55475489843246,4.4661512062546,5.34317511093609,9.13103002057485,7.63787456216625,9.5000591424436,7.90017357233964,6.99242037292765,9.08880287710993,8.67466144503811,6.1091076510099,7.9304011758211,7.67628200411283,8.94645379209446,9.57802544007703,10.4799989282569,9.03638066564011,7.13411672575495,7.10038654871493,7.99966531517971,8.08566739689737,9.43170961892769,8.74401561436761,"Group4",8.121316262018
"234","MB_SubtypeStudy_55234",6.36486110882785,8.23316759764504,9.17002150842763,7.48778523521563,8.06930937231145,7.73963365186052,10.2993016575371,9.65886979326239,10.169513287869,8.90287615942455,10.7076927639587,9.4558434994314,5.30154705657104,7.04794810216937,9.38061116468407,8.70586003704185,10.3206252676057,7.93183582272109,7.47030266257686,9.48158611929551,9.24767918466997,6.25208625672618,8.91670539717156,7.99778590046278,9.47541894915706,10.4604947517607,10.9010930307386,9.59753969842344,7.11155744054849,7.58581678604792,8.60631362005966,9.36506918643648,9.2570234039973,10.2680415439074,"WNT",8.7335828534866
"235","MB_SubtypeStudy_55235",6.94675666008569,8.19330983837539,8.97383210185249,6.94777800576455,7.65609798423579,7.84658998948925,10.0335064676958,9.01004964371391,10.0142451074195,8.64162163641858,9.28414329406918,8.49705273730323,4.08451250205416,5.3520307280675,9.01850650117051,7.67426807882817,9.81084799486685,8.54670121712713,7.46733980305819,9.34982483674927,9.47174511013721,6.01545839933433,8.15671249494497,7.85143119464124,9.1238529012006,9.33766742567324,10.3402856926017,9.82443692080694,7.77213536113088,7.33378250251953,8.45229903025428,8.06758637416216,8.63797399977729,10.0348678679054,"Group4",8.34615442363044
"236","MB_SubtypeStudy_55236",5.86087942148115,7.77160778793953,8.26204649193648,6.74505350377226,7.76980331550948,7.65075701734894,10.4180463475175,8.74194895381297,10.2189051486229,8.26889285906296,9.94632978969937,8.8791511648025,4.44443666173002,5.52786770655548,9.68602904883147,7.63203280878283,10.0657857692099,8.34132556007561,7.21754218018737,9.31040459169105,9.23184347466661,6.17600704372422,7.77125653490076,7.45896307056153,9.43892909577933,9.57691389447697,10.5345514770975,9.60467405565163,7.2790038145804,6.90756774601791,7.8746305965757,7.91080331207837,8.952631172294,9.74584221262961,"Group4",8.27124893028248
"237","MB_SubtypeStudy_55237",6.56964090427386,8.07052329441875,8.07060408912226,6.69566560825016,7.49625744309658,7.36680532820994,10.2570323529115,8.75384858616668,9.87732242288632,8.23665045592409,10.278145559641,8.42570090854602,3.98609264609921,5.32254908236469,8.95433535982714,7.29833932301034,9.79045075478904,8.40639256483168,7.08287663610748,8.83049477377113,9.13527041475825,5.84286737280389,7.97128460476769,7.55038628047538,9.15265862818255,9.60370539963535,10.3761447043802,9.4875182280784,7.69543102791353,7.10566366981058,7.71231758421126,7.98034199303325,9.30673859875539,9.53095610994166,"Group4",8.1829709620881
"238","MB_SubtypeStudy_55238",7.43016034752821,7.53640864630395,8.67034162436977,6.89123028336504,8.16841941679184,7.69026377382876,9.49413533559948,8.49889138298746,10.2335498053478,8.13957456718636,10.2423163304701,9.24205003016456,4.56274872284416,5.42064413194037,8.71565019820859,7.97842654704121,9.53722745395631,8.60723939019104,7.7415484055158,9.20903041133162,9.08005843933319,6.26023593899885,8.1792407065992,7.64037286355532,9.39417267527611,9.31899565591687,9.5889409546356,9.29734528049643,7.0016739851195,7.67810748921922,7.59437526734533,7.50960271218417,8.30464045662657,9.38237048596913,"SHH",8.24235263871317
"239","MB_SubtypeStudy_55239",7.38953619515798,8.26791958044871,8.95126522584154,7.08502716467268,7.58105154240135,7.57628466229291,9.89006982662712,8.22928077104416,10.3124094838925,8.651385515306,10.0931735540584,8.19987415252394,4.82706613188043,6.50999256323206,9.38287437831173,7.88904625225821,9.60321508520159,8.0024130108753,7.75943501342215,8.67899303103593,8.9704339637309,6.40468788854969,8.14401081193659,7.57670904068155,9.00723620759242,9.46769029019978,9.94608420420793,9.27052120307562,6.96390440747298,7.33500114202823,7.62317306596858,8.69533661372018,8.82197687758773,9.20106141002196,"SHH",8.30318059609585
"240","MB_SubtypeStudy_55240",6.21128043427193,8.25961008630128,8.74755576458718,7.00735849389111,7.99802960693117,7.18578357382929,9.76815341814904,9.26867850815964,10.1644438746779,8.61786267214627,9.19531233771882,8.5580706804626,4.81679826238601,5.53615272715982,9.14793683829905,7.8245595580795,10.1142712633019,8.72288527705707,7.27810753349882,9.30118900985456,9.34863803641752,6.16449094636668,7.82694245812586,7.32248982493302,9.5861389623504,9.75114417037378,10.4084385296515,9.53664997838623,7.76302034130135,7.54801582385819,8.69321417228874,7.70434664468474,9.94481853286814,9.74119080597066,"Group4",8.38422291612764
"241","MB_SubtypeStudy_55241",5.89116301573263,8.13118286097991,7.71746317519236,6.72914469496129,7.96619991759198,7.82203007411063,9.86654566153931,8.87845025837814,9.67897514016046,8.57473005286708,9.80430492036969,8.88986002989262,4.31991921552669,5.60491019085448,8.83011925843586,7.6172679024773,9.96665501328015,8.45310936256358,7.40631315617595,8.87236197910476,9.34555052688259,5.81471419152673,7.56909494553307,7.07908498453029,8.86744578987175,9.62043001199348,10.1215555455096,9.80299422709712,7.38592328823084,7.52108869894532,8.41994353720504,8.19170117937013,9.55540588931227,9.3061824428368,"Group4",8.22417120997176
"242","MB_SubtypeStudy_55242",6.40720007497685,7.687666491179,8.78735726942249,7.30885342703371,8.25265264177395,8.12479894863135,9.61824451515376,8.9678676900318,10.04021576676,7.77063115705245,9.40542853155772,8.94226191516959,5.00849218689652,5.54306148055011,9.83516604732892,7.65544749948107,9.78569270008808,8.94244696739448,7.68608930768601,9.74770054794654,9.65157625529008,6.18663362315314,8.30882516800633,7.88408762183285,9.40874640875384,9.39372584006817,9.84359211001638,9.92474084291387,7.7539819678039,6.87310134571608,8.78660747184212,8.11897185226159,9.04239424499247,9.99983198915824,"Group4",8.43217917376245
"243","MB_SubtypeStudy_55243",8.006455066727,8.14195255646768,9.07180883334889,6.9116578268824,8.06760546115355,7.84857039487508,9.89286574548756,8.47318031117039,10.294919050311,8.62912753876722,10.5956837721739,9.16174494756601,4.57528721929838,6.03788137410518,9.0104019822419,8.07702246026451,9.80919483073266,8.33315681787495,7.68505645078902,9.38189664436242,9.02619472530764,6.06583920602256,8.19955787449517,7.7179438554767,9.38235060659963,9.53779115729431,10.011674102784,9.2566058948577,7.02687108613469,7.35893368731293,8.02013817010538,8.08167444412663,8.50367143484402,9.7241901451222,"SHH",8.40937957867892
"244","MB_SubtypeStudy_55244",7.32802614411897,7.77275222886501,8.47982687306092,7.05241352769944,7.28893138389147,7.96942099530424,9.65408317516971,8.72660845560372,10.1687790584772,7.74592085041605,9.14753431203638,8.74813885128868,4.69966407110843,5.79694936185717,9.15298537550966,7.66016847709412,9.51842665402978,8.64192811900523,7.9105458562166,9.18500249127467,9.50167124552029,6.45215950487696,7.93396950461324,7.77480630459456,9.05438950016222,9.25081345902835,9.6941557654223,9.68150849856695,7.74991647656844,7.39199414484557,8.43347508066829,8.12214470025627,9.34284284496036,9.31899979880327,"Group4",8.3044397967916
"245","MB_SubtypeStudy_55245",7.79236067087657,8.33119118654701,8.73474898184452,6.97672706321715,7.47281312858032,7.67783426530299,9.92781757345749,8.20698019446579,10.1212905370341,8.37585004882288,9.95484993388595,8.64079614105507,4.04512640306686,5.76490543696011,9.45788023283612,7.92154949167176,10.2536075088534,7.17761018696519,7.70310825957705,8.66707276657369,8.69466483023206,5.9515669614607,7.90321340156332,7.49788713502717,9.05103360571319,9.48111872197527,10.4904586637794,9.1260258795873,7.14244095872782,7.69904456153927,7.556096061244,9.06227703983789,8.6134970286549,9.4681285842836,"SHH",8.26298745427117
"246","MB_SubtypeStudy_55246",5.62742436090763,7.96191032621236,8.34276757045039,7.24861989555914,7.44775488767526,7.73838400043829,9.58263334287573,9.09977891610792,9.92278401585689,7.94072770769953,9.61877106017355,8.8364108896883,5.26364060123635,6.3064080012852,9.43956128039992,8.23086661246706,10.069879403343,8.87528671262811,7.69275202204594,9.65813904493329,9.58776693782427,5.94839029196316,7.30872732434587,7.86785099895726,8.80025900961143,9.57681660102589,10.1066639030803,9.71607277128481,7.77368938060143,7.28317894488293,9.3511206995553,8.14343473506265,9.14849265848825,9.63316059632689,"Group4",8.38676839720572
"247","MB_SubtypeStudy_55247",7.06079116617031,8.11136288867796,8.58328921659837,6.79205908161586,7.79261293810034,7.92213597921516,9.93346993720366,8.21865026758609,9.99649446924914,8.41087487898696,9.97394160824172,8.54839330398345,4.08467370106989,5.32681058385189,9.17514516849092,7.52706685748129,9.73635205716129,8.10227633174236,7.80436848524,9.20311225033041,8.95919260360494,5.68712462968468,8.45958885855571,7.89660628600693,9.16125801474624,9.24535583602792,10.2372489324285,9.67557630690236,7.16749888117744,7.40269641557714,9.24361515789787,8.07118569592504,8.9691259272576,9.59584488714964,"Group4",8.29634704717468
"248","MB_SubtypeStudy_55248",7.27095139752588,7.03655681417642,8.38997760578016,6.87966111866166,7.78470951312288,7.61875981571398,9.83805277397593,8.14340266029018,10.1161968374263,7.75335768252574,9.58919505667807,8.75387432500727,4.76697644394083,5.49659544000994,9.48163876073202,7.42495713125198,9.39629520785571,8.18268318097922,7.24412892101617,9.66974887627099,8.94541685209549,6.20332097633174,8.03344928887047,7.43923688833907,8.4272880462004,9.43598420707364,10.2596050176461,9.13572526749319,7.14489267876454,7.63138095393751,8.27359803810332,7.38534941887518,9.21481907780577,8.72003058167656,"Group4",8.14964167223983
"249","MB_SubtypeStudy_55249",6.80869755110162,8.03714324648636,9.19269776644359,7.24482062354799,7.79417202415422,8.04642721369561,10.1515680259728,9.07731763749717,10.3152554923331,8.3216181976715,10.0950117175688,8.57734273875486,4.39888498517482,5.73998340416474,10.0888877725786,7.86920324145431,10.0834901964965,8.46397537292284,7.55452945079045,9.46502940610819,9.59852411878476,6.41304928209793,7.95261127626889,8.24547216458041,9.34716030553567,9.38710078192989,10.5523452431908,10.094319133041,8.21152288351817,7.21245521843123,9.75794408736142,7.69136446896637,8.24478837438933,10.7552797078348,"Group4",8.55264685620143
"250","MB_SubtypeStudy_55250",6.71312156793294,8.21060772272593,8.97452016760703,7.16582211255288,7.57460820591568,8.20565324494434,9.9275153813848,8.91561601924998,10.0153224086098,8.38070739817392,9.51346638682789,9.30417818948755,4.64286374086459,5.73331743588601,9.76230228563544,7.79679932038445,9.71403501910893,8.34687290158463,7.76639688687777,9.68480655615692,9.44914039884383,6.03376725996494,8.50797823018839,7.73681783734257,9.34117788255296,9.40908904203706,10.0454565717336,9.92921847884923,7.80356713755696,6.90182988309757,8.58344205916583,7.49057716487876,8.27613600415349,10.0166773074649,"Group4",8.40804141793357
"251","MB_SubtypeStudy_55251",5.96933172607059,7.91573354606879,8.20507243351182,6.80041700784467,7.57642459696187,7.34603629178326,10.168800671037,8.68074204376674,10.1605493195613,8.36345599403917,9.47157715460867,8.68812742857937,4.28107579120563,5.83270312415426,9.49288401783022,7.28294651028414,9.63280159044335,8.31827796653843,7.16281862643817,9.25359435870118,9.32103299137132,6.02659348275626,7.40500217655619,7.11975852743514,9.37825506002696,9.41882628619566,10.539480758685,9.84668524631277,7.31483235109477,7.21482592235657,7.91021181307356,7.75882990324649,9.62160853496533,9.57737220345573,"Group4",8.20754957226354
"252","MB_SubtypeStudy_55252",6.87347589914044,7.47708355660047,8.51548384292862,6.97370848980998,7.81870417275538,8.14662173360994,10.2165588894093,8.8627029294168,10.3101062024445,8.56646446697492,10.0787290079755,9.20716828051183,4.22952918623621,5.56277508495904,9.35007707925115,7.62739433664225,9.71875617586746,8.746055593737,7.49387093228045,9.29981235328036,9.79181241806621,6.34272641445622,7.85884461311371,7.44161024092517,8.91782207926421,9.21350445538099,10.0826714328997,10.189778204283,7.63945037069433,7.31447674399065,8.19475853625665,7.61622765401127,8.70969357277991,10.2384474909365,"Group4",8.37137948355559
"253","MB_SubtypeStudy_55253",6.55366235391085,8.06871644431635,8.61486167105062,6.47416413210974,8.12407066467992,8.16630403450515,9.70085810171671,8.60724263311755,10.0035560838257,8.71777515134545,10.507029894258,8.97226489307578,4.05783179365212,5.85241798645952,9.5664601924714,7.52687810990075,9.89270960943111,8.61764175427044,7.91589167531184,9.24264052906963,9.28249635034029,5.7727214585847,8.27116409604587,7.75861773366217,9.23247204692761,9.26790536732009,10.4406075181321,9.88756832581994,7.38264052177907,7.090520307286,8.38737747396561,8.20678220438354,8.61020081043381,10.0193419965557,"Group4",8.37627629175633
"254","MB_SubtypeStudy_55254",6.83193833911732,7.70902507084053,9.26924417844856,7.04544662888892,7.98174612256031,7.88771653278538,9.96101657905783,8.38160922333984,10.2560038957336,8.86757434260208,10.486930107336,8.97517578127981,4.42375651655096,5.70818023018103,9.07421028181357,8.12457439598102,9.99902742316746,8.22304022640043,7.63364257406437,9.63848761055809,8.8000694295974,6.00644992713185,8.53556984989634,8.10519118086996,9.25483417854375,9.65339248545494,10.1784945394357,9.45203332728166,7.0358794692465,7.30903477537622,8.52512640214715,8.17695523091793,8.31489169493396,9.6341709190012,"SHH",8.39589527854534
"255","MB_SubtypeStudy_55255",6.8796122498715,7.51685225147431,9.42738069814307,7.09108763316067,7.92381865629113,8.25776558513291,10.1234796662791,8.64054334673673,10.0954424144489,7.58825815754111,10.7475001609604,8.55834050785936,3.92150852344343,5.54300761842595,10.0508085402225,7.54528488055572,9.97987255620747,7.98767915285753,6.9614578985061,9.70453215545395,9.46399989385362,6.14710435741061,7.74553468560509,8.12445982442987,8.62510579368831,9.53610717959325,10.3530718706138,9.95254506945662,7.86189304804961,7.15726042006653,10.0286465633502,7.38770009152999,7.67857503558886,10.093058749336,"Group4",8.37350868341601
"256","MB_SubtypeStudy_55256",6.70680948226201,8.03138128939645,9.21544595213554,7.04260292663007,7.91350834765866,7.91736327513704,10.2456375000031,8.77776574993376,9.94845032668211,9.25548357703397,10.3495851795578,9.00267512521758,5.57136923978762,5.936543897984,9.51771522739962,8.02370649041068,9.74948694662259,8.10180635430269,8.00736543677892,9.37827383726397,8.82591280220634,6.25370730360506,8.35201641445506,9.02962568318495,9.16395578546486,9.72422321926356,10.377511188651,9.4180795795824,7.33866858461001,7.40706562333737,9.55245448743886,8.68288405526241,9.27290764126479,9.68288462473054,"Group3",8.58161391633104
"257","MB_SubtypeStudy_55257",6.60259474751147,7.91565393855488,8.96260934640512,6.71841076444967,8.10562963276119,7.72220594412878,9.47856281288675,8.10132713700855,9.50091493539921,8.51651010810085,10.5506302172773,8.72049160662127,4.04623112107822,5.86375298382445,9.74168479396783,7.0772336462865,9.93106846801101,8.53454065523611,8.01483175723148,9.55897762768313,9.08684278367932,5.80999297003185,7.93776199345216,7.62694235000498,9.29627520355001,9.40097807113533,10.3210180316809,9.462669045699,7.34971165938136,6.91857426577066,8.78893741790691,7.87515416607619,8.4074169331782,9.7151082574989,"Group3",8.28415427627852
"258","MB_SubtypeStudy_55258",6.07075415740925,7.83643925764137,8.14835058132167,6.84901561979685,7.61149120066377,7.55916890223671,10.3766823368829,8.76071208453588,10.290775208365,7.99864565552819,9.32352638220343,8.54880509449655,3.89984238988148,5.67975358253363,9.18159404291923,7.70428189256143,9.84382056454454,8.23059246875837,7.16864249448937,9.38851630423881,9.36138335007516,5.97224214256455,7.25780550588851,7.3789809005977,9.42147804687209,9.58471772083878,10.3087961993362,9.6742884545152,7.68185518077274,7.45581356992558,8.50332803619269,7.54741219206015,8.81411416330826,9.32746237296163,"Group4",8.19885553108581
"259","MB_SubtypeStudy_55259",6.39190090680806,8.03840296777858,9.06974030181933,6.84853413927828,7.60331131267691,8.52528524836574,9.88376038792098,8.55062645544222,9.90312803336591,8.77291257035079,10.624541936796,9.00381088736881,4.0475735689018,5.64070132523817,9.80852526501349,7.78145506687646,10.124873372576,8.10261600029142,7.79570415977446,9.34781369858596,9.14205382777892,6.0132981861856,8.23214741539959,7.76117771370475,9.02091372710451,9.29339022730938,10.5928364807813,9.63782514576156,7.63876195795598,6.99345797306367,8.33992102357087,8.18649353703855,8.76595848012821,10.0325840667579,"Group4",8.39753051081677
"260","MB_SubtypeStudy_55260",6.34392486433644,8.20605661545031,8.83866423168599,6.76418393567052,7.75714102603564,7.69510362334833,10.2021988116112,8.22423668176476,9.87693311496021,9.20813235969032,10.3544153361076,8.88780980955486,4.06405967352873,5.43186191852907,9.34387292458505,7.79750202244424,9.85059944418256,7.99143899721867,7.8523517307226,9.2340801771115,8.94771707150393,5.90672748941926,8.35995282617839,8.40991059394357,9.17927028707524,9.47904533617246,10.3317650456892,9.21505803434034,7.06073226758746,7.18209581690267,10.1058356056055,8.4567275877371,8.77802438056114,9.70558843639118,"Group3",8.3836181787543
"261","MB_SubtypeStudy_55261",8.10906017017686,8.26865269980835,8.9159555038592,7.03390556203097,7.93198448313487,7.90968493208076,9.99641012260015,8.29051329025109,9.35411841980745,8.82738790645917,10.6526862953094,8.50820521626881,3.94683161242653,6.08062888582494,9.21964552520529,8.02623170567164,10.2937602839917,8.06502843071751,7.58370253034489,9.63329621654026,8.96271430801332,6.70492468088753,8.35365106147105,7.59674514161814,9.31342181408431,9.63651558725575,9.73196889673173,9.39327071241418,7.19351998137704,7.54137196112332,8.29120070030358,8.29390187280722,8.46943833986744,9.68299867869909,"SHH",8.40627451556363
"262","MB_SubtypeStudy_55262",6.36017306512278,7.72217943478753,9.31283293822843,6.96856135304464,7.7766261711876,7.86815239724143,9.90965145559567,8.46767746005112,10.481989650902,8.73609938670476,9.88684392367956,8.67602904182861,4.64210223846081,6.60400112034186,9.29599608134626,7.66463737381016,10.1604906296559,8.70534529289165,7.90655903129835,9.16844166011917,9.02548759706725,6.75294826871026,8.05498337008383,7.89747195751161,9.29707930325184,9.51527623569728,10.0322688525904,9.69155213536369,7.63865091803251,6.92595743674767,9.52626577056148,8.3398816012679,8.31822807897107,9.98494078751886,"Group4",8.45045241234335
"263","MB_SubtypeStudy_55263",8.44061770168266,8.29472592306326,9.37880126017069,7.22921211103427,8.39661393847807,8.15210295727996,10.4821910047734,8.53892167688003,10.4372241830464,8.70313852475912,10.192893770711,9.51819431321393,4.08860887128363,5.07444012701619,9.27480913277427,8.62941196393323,8.9758338841416,7.83963902201453,7.11902418230088,9.67714352239524,9.43352237161518,6.65029039904016,7.91189908497089,7.55565849848342,8.65376915019795,8.55481041281596,10.4248127274815,9.72998164125717,7.29847925310425,7.3879587143703,8.48822026479716,8.48951502513453,7.95674827810721,9.77135780031839,"SHH",8.43384034390137
"264","MB_SubtypeStudy_55264",8.26659622758708,7.9582186993288,9.38021687359704,7.42099570206743,7.93937569731676,7.96691518037996,10.4866514221187,8.2321486131798,10.5045372338923,8.79704461984257,10.1111134706296,8.93607169824297,4.99125362073154,7.71323217915242,9.67458280301372,8.19754059529326,10.3219762622301,8.08930276377899,7.20908498197887,9.55631136866228,9.16618208751104,5.8625685694765,7.85553644763217,7.61446052981345,9.64908283258287,9.71103182924315,9.88309740415489,9.67074112178551,7.53956986986904,7.75208221243101,8.26849273596654,8.9404443274114,8.50469613316549,10.0634570109863,"SHH",8.59513568014863
"265","MB_SubtypeStudy_55265",8.36506150690377,7.87737168130956,9.09154957319874,7.0606152339358,7.66060355702092,8.07314841146552,9.70637706095753,8.12920265338401,10.2288240987111,8.32428243169574,10.4308840600574,8.76068121233636,5.77637406220813,7.52421248155071,9.16521918878478,8.05084435002172,9.84249960349588,8.11282382795886,7.69773614248891,9.44776632244293,8.9287434369763,5.81989293001591,7.31567005661987,7.55596675253917,9.53928127752252,9.5415748934624,9.91672134352152,9.28534097078245,7.27213643158787,7.24057042137798,7.81473771600836,8.00995135070492,8.26337833157177,9.57623424266667,"SHH",8.39430228280253
"266","MB_SubtypeStudy_55266",6.35762541900261,8.16209669491656,9.29378734541698,7.14647110332282,7.89498519741403,7.94854017151478,9.9443857851608,8.8831816790567,10.1313147901624,8.46533578412159,9.60650139233515,8.8721389995989,4.24434455161602,5.60307803611326,9.53422291685107,8.01815934359019,10.0586170035511,8.16163187970653,8.16890177422798,9.30997063832702,9.16519399954152,6.5388999874263,8.1790417761175,8.35114384298694,9.34878831593846,9.43931639248467,10.3915673414255,9.84654461216306,7.8793480223589,7.31065179979284,8.37793402624584,8.61016599010804,8.64952832212576,10.2066750004634,"Group4",8.47353205691721
"267","MB_SubtypeStudy_55267",6.47786936881956,7.96894466375143,8.45352014264835,6.57493770795453,7.585628287277,7.32480284179514,10.3751312005139,8.84495327124536,9.89973223901937,8.13495627029995,9.22129963698142,8.66781006791377,4.3606615439189,5.70148417634591,9.2498706647452,7.83491949848811,10.0096965547773,8.68590216600933,7.06470635278074,9.32474683616612,9.1133015085895,6.00559888926799,7.88586672058151,7.5914461341289,9.61351559323022,9.77958873514032,10.6469102066412,9.6226964172226,7.63747084744372,7.13342491360767,8.65701470608343,8.68019418754793,9.76520622160792,9.72744211840163,"Group4",8.34180149091017
"268","MB_SubtypeStudy_55268",7.33288079977736,8.69925879697131,9.45002693919624,7.77984374364372,8.1933306586576,8.68958910620146,10.1883908984777,9.32585786704397,10.9707602748206,9.26698968993474,10.1616862746276,9.30895047969709,4.670450059034,6.97751041780297,9.77793076962724,8.78327720547501,11.1329880950153,8.64667685718463,8.23575459038328,9.23842063771942,9.09045365320787,6.85982357602727,8.19155683231341,8.20233737063081,9.70832262140262,10.1026652348727,10.4347333037945,9.69644942165545,7.39497869641286,8.72121888700656,8.70736177389136,8.71450752037195,8.79656193793795,9.84576718283057,"SHH",8.86168565216609
"269","MB_SubtypeStudy_55269",7.00108373096266,8.25340769198126,8.85404779928061,7.13142741600306,7.65960442969129,7.80088398467818,10.3073967290258,8.74400998420611,10.005972941854,8.69117083587884,9.7627274589395,8.82866100299117,5.12767499815715,5.69114844339546,10.5000015779348,7.96573070825257,10.2582534446052,8.27270290864083,7.83258951121581,9.27353531672972,9.4724385292343,5.94966107225231,6.80883316372189,8.19538907847487,8.84279532198554,9.64476830243121,10.5368563042563,9.855820809778,8.32117716021054,7.64637254175667,10.9140627588921,8.37614822797075,8.76749119728746,10.4344034353778,"Group4",8.5802426122957
"270","MB_SubtypeStudy_55270",8.44436015493917,7.93113654805198,8.93920102622423,6.71767388666174,7.84279198015821,8.04396587922306,9.69087256295335,7.87106274392564,10.2180726057622,8.33870539354982,10.2529680804783,8.64348245699321,4.46727601235287,6.5678836670931,9.27816584912267,7.93249718611625,9.98205808860953,8.18142103049632,7.57512914512633,9.21512059293596,8.80043857304375,6.0558205075976,8.47446003325318,7.78075501857266,9.35264077648,9.55354508186761,10.0949855845317,9.45950188168796,7.44011604692646,7.70598331593949,7.84977544468665,8.08720748864545,8.27486830367037,9.68260290583939,"SHH",8.37489840745636
"271","MB_SubtypeStudy_55271",6.45471709545649,7.60660745844582,8.69503177846834,7.0029051764244,7.79717095189019,8.3828057724678,9.96906890917926,8.22695470977141,9.9518419205915,7.86637625338616,9.93060007189896,8.71329012589403,3.77206481519328,5.26755913825655,10.0350501817189,7.05191447058815,9.86927295260589,7.56047103522187,7.61846865152983,9.48771389135235,9.0292879748254,5.66341671027662,7.93165461895536,7.68110511599792,8.35567823520024,9.16963559702411,10.3636901733269,9.5431211817576,7.32817800084217,6.48099187846329,8.7745228238543,7.34684307564998,8.14278347330819,9.54589181501696,"Group4",8.13578488337765
"272","MB_SubtypeStudy_55272",6.43837967555914,7.50950297802641,8.96244164259066,6.59327108384784,7.54769046083735,8.2911325776044,9.70936106812593,8.90350772498198,9.7710767965089,8.02692707032268,10.0274960516524,8.79919462041533,4.00129295771163,5.52023294187755,10.0270154570491,7.58632330949386,10.0970463645514,8.5168642930579,7.81537638037624,9.35921629072367,9.47194551257574,6.08489337919018,7.96390103453664,7.58650541155302,8.51719218081248,9.46701533155652,10.655469847097,10.0540253582631,7.92374067988085,7.0619953472116,10.0396523690068,7.66776278937072,7.8410930836814,10.1219422127826,"Group4",8.35177894949509
"273","MB_SubtypeStudy_55273",6.75304102011739,7.93376066390514,9.38882424541091,7.08756379160757,8.25937318649442,8.09187084848439,10.1058058615661,8.90594336627422,10.3318000626304,8.96477095776587,10.7900624103394,8.82189213665988,3.96019309119072,5.41512493595518,9.58845742999752,7.58870683962772,10.2808294785912,7.83170247577107,7.51051575688584,9.59251252970709,9.28672474184583,6.13029894641124,7.78830322744432,8.16912711597265,9.08189234903715,9.64298462706157,10.5973055547127,9.93181098860472,7.71031078245231,7.35998309236606,8.79467986769373,8.00167282517067,8.10238037796221,10.3828888424976,"Group4",8.47597395377102
"274","MB_SubtypeStudy_55274",7.08210491580394,7.98113650046114,8.94431990353883,7.04127500031213,7.57964841182684,8.11312062371546,9.90115209725667,8.98416189064584,10.1951383065278,7.91000754600582,9.48588413997,8.8313673856155,4.33040717904785,5.37230537143962,9.3949882410028,7.87887343800097,9.74555974599738,8.24031089082035,7.73279395151905,9.42208227189879,9.56460694414799,6.18458933551519,8.05423808092062,7.67985424938942,9.21158094457095,9.44866969676694,10.1025822932425,9.79945378712992,7.70561916183747,7.13639356683228,8.91292908477781,8.46202705016097,8.68946508182636,10.0159597812881,"Group4",8.38631196675921
"275","MB_SubtypeStudy_55275",7.17063417933512,8.03191793500737,8.96249678186516,7.11900096586435,8.03575768788783,7.55876060939243,9.74748223025136,8.19692443319414,10.3108016177175,8.40985878597381,10.4988620942271,8.71229423392733,5.26854602771432,6.85193622114754,8.89861013242394,8.06959817078424,9.51715690483321,8.31095669279143,7.61409604696568,9.15281268160099,8.91720493946017,5.99956314482613,7.7589550023913,7.56188919983636,9.36752024042066,9.36334039979772,9.64914714734065,9.15861998621664,6.89894050324259,7.41874992108503,7.59588847921817,8.46211069902196,8.69519567027489,9.47263062240792,"SHH",8.31641942318956
"276","MB_SubtypeStudy_55276",6.27692143780861,7.892370794255,8.80581138714829,6.71846421633551,7.64336437794373,8.52821612745115,9.62858342011073,9.34953502186416,10.2083198377994,8.44757783960152,9.99025602535153,8.91813771016547,4.59773521097723,5.83781840325908,9.85876447577156,7.84665980137185,10.3197594630971,8.80287652247197,7.94856536649659,9.28697999979312,9.53550960473958,6.03126957478215,7.91831119775798,8.07847635305736,9.19323183475416,9.61550929781019,10.5738346291564,10.0962711812797,8.07665558178853,7.24142352619031,8.35807449790564,8.17419746407469,8.15447877013147,10.4085477648885,"Group4",8.48125025639383
"277","MB_SubtypeStudy_55277",6.85440257035272,8.52608475860773,8.72408937403847,6.61532550316772,7.69924706246059,7.49914457782038,10.2971242244107,8.4980591458493,10.2744680397245,8.76289908578627,10.4980936726747,8.36481681665901,4.00717036757382,5.30344432879847,9.29413717394752,7.47896346215213,9.66014879005106,7.76481533445324,7.93197959553924,9.11037643935907,9.33074144575171,5.71548689054915,7.96907673813312,7.65231123247176,8.62063813868284,9.55940945189252,10.5330776821791,9.69999285082816,7.51854192070478,7.40635709637543,8.62022458346913,7.87378510993246,8.89537202703094,9.99170070384078,"Group4",8.3103384175079
"278","MB_SubtypeStudy_55278",7.72296122751579,8.19768604021322,9.33143403114529,7.04805276053746,7.95011771443892,7.81533353911581,10.1072586406589,8.51731851337969,10.3804867897666,8.71347277524329,10.5061233142944,9.18207386882809,3.93382339491264,5.6754182705632,9.04780382888112,8.19718773396835,9.82514374196795,8.02546980381481,7.73761310655283,9.30253122259355,8.90430721694486,6.00043515962056,7.74971834680312,7.61261259823698,9.40943797407775,9.63480875176655,10.0761538246462,9.3735557480523,7.26189351013317,7.38549102475477,8.26624382137275,8.3030078655383,8.32963500660234,9.76292192895347,"SHH",8.39080979693809
"279","MB_SubtypeStudy_55279",7.08731124796143,8.39081272268302,9.46297161085149,7.34105662383982,8.01986303837059,8.13466512138666,9.96739024873993,8.68235755867544,10.2026424078411,8.43841007451074,10.4216573028708,9.60087750940205,3.89469962511887,5.74088730428682,9.07147634559144,8.30258438960496,9.65760783092427,8.41520166653983,7.66558544121826,9.23719104126177,9.43686334418939,6.58136509549415,7.99499086113466,7.94046364340652,9.32265812854245,9.51807716313706,10.2252048253572,9.17450833501999,7.01399856998801,7.61343070889503,8.28620519419048,8.01224328025843,8.13433195468058,9.52266692680277,"SHH",8.42683109243459
"280","MB_SubtypeStudy_55280",8.31910045344349,8.30517399882437,9.02016690327059,7.27689081564986,8.12355812612819,8.39386235138704,9.76563222964364,8.22713532312911,10.5938778250346,8.36076192873932,10.5446850027939,8.85748130028741,4.83585131571074,6.18991446338927,9.27954670080633,8.00036670585362,9.98305208088765,8.18482447254248,7.7058854910355,9.52058859053132,9.08171919414517,6.07956316423744,8.52157214195931,7.71306062228107,9.58996321783782,9.80321399764053,10.1134478418967,9.38257356089543,7.44053409400673,7.77528120175933,8.12092919480085,7.83594770611537,8.02623504884526,9.8667858734814,"SHH",8.49527008644091
"281","MB_SubtypeStudy_55281",6.10909493893205,8.73200398714717,9.07682952612377,7.20243553475555,8.16207689125872,8.35687661324952,9.98291934639156,8.66232081762299,9.79666002180002,8.70919186568055,9.54432453172748,8.89183430396397,4.38580717775979,5.49861234911821,10.1207453534848,8.16816326493026,9.94079260036668,8.34453805340102,8.62380362705682,9.35316254186741,9.10030645157579,6.17263007620331,7.54988084982609,8.37675258735108,8.77067960685074,9.73503054292103,10.4683564167398,9.5021991588695,8.3422665447103,7.27380359914341,10.3364532389413,8.26570192008333,8.96301489269214,9.75790926998648,"Group3",8.5375640736039
"282","MB_SubtypeStudy_55282",6.16758449515293,8.03022116093529,8.96867309918955,7.12533770109962,7.63371322157576,8.64163808624525,9.85082647710936,8.80071933420203,10.150095781008,8.42519151400872,10.4933882248715,8.71311348592129,4.05707539566673,5.14595722881885,9.9307567823879,7.89576735914175,9.91792394978954,8.32761097244921,7.88109229464446,9.53201221700286,9.03740261848894,6.16021755594,7.91004566357778,7.97253520623288,9.09699277320374,9.41134035524708,10.3901911802516,9.5781093224195,7.50984052970118,7.47495685995587,8.77640463843789,7.83385284620638,8.77255289112746,9.71583649166662,"Group4",8.39202875628463
"283","MB_SubtypeStudy_55283",6.01734622312944,8.59962944715646,9.03548715037415,7.58536718508085,7.8856486709424,8.00330793874788,9.71491652713683,8.85070266687676,10.5861648069294,9.19330859058434,10.8369507588888,9.04432875043013,4.8630155249373,5.40283478467731,10.1785307315383,7.58787039310628,10.4550171073062,8.15096925085094,8.36879816339597,9.58390424562234,8.90426924368708,6.76292828455167,8.58934514271333,8.62056967840226,9.10026741613378,9.65342448321314,10.1860922548718,9.92038501882186,7.9790982375012,6.9003272385796,8.9275388036378,8.77865569587583,9.45778078303739,10.5653886393987,"Group3",8.65559323053346
"284","MB_SubtypeStudy_55284",8.10629021456615,8.18354862152844,9.53743162369834,6.67408160996212,7.83809525748241,7.80946560516697,9.88848332314939,7.96106018878526,10.2031664951046,8.60417983834214,10.3231486879497,9.2879248416536,4.08935263458947,5.81909593638432,8.91752497493088,7.54928149526511,9.48279790054427,7.65650784555081,7.34759966150614,8.90583231036872,8.93021219046002,6.10860287499145,5.31484754844605,7.44855715532148,9.23798967272033,9.5105010829607,9.807396419888,9.19577718770856,7.26615778158744,7.12992287679606,7.77515295062984,8.26803173531757,8.06093120166635,9.48167906323952,"SHH",8.1682537884783
"285","MB_SubtypeStudy_55285",6.12406986796348,7.9926349196487,9.02533434682681,7.39220891100148,7.5873190872358,8.15315119270353,9.79597249495793,8.52303820438559,9.8741897500953,8.27284963930278,10.1610985999369,9.64672528093855,4.15228755426279,5.79094979837154,9.08953329122896,7.6062818008251,10.2516020302885,8.97185506173756,7.6450650469746,9.0184961425311,9.05892713341682,6.33958879992389,8.35367420524394,8.24934824461555,9.25605712792496,9.72212218700924,9.90767045772772,9.45342304627382,7.17341780424599,7.39060671320549,7.40607661603574,8.46752306026757,8.95723813839549,9.48038395272401,"WNT",8.36149177965374
"286","MB_SubtypeStudy_55286",7.57174215645585,8.4119003729104,9.49138278337601,7.04332215384699,8.16549501133802,7.78634155523739,9.96170825162628,8.35031758372037,10.3340732287244,8.82546138713487,10.8296534636243,8.30766689306321,5.71687873205138,7.83544408074594,9.21569276127818,7.90952831136156,10.0258828074273,8.04667750322159,7.81221249723439,9.17601369242665,9.08302838740959,6.09855172721836,8.03086259198474,7.93109010209775,9.50121035320039,9.5487958168247,10.1307565473614,9.43556736582949,7.17512187781397,7.65497849388208,7.98409072576625,8.97571559198599,8.8276760126204,9.69009749469589,"SHH",8.55543936222047
"287","MB_SubtypeStudy_55287",7.39616475226531,8.1055259126344,9.27753800585061,7.80811277576702,8.92676646096325,7.57721822554912,10.2168596215834,9.13792061096456,10.4101729738809,8.62478359617115,11.1107421568005,8.94805006553232,4.81942412547963,6.16003128732027,9.2459394195806,8.73096301210745,10.2173277266875,9.4188223284429,7.82440537255341,9.61334956559808,9.57078761270422,7.10949227355325,7.10699675108438,7.769589869227,9.59336957871634,9.76897012250195,9.82442609028422,9.82197036826882,7.32967014229206,7.84443897025654,8.23162210637211,8.37646971774843,9.3313816238886,9.45908209673832,"SHH",8.66789368586378
"288","MB_SubtypeStudy_55288",7.63184388157424,8.40199378667239,9.04546820669661,7.17147199408418,7.57866744427066,8.46172037863984,10.1822193291661,8.73514453144307,10.2549369335859,8.54091538498307,9.63068057206547,8.6155682862669,4.00454346424251,5.3871509247433,9.23826825023365,7.74592105951419,9.87061125428952,8.68785830394303,7.68345246146333,9.38071833551169,9.65802430189559,6.08075935353627,8.2744907524029,7.82822154647797,9.43211705452111,9.41265896691863,10.6062719146585,9.73823649828454,7.75766370491099,7.43721090482815,8.63689482706202,8.35557163294414,8.88775403689409,10.2307561338803,"Group4",8.48781724742955
"289","MB_SubtypeStudy_55289",7.80685442694755,8.30675541676911,9.35099340236143,6.9522315693588,7.42889529214218,7.42652475640346,9.93558922407665,8.1099018190345,10.3564782463181,8.31405751887507,10.3890548965443,9.02803577308887,3.93324673281009,5.22851091528802,9.09717434421643,7.50163710323498,9.30960230348243,7.71986199517549,7.7304679992587,8.46543510877591,9.14735951285635,6.17344459028684,8.5045388167232,7.47334504037846,9.16844733749505,9.39974957662211,10.2645577493004,9.19967798801448,7.06580605916904,7.48437766555121,7.62872442057708,8.12535004127774,8.38857911598302,9.20205201090927,"SHH",8.22403878733254
"290","MB_SubtypeStudy_55290",6.34847873060354,7.72343258079884,9.16712555856168,6.90153522363012,7.56970249074943,8.6099683813016,9.84493300620224,9.09495195961759,10.0921450243956,7.65031325353529,10.2527553120357,8.96644208089771,4.56738013569211,5.54670939641576,9.58801615886342,7.75350116186254,9.99093279437184,8.8145520153625,7.84229244458572,9.1409302746,9.79476573971524,6.28599618509512,8.40636763417216,7.6924043156554,8.82431094530518,9.49079173067974,10.4360632978293,10.2248154892878,8.10694975291402,6.4160855064674,7.88772320615327,8.63234883194878,8.91760881199358,10.2807077687302,"Group4",8.43714815294207
"291","MB_SubtypeStudy_55291",7.00974620969891,8.20010083359774,9.4731834517656,7.20141814646572,8.03943873577021,7.67446638546435,9.90218250205545,7.97289773819518,10.0956864806163,8.41199812323104,10.708326515208,9.14637485589506,4.66183465119535,6.26635474344553,8.9796110161868,7.69020768495531,9.56013416850909,7.52783385252257,7.5589965067828,8.7738495993528,9.04750369917104,6.11742475451368,7.93315140501166,7.60598813407392,9.30256155049606,9.44958943300015,10.2544442086243,9.15420356103636,7.0054533266757,7.35323182195871,7.71385111130831,8.66160957099862,8.11219613846236,9.26452261135347,"SHH",8.28912863316465
"292","MB_SubtypeStudy_55292",6.70878687887171,8.21877625401864,9.08849866986763,7.17934388058341,8.13910397364831,8.30501042276271,10.2723518430805,9.18720157336337,10.2512954713951,8.01294842152658,9.89718282316544,8.41656080786374,4.45317359033031,5.65801092240943,10.1805380174354,7.33358745432896,10.1254298809238,8.55878262482083,7.79889098461539,9.22340368693223,9.82519195468096,5.8973864906498,7.79282759581733,8.12594776889658,9.21250760470717,9.71856682196407,10.6528315884222,9.89051325767433,8.1175658244355,6.68449354066677,9.11933444785406,7.95723691003826,8.58692611786961,10.2387322017199,"Group4",8.49496883256882
"293","MB_SubtypeStudy_55293",7.7424334789824,8.0455479359614,9.39064430089581,7.41331496054624,7.86451709956435,7.90962396624896,10.1096803990184,8.47982268099017,9.80492992836235,8.61863847556367,9.61260199917638,8.44181456077226,4.73896452396975,6.09796276001109,9.49879371417513,7.23715075510593,9.90840696916789,7.95863502846426,7.86325081813989,9.27583289144625,9.07466147407335,5.78484061604706,5.90026851046294,6.92874259872169,9.54450460797817,9.44769467492075,10.4820738432288,9.63039597601653,7.5007069355722,6.75310348037524,8.12840889915308,8.83442462323023,8.14714394139942,9.68290194018419,"SHH",8.28977762846842
"294","MB_SubtypeStudy_55294",6.67148038492704,7.7063004601971,8.42213612937021,6.81941313108036,7.45278452634476,8.08288636944592,9.98956813280837,8.87041186141686,10.2603566049948,8.11540360149142,9.59642935415551,8.88872787567829,4.70585765539658,6.29266901507161,9.68618139879497,7.77472406704957,10.3541235982871,8.51849197538072,7.44374825049729,9.57969704730153,9.44464574232051,6.02476496211248,7.97306499058741,7.60244377854949,8.57517398974481,9.6576867116168,10.5523976857937,9.88462137869345,7.48930596521062,6.96540222484507,9.90491951578753,8.6096529089304,8.5074757886824,10.2500218316477,"Group4",8.43155790924154
"295","MB_SubtypeStudy_55295",7.83117093930297,7.84117014521338,8.92372971336757,7.13924187358967,8.64819749608682,7.69335991032389,9.52053583080303,8.60694995752046,10.1037362388606,8.3371273905966,10.8728479897211,8.75373360838747,5.88491521111034,7.99403010456803,9.0896636496651,8.28850650107668,9.76319436715044,9.1796267142518,7.63605975002106,8.93082868894668,9.28412401709343,6.52232153916102,7.67802581733245,7.1250027875014,9.21350959313785,9.62543371842315,9.57916539311485,8.91111499342594,6.71039540284949,7.41275646804649,7.50210442244275,8.87003511795519,8.95387830209032,9.0097544806149,"SHH",8.45400729805156
"296","MB_SubtypeStudy_55296",6.66310059233966,8.39331101980267,9.55985048843845,7.44775637305563,8.21385139304189,8.11492474893926,10.2512984595421,9.21528954683944,9.81251118772825,8.24045967207028,9.31734509964993,8.89361571889992,4.08279616978552,5.70776040659397,9.34699591844611,8.05442979244335,9.50955214862838,8.53949075869308,7.86293594845564,9.67140289103408,9.5526076310493,6.16211677187312,8.1961365241504,7.78418023431953,9.49171277809979,9.38806921506573,10.525608743572,10.0312087667136,8.06435313280141,7.78731495331836,8.45304083045894,8.72737796720994,8.6669053646592,10.021612711567,"Group4",8.52208599880253
"297","MB_SubtypeStudy_55297",7.38272650095592,8.49200188180886,9.4332432896948,7.2044395306748,7.79895649291077,8.04285280491716,10.1939807782907,8.39110440439086,10.7543929436296,8.6686736772528,10.5050422108053,8.46849393590015,4.95726990278246,7.68573034965165,9.36608148744685,8.03111872989759,9.96134096389672,8.11875686916934,7.992252132235,8.97798776816466,9.07829175117398,6.7458217631185,8.35923835902552,7.62877861518483,9.39172519509163,9.53431146775017,10.1947563673413,9.23258506318805,7.26180366031444,7.73764447294148,7.80798037556634,9.00580573380514,8.72900066913073,9.36955674730164,"SHH",8.54422784986499
"298","MB_SubtypeStudy_55298",6.59288055682005,8.86115996821972,9.41959070500595,6.87994968546378,7.74315426380826,7.88555299534763,10.1405620999599,9.15484108523374,10.1101859760135,8.84137906149078,9.72241004207059,8.81411822284861,4.56830249456701,5.73055203526614,9.77389392829089,8.15568259447033,10.3842786880786,8.4539022474164,7.89790430146809,9.42417998428278,9.46868715688835,6.18311340038447,8.40260323360569,8.42388491433881,9.36994339050083,9.88878582800042,10.5229832512545,9.89602970248747,7.99025245982953,7.4300682838999,8.9035280891473,8.13298747316398,8.58407274240629,10.425934070061,"Group4",8.59345161564974
"299","MB_SubtypeStudy_55299",7.01630324471142,7.98883299940098,8.88683546256662,6.88049021166416,7.53840668713681,7.51783455569965,10.133394317925,8.82005467252917,9.95975614254235,7.97600791834064,9.28843118127249,8.80521851766007,4.12846733307552,5.77714186960451,9.64949821667896,8.05402037732083,10.2199464115194,8.43134063866513,7.66735363561133,9.4889898434373,9.26701208677487,6.06023481052657,8.39245057463794,7.77620512572086,9.28185030603824,9.63161721503498,10.6298727412022,9.76329220558487,7.59599231265982,7.48958763036946,8.88782724572068,8.38286605443722,8.71679491255609,10.3062093710223,"Group4",8.42382755381319
"300","MB_SubtypeStudy_55300",6.42832671712591,8.2322905035823,9.05927002802741,7.65776600519136,7.67703602519015,8.28273932886242,10.0268831631312,9.02440067729462,10.0849033301654,8.69787961773187,10.2148357027887,9.90482153863544,4.23107364075155,5.87345004641597,9.21396535115967,7.8696471225828,9.89402221296809,8.65358358634584,7.6765455901831,9.41426981003727,9.20006370242529,6.1307522849339,8.38366737980309,7.95055142942929,9.03122403706608,9.58785120302096,10.1942079231738,9.28761030593478,7.18820295273624,7.24855773878847,8.08687810504205,8.70882724786256,9.0788061934624,9.6800820219443,"WNT",8.46691154481748
"301","MB_SubtypeStudy_55301",7.12163409964644,7.93543177470462,7.93288485592136,6.52377121590119,7.50290376857267,8.1445930176528,9.76381567141783,8.16923679191734,9.89736482090578,8.00983480575991,10.1183256366277,8.86168396462322,3.96633388316587,5.97875996342158,9.15883351836366,7.27270963075034,9.33237929114553,7.99817116117992,7.49810092663733,9.30638237635515,9.04437565454588,5.7257799097131,7.7556061680776,9.17576275726386,8.69590655995687,9.15610448839334,10.1327661070108,9.23827245207839,7.44943116641349,6.92208104332406,8.776491066217,7.16100490071366,8.1499282472935,9.49498886314291,"Group4",8.15798972231808
"302","MB_SubtypeStudy_55302",7.47790856122155,7.93650755128727,8.69863071964718,7.13388755967057,7.74345095448842,7.82177914616449,9.81462471342001,7.90654844253886,10.0969693952249,8.37565495408387,10.2538314400298,9.18275876253109,4.08568194090052,5.73770438596965,8.98071944760617,7.59477674577022,9.46812769050742,8.01696629940635,7.65368620984896,9.18527339168442,9.1793278223179,5.63821475898915,6.48193001534552,7.37461897288013,9.05321112436596,9.05912377158596,10.3509924565275,8.98985386730698,6.98310283399455,7.70176831254973,7.64691647715941,7.91204676699894,7.94931572488146,9.34942698072657,"SHH",8.1422158293421
"303","MB_SubtypeStudy_55303",7.35992274980559,8.2520449625792,8.92191349861083,6.95369231668839,8.00706390792425,7.68159077453148,10.0086019715604,8.11789179865274,9.92834524254849,8.2155958625597,10.4140782868504,9.28678878284782,4.24375139005496,5.30601412532933,9.39153583335241,7.89058742642255,9.83997922263644,8.00035846039053,7.61582862088354,9.28521572660867,9.04139879295133,5.84649501589788,8.47134400830288,8.42544268554774,9.30005204690172,9.66143911121648,10.3480550062647,9.35451861779419,7.21789962359773,7.28052576813021,8.43637189490837,8.36670672249169,8.55601632411928,9.85279925636849,"Group3",8.37881958339207
"304","MB_SubtypeStudy_55304",7.24407145388139,8.51502427943123,9.10399280809239,6.97134033200204,7.49793158959492,8.2651691302942,9.96322238065593,8.52471371328727,10.4890587955098,8.230566321939,9.65774832826238,8.80859881871725,4.09436600184619,5.62210967825878,10.0126900965729,7.49215376679882,10.1299134440642,7.81542600833976,7.53093188136235,9.15498901123436,8.82365401285649,6.38955637891812,8.55638268968871,8.3047719290959,9.35722308395872,9.33471457444161,10.3768270390436,9.38135809297845,7.2572411855138,6.97748103309879,8.68934837782269,8.3735925129244,8.40457785362705,9.65357648166219,"Group3",8.38248009075811
"305","MB_SubtypeStudy_55305",7.54780209098619,7.83432191506506,9.08598228477546,6.98881423835525,7.67171313357595,7.86040760512873,9.85866628705169,7.83853284803148,10.2069942542974,8.47750192058113,10.3592492431186,8.97720342476074,4.34884530879179,5.89235085603797,8.99874600472337,7.70752333756535,9.51139571636556,7.87079975492926,6.91162143234129,8.93634104977238,9.24830346726846,6.04177889145626,5.90383361147714,7.50371898112759,9.15393775868457,9.53000763695108,10.0679860190876,8.87818750100045,7.19644985870862,7.45376968394859,7.96658507284813,8.35077237841902,7.7398241947578,9.14493965597512,"SHH",8.14896786523427
"306","MB_SubtypeStudy_55306",6.46679961132567,8.19201720701955,9.23041095353629,7.01827264195806,7.53757027876765,8.13048791380442,10.132985701008,8.56860063363484,10.093056278148,8.60445878568412,10.3307521743777,9.00202962616656,5.27589260727515,6.74579098797397,9.68279076114143,7.83458092675274,10.032632823234,7.84701037214237,7.71638304817312,9.16645370235645,8.93084987257366,6.02054944956023,8.39914269056646,8.38895575763938,9.17043650272885,9.72713892188099,10.4070618312539,9.41732217994002,7.18935817994069,7.33325206145005,9.97966436213682,8.5828520195597,8.33806770588694,9.79284670715393,"Group3",8.50842574343387
"307","MB_SubtypeStudy_55307",7.94101516710731,7.98621764471844,8.97095099678178,7.09574872113509,7.88636240380543,7.77910435912664,9.66501887482881,7.86830143259319,10.0071070117407,8.09681126328683,9.58518853807922,9.19113795212246,4.12878236457001,5.75551383668871,8.95743719910947,7.56664263228891,9.25743915082037,7.63023141260947,7.02638014983943,8.71393305400294,8.9892228266508,5.55429047736073,6.58026834032739,7.38295654151351,9.04847536187225,9.18370445320512,10.0726689404554,8.49514260700232,7.33120330854912,7.16569679996457,7.40663935364135,8.35110706107251,8.27037888655543,9.42752557753463,"SHH",8.06966484414589
"308","MB_SubtypeStudy_55308",7.21504937423831,8.27632025323082,9.46868382211476,7.76878418949567,8.31197447561075,8.27993076331487,10.4264008485616,8.85893976631242,10.3961449131202,8.83577580852636,10.0560798278153,9.68361190662328,4.43712606262661,5.71917961260767,9.21798823237431,8.07986123062916,9.85000345636634,7.94257062950561,7.83705898172412,8.43336570058755,9.43299519840576,6.55781884805563,8.45490654036925,8.0558125132467,9.37889785642093,9.63673130886799,10.2972695813777,9.4898616426798,7.87080117218548,7.72772032417976,8.1006332588291,8.87692236184715,8.51420057790826,9.60952430963174,"Group3",8.56173368674679
"309","MB_SubtypeStudy_55309",7.12557684099363,8.1110816596015,9.03231432620718,7.08539555290041,7.59300059183178,8.22226558659519,9.86623684152809,9.22898512777988,10.0080240112391,8.14079558134938,9.95520238768975,8.7434873164975,4.33972842647358,6.12358520249843,9.81505121738232,7.23595478750593,10.2244409501375,8.784426387634,7.88199954158077,9.5013689648653,9.74177997588192,6.14612347058858,8.17203980838152,8.19615073498313,9.42460357071512,9.41114957619972,10.6253916538671,10.001547958389,8.09553740952516,6.58161724604487,8.47301413727286,8.60421548720939,8.8877941079034,10.333255590963,"Group4",8.52097476559459
"310","MB_SubtypeStudy_55310",6.03067847691714,8.06152500393947,9.00530868424308,7.1801932627161,7.88756376237515,7.85374106157043,10.0944639210069,8.53675437512999,10.036025101293,8.01081047637399,9.3783065039886,9.16792169794162,4.50629446561613,5.8005776114282,9.86293913251336,8.26602468860948,10.1206700665708,8.62530808617753,7.38598893833745,9.4280193589101,9.23964898651561,5.89810903390007,8.3410745073705,7.93488485665701,9.47706913725017,9.58267179381014,10.4193448726163,9.67081220673884,7.4689415612366,7.16920565711916,8.12747544112748,8.29497625480507,8.78698195215254,9.69272402930714,"Group4",8.39244220489015
"311","MB_SubtypeStudy_55311",7.32356648044686,7.81159060618231,8.43522253902632,6.9226333878953,7.4777048443357,8.25598809289911,9.63223692034893,8.2845133963094,10.1471375038971,7.56514766872136,9.61094955120072,8.54467153271183,4.60341341726095,5.70703583907063,9.41710364981084,7.85594306380432,9.85335912778126,8.4179878591627,7.67073384377379,9.33392333611041,9.17238769392116,6.04398171654521,8.24241369542952,7.75716777940106,9.21077753202999,9.40255390278679,10.4504033695106,9.62013613834521,7.49513243252997,7.22736303045766,8.19770697303261,8.27030686345565,8.00691011867646,9.92089121069905,"Group4",8.29085279757561
"312","MB_SubtypeStudy_55312",6.68542590902035,8.06508375943098,9.27058909057396,7.09660169167512,7.62359284467312,7.51613649962581,10.1468596833777,8.76682326701972,10.0409940013456,8.59801332034581,10.3055934100284,8.96428645859143,4.05151005061024,5.48778727134005,9.4145249171269,7.74635238260563,10.1786268115798,7.97354918621628,7.42383323251422,9.19052359035332,9.15997191638939,6.08697680426697,8.82798946118731,7.83903064191676,9.24712507115852,9.56169108942123,10.6394041410857,9.39383735765105,7.27867331759646,7.38538283501804,8.61329735080665,8.88808384668578,8.79993431195538,10.2266390231169,"WNT",8.42631601606796
"313","MB_SubtypeStudy_55313",6.66432869552068,7.94199532430531,8.42236516225523,6.98097521983777,7.85827154446068,8.24360021743939,9.86628241241278,8.51418764880042,10.2288504618567,8.51275083417442,9.6818400200008,9.00347063166542,3.99982450407186,5.73413262574633,9.42165472954166,7.70858600621528,9.9434326663644,8.24671786909168,7.82275578023357,9.19816327315259,9.11583274155995,6.32537534911277,7.27690487276947,7.9656646876972,9.23458122788039,9.64362145186036,10.138804860824,9.35754922949294,7.61237292004187,7.38202478003346,8.38909445140007,8.31520322393347,7.93254976809183,9.60143072056479,"Group3",8.30250576212969
"314","MB_SubtypeStudy_55314",8.02708172642849,8.53808909340109,9.74118432277756,7.30175536383064,8.12730692637523,7.95469440112697,9.97476432939732,8.68226972785742,10.1256549312372,8.74979340284172,10.6629478354559,8.34830310510531,5.5593316055177,8.28360938345719,9.28697886090788,7.8620952917086,9.8672864101996,8.2347521437694,8.14095384646568,9.26839117617945,8.92661678281282,5.72531310740629,8.13157983924255,7.85063583858901,9.44193764281738,9.71376259325623,10.3998388803388,9.42839823763175,7.09968852232809,7.63391421900624,8.09510810299881,8.96566938388026,8.84234446193463,9.38789102671728,"SHH",8.5994100742059
"315","MB_SubtypeStudy_55315",6.37143712685647,8.14531569492688,8.54337632591023,7.2231250694337,7.90793612871999,7.90563764066878,9.94835448197481,8.74553793276608,10.1433085955213,8.73874404546417,10.1613780332708,9.23822644484659,4.51813187252244,5.92084731675172,9.23223199046628,7.85646382855278,9.88252621133776,8.26625425855653,7.62564373512326,9.55098894417772,9.00249700766224,6.38929628778371,8.76680063541045,8.65404015470279,9.54309591043123,9.83092136380747,9.90156721101855,9.4327987346637,7.22347490589124,7.69349034915687,9.26305981265922,8.31026365615136,8.8557742949561,9.4659863154209,"Group4",8.47819212698718
"316","MB_SubtypeStudy_55316",7.45439141879961,8.38657582673495,9.63262630652867,6.94439085751505,7.72774572071089,7.74919071166064,10.2562560384981,8.50747633199112,10.1643611334038,8.55790753025741,10.767791723678,9.086303287789,4.34127437368746,5.9057804271163,9.00546245658214,8.24660059815241,9.91924786077505,8.27379547642643,7.63732136300132,9.39828344246732,9.17775878247122,6.16536068493622,5.46234562376331,7.74835021236843,9.49241503965573,9.7394122603993,10.0641919038553,9.43266937689305,7.10588915303615,7.60749406278225,8.15939752117747,8.34651416128102,8.7879996302598,9.65594189219381,"SHH",8.37966244678967
"317","MB_SubtypeStudy_55317",7.5187907475801,8.1290628725705,8.80774747694641,6.70189590791688,7.32822837998865,8.23029588850337,9.90508645031164,8.58776405853122,10.278136483063,8.18045000944695,9.20283298390514,8.46426551037365,4.08744117292366,5.63665896786321,9.33099688659866,7.50693824388421,9.87457865188595,8.35286490243076,7.78163313121845,9.04609527727525,9.37718246932502,6.36686681762432,8.42438413598462,7.49470890971597,9.26415092840542,9.13652079181896,10.511426485237,9.7489987264572,7.8995615659325,7.27142498010528,8.10872389761562,8.07878770609978,8.63195166517464,10.0813551296859,"Group4",8.33375906507058
"318","MB_SubtypeStudy_55318",5.63940170929339,8.48880989378022,9.82108007631603,7.54888797531716,7.88932396004408,8.45952491626208,10.3384709146344,9.09772260376289,10.2343396481479,9.0951170792226,10.9580978149916,9.27589669257572,5.18540666718776,6.92269452594095,9.9309781928742,7.97401703765247,10.2331834971817,8.27450852893026,7.88167012149019,9.01369434806027,9.11398751257419,5.96355527147614,8.23379231167798,8.43280292611906,9.34543227824569,9.67389227124874,10.475934962706,9.52495689158153,7.24427491882672,7.41819256068205,9.86738477923608,8.3567448380332,8.51750059870839,10.0463279085367,"Group3",8.66110606568583
"319","MB_SubtypeStudy_55319",6.72532190332144,8.51326484365721,9.72450614555925,7.00963100786736,8.12634903299499,7.87376828742998,10.1436341656231,8.59241563094586,10.3057996411025,8.37591357590345,10.7617415052118,9.44275315336914,5.62670575063838,7.17468617593236,9.23162224772683,7.82236886106663,9.8963343176344,7.80309126777063,7.70875393957838,9.06684799807999,9.16178644288042,5.75138657868451,5.51081273173025,7.77468770539227,9.52269748248973,9.68514524991426,10.3933852839908,9.27847017535463,7.31320648971729,7.71636110137784,8.01104746562122,8.71662628096108,8.34119562965863,9.84639616377778,"SHH",8.43966806567542
"320","MB_SubtypeStudy_55320",6.98628149282524,8.09356894915384,9.72779348456367,7.07067851793826,7.80987246657901,8.15340575555102,10.124887455793,8.52144344759349,10.3410645126613,8.46303666729915,10.4349973288874,8.81122400613436,3.95502118280354,5.4806577206028,9.82280092392486,8.02067655096418,10.2653503798794,8.04707390682861,7.57598494274603,9.57531477558512,9.19014040925864,6.04174263812137,8.15519459484414,8.33182168086874,8.8688287774948,9.91077369141553,11.2490660743536,9.61040962129627,7.5877933365043,7.24785348790207,9.07768089348674,8.18582439794553,8.62953380093673,10.0866821760683,"Group4",8.51336706025915
"321","MB_SubtypeStudy_55321",6.81710171491338,8.23077613661521,9.10320408299254,7.1214052663969,7.7539169527262,7.68832364874797,9.97670515320433,8.28599124827621,10.1765049230618,7.96048260794377,10.6274763817137,9.00098333479759,4.15305410087322,5.88895802490458,9.01439661106994,7.8218812994516,9.58171450556362,7.66097472639016,6.95942985934962,9.10613981476771,9.38225136214117,6.10227622212417,5.797533857263,7.39208271183698,9.45986281044056,9.35592482679495,10.1868135259779,9.34592820803854,7.12089593204367,6.43513214085295,8.05823085057097,8.19066349365172,8.1914223918824,9.5384317226607,"SHH",8.16137854264823
"322","MB_SubtypeStudy_55322",8.07021080847738,8.41970340040399,9.4392197061454,7.35888223985062,8.16449871875915,7.41438721374737,10.0905983327276,8.72959444973413,10.1263223200909,8.74317092141046,10.8446365539524,8.47865568603924,4.41125033609584,7.34653090316855,9.19665073430748,8.20089506643311,10.0646780359775,8.06006824251146,7.60229970594625,9.30154327014104,9.2012351804306,6.18745697206979,5.28544926479741,7.64150370152218,9.55926496654964,9.82690289011472,10.2469561790232,9.3110024761231,7.15655139493665,7.7773487668739,8.08071271993957,8.80034300143965,9.12848168599102,10.0335194343208,"SHH",8.47942721411918
"323","MB_SubtypeStudy_55323",7.10686115955975,8.90221170823508,9.90764023176341,7.52478302695442,8.62914336700173,7.82052616164644,10.2005124581699,8.65739429096708,10.2781334948826,8.87651875545537,10.8032521394616,8.69494737548873,5.42206629983807,7.66442506482804,9.40663239366269,8.07804504115579,10.0606983176557,7.95523171574877,7.82941681001015,9.39473110687468,9.12835846192674,6.07115538279991,5.92648458910555,7.90911813094625,9.50441858098041,9.70631127689856,10.5175696489003,9.24824667671654,7.27219993468357,7.65660263005783,8.48798321108591,8.90296136649902,8.56902122842238,9.83312794315058,"SHH",8.58666852886863
"324","MB_SubtypeStudy_55324",7.72595523732686,7.61055779537339,9.4229353450834,7.0243818373361,7.5306973999941,7.65222733709281,10.4023160308188,7.35061431353682,10.25089908111,7.73003847949123,9.68064682929722,8.69202518842403,5.01519142863548,6.85669167607762,9.57384711249626,7.60757583168322,9.50154328736522,7.5331288263618,6.65169299741267,8.74140877793205,8.33101027752663,6.15016270162561,8.60078685336608,7.27631060909345,8.54425408090614,9.47243915797675,10.1985262172608,8.72389719708505,7.04588090915215,7.58583721763542,7.76309504970183,8.06798318862002,8.25671927013471,8.50492270021596,"SHH",8.14930000715146
"325","MB_SubtypeStudy_55325",5.8636781581772,8.61381570733018,9.82397043871749,7.46490129511947,7.99672791656959,7.81658769023851,10.3099826850121,9.31863429330062,10.1064992801168,9.02710078400418,10.5221404344274,9.1114999066723,3.93617871681463,5.22175990142185,9.67642583138913,8.23491533882719,10.0827376465863,8.19628085294328,7.92360550997169,9.54639652734415,9.09888037209835,6.3127483214648,8.55392648967495,8.18127290284631,9.3383398637237,9.82126234085069,10.5590863759913,9.64378351991317,7.58211383867811,7.90841664299268,8.84854146824746,8.87496693860777,9.34633242504219,10.2015512773238,"WNT",8.61956063801292
"326","MB_SubtypeStudy_55326",6.33239991388757,7.79619533244612,9.06957582515546,7.0086222920543,8.0618274946281,7.90067189121405,9.98736049552859,8.79883332687783,10.1448131524928,9.37095920397485,10.2100141760769,9.18622277720462,5.22069284115496,6.16994022039907,9.44325504635248,7.64578628155559,10.0708491737574,7.71512857979269,7.57880536508833,9.07252614112741,8.87165514923055,6.63689476536034,8.2177616592307,8.25434157782945,9.15207049749671,9.48130678189002,10.1628918171006,9.62301619451611,7.15586794778459,7.2159539845173,8.53217688136071,8.69622630526892,8.57290548858302,9.66968887285398,"Group3",8.44197757217036
"327","MB_SubtypeStudy_55327",6.47666063984521,8.20384899762957,9.01326239048835,6.89044587249154,7.89525714329793,8.4205511892707,10.0096463444474,8.91499688487867,10.1376973964525,8.37987805114105,10.5852074424152,8.98587657691946,4.21896437149561,5.18473099248964,9.73445532496243,7.61140169193102,10.0892674980752,8.34485012882283,7.45495254423902,9.00475120010162,9.40001846055193,6.30873750120828,7.3421455222658,7.43074252809742,8.90518604755192,9.5785388257252,10.7738096606636,9.85983601073961,7.85324254003799,7.22625604742716,8.68471986932132,7.91025815600955,8.51411746178348,10.3933899596776,"Group4",8.40405003742517
"328","MB_SubtypeStudy_55328",6.67318641449278,8.32494235137222,9.28122471849196,7.1136854437749,7.45622646522682,8.33306399579177,10.3607648745677,9.22527974171863,10.553313399084,9.19908665504748,9.86226143922936,9.09666205281323,4.5701394908928,5.5733996570637,9.49653118348015,7.93953339398818,10.2935223595199,8.87627823231943,7.63512440948363,9.06990627373854,9.73008855761245,6.75529972019057,8.19783474366546,7.74932038700277,9.0599828901467,9.76209329273526,10.0219097822823,10.2340341875626,7.99558576953451,7.31602355164595,10.3463434506527,8.15881116542983,8.39602035523897,10.680775937909,"Group4",8.62759577481489
"329","MB_SubtypeStudy_55329",7.65295384695931,8.61438993456302,8.99115337046406,6.8288357695714,7.86577867864687,7.82244963694868,10.0789541669713,7.81148361978417,10.0637753551361,8.43788525953961,10.3582870111676,9.44640763759183,4.07107547768246,5.72384280550023,9.34774250854059,7.87401877825688,10.0853077736201,7.36729683291255,7.14487465290823,9.403691488369,8.71398906426712,6.24045789275323,8.02940667379429,7.58811502815476,9.36071982299798,9.30898522774729,10.342737894777,9.30574450745453,6.84542873709115,7.12575572073736,8.28951881991104,8.42186772597928,8.20798587440964,9.49235638063269,"SHH",8.30186099928945
"330","MB_SubtypeStudy_55330",7.37643044767695,8.78796049981153,10.0121747945978,7.34511518632304,8.12091660934452,7.7961003444956,10.150058217792,8.72085001566149,10.0456279544641,8.84398912075955,10.8816185773196,9.06971820215105,4.63958764594041,6.79185536622087,9.23473526478021,8.20014211270552,10.2735970577738,8.29557580510684,7.65406022226042,9.27555289177527,9.09224612700593,6.27524753258436,5.46055305690689,7.98421755590863,9.54396640656299,9.79433672240256,10.6652708165239,9.28110092033821,7.26597362390122,7.53504755618525,8.32836859445683,8.5837602949671,8.69051382130806,9.95174610779937,"SHH",8.52847104334741
"331","MB_SubtypeStudy_55331",6.92543868656361,7.8695119291286,9.15162033068706,7.02482187531467,7.80278428446085,8.3324508177228,9.95309736017069,9.09346617747098,10.2339130848646,8.20939377361229,9.95121084675774,8.93281524027974,4.12765516240897,5.76239628174403,9.65280012839841,7.41571612118001,9.97369776280214,8.42778976213745,7.66784262398225,9.34054429742552,9.67480575510269,6.27284060089107,7.98227853761317,7.78877013553908,9.4724906735155,9.53124794962388,10.2980046640078,10.2135504022871,7.8949842419459,6.8774389515352,8.49223055557228,8.34457376613949,8.4152694976777,10.5976418249028,"Group4",8.46191453245488
"332","MB_SubtypeStudy_55332",5.47482295340481,7.90026970271149,9.48286754703848,7.05548052634062,8.2162482538931,7.87825063123823,9.90533042507054,9.08035216909079,9.88548149762478,9.08562696423614,10.6560892179431,8.99986619840923,4.24988934015691,5.94520233752217,9.84841152651935,7.87434848915458,9.88842934702304,8.55956022746102,7.97677005340948,9.20200546829776,9.36719667661028,6.35504175398999,6.8410164369715,8.57414717558591,8.58799119776989,9.22274314240216,10.0301746120464,9.76571876588253,7.65784429674438,7.6872348890366,9.76402334609769,8.56583337047222,9.10638625812786,9.84355836203149,"Group3",8.48630038706807
"333","MB_SubtypeStudy_55333",7.19596655183189,8.20475622140559,9.08094279324632,7.0678713931527,7.75288559679411,8.41993824978193,10.002706321761,8.97283078121509,10.3388774993177,8.21048198257384,9.62041431356493,8.98960102653034,4.09427205933113,5.763929557088,9.67199110496395,8.07835848402219,9.83212155669247,8.5109029349811,7.48254466453068,9.24578438916906,9.45699026748859,6.32286677491898,7.53799766292421,8.11022611333646,9.40511785118987,9.4215187762373,10.3939335128314,9.99018639151554,7.74217002580867,7.58263839146737,8.70661182137027,8.6022765594439,8.58318544712804,10.0338801142866,"Group4",8.48314050564415
"334","MB_SubtypeStudy_55334",8.32068230888782,7.90493043733872,9.08868422415783,7.08804502154073,7.733054331603,7.95523792600602,9.97859800490781,8.78258548290567,10.1967219440823,8.5815616867126,9.58812118944742,8.68910018518643,4.48503848332185,5.7650816579005,9.3155824185675,7.75960600291612,9.93512466282306,8.48558488507151,7.56826498579436,9.24496902806036,9.40635940977002,6.08150149762057,8.315682507072,7.71975519788591,9.32961524379613,9.29520199418925,10.4875341538721,9.81808951614058,7.87274417432562,7.52115722822377,8.35071826807969,8.27054094793201,8.63283375758987,10.1388552879859,"Group4",8.46197541328574
"335","MB_SubtypeStudy_55335",7.27815160122048,8.6342077777933,9.1885331589507,6.80537781366545,7.81649011038179,8.41390267862373,10.1931078277297,8.57039852561949,10.0142637772886,8.82964169073227,10.3364112203314,8.99522138677339,3.78713131046751,5.74952554984844,9.35108553953247,7.60074293008312,9.83061248753125,8.62888125752459,7.69456574667694,9.09711517149126,9.39077297342938,5.86330192349281,8.37489285900829,7.57387846854547,9.16139865270795,9.09383083689603,10.7965567565002,9.84858793045733,7.95013637747199,7.09636265189729,8.31074910649139,7.87878830176188,8.65856587062767,10.1980094059997,"Group4",8.44150587286921
"336","MB_SubtypeStudy_55336",7.37925446821993,8.16290165704251,9.099440084792,6.72763591205559,7.81195762965374,8.01727998648242,10.0445844500592,9.02115044924064,9.95904910798939,8.06696001091654,9.85368441665679,8.83478769357647,4.73201756856268,5.58059906185909,9.79909642020297,8.12291573957681,10.1810198190546,8.69934376997002,7.94480814643619,9.36859728091729,9.56687069834305,5.93566580839599,8.21405518346324,8.29796688977924,9.29355440279799,9.61594116108015,10.4302368354066,9.81219797345209,7.98804999346507,7.32252011697503,8.8223204453064,8.65026731023846,8.75747339582857,10.3161782569785,"Group4",8.54207006308162
"337","MB_SubtypeStudy_55337",6.61578722021004,8.03792814306473,9.70175767618407,7.12277816279517,7.67052579542713,7.78520958147393,9.7760889627322,8.52022414147362,9.76212105100752,8.56191616559793,9.78369801981596,9.01310832678113,4.1887845563636,5.77115385928386,10.2886521079485,7.89375834761811,10.0754630674702,7.85832385710146,7.96482764428642,9.38439819547746,9.70620284814504,5.85853583635903,8.36837471196101,8.181864035944,9.16266747877392,9.7329087692547,10.5790498471464,9.51533227424572,7.27998988739775,7.35740435940279,8.11739652005241,8.74831532354963,9.10877903987181,10.0446712522933,"Group3",8.4569999137209
"338","MB_SubtypeStudy_55338",7.87122583186362,8.6878103273706,9.54898740573136,7.25631301480803,7.87689760993437,7.77398074842702,10.0294500035439,8.53195861756361,10.1696096922338,8.69681433375735,10.6540051506093,8.40217658096638,5.43508690959019,8.11264967137549,9.41293673813226,8.11167091529666,9.96556370622764,8.00395320462153,7.92623881326264,9.38437636335079,9.03559987872709,6.09523209314113,8.00896602356498,7.80322782113493,9.57420113132958,9.61585282908469,10.5435620222131,9.3588818039599,7.45813579840905,7.82590942736632,8.27552807615245,8.93838838267856,8.78778273298899,9.8627725975781,"SHH",8.61869841932339
"339","MB_SubtypeStudy_55339",6.97652975451752,8.83840131053795,9.29789592628592,7.41460525417756,7.87156275456126,7.99307582578195,10.1866817409267,8.48567610176936,10.3047590242912,9.02726869373904,10.6382687508986,9.49441409560905,4.04229371278271,5.55646936459631,9.1892630921454,8.34411914753195,10.1048429428264,7.75957963527343,7.88757331807744,9.325342157706,9.32043633746633,6.38998429291875,8.67024128982027,7.97909203934468,9.57900397700057,9.34299807307891,10.5876455832396,9.35948054805289,7.62964828882072,7.61792836032004,8.00181935592945,8.88974615484799,8.40911843077524,9.6233130369137,"SHH",8.53350230507544
"340","MB_SubtypeStudy_55340",7.53487637397105,8.83720883792514,9.63438238986892,7.30863387947338,8.37008528439844,8.07261193938114,9.95349300079238,8.38646514917017,10.1425055298735,9.03827275471257,10.748584410844,8.6304898140075,4.34150008977563,6.22030470739304,9.21628571811249,7.80128333091135,9.97170087886595,7.74696632180962,8.2658936882111,9.03357071493761,9.00803472469158,6.25495952814095,5.66677346286954,7.65834371499907,9.44908685002127,9.79177707142059,10.7335981109224,9.10463643582228,7.367211464146,7.50762431064565,8.05204097254165,8.87905727894212,8.95642823846746,9.59532804744341,"SHH",8.44941220663262
"341","MB_SubtypeStudy_55341",5.39776374006133,8.19713662323487,9.07301126140175,7.14091937546829,7.89806582387866,8.19389250931021,10.2355564117678,9.1866922106933,10.5510140607663,9.13746686953057,10.8619118145848,9.37695626463793,4.61858191298817,5.57945373417302,10.0179746418566,8.05229669349683,10.0733734253365,8.43294730466118,7.79017897450209,8.98964720857555,9.1728542685675,6.76726765078485,8.26392213935365,8.32090043827566,9.27795307175132,9.67874955361688,10.1525723322183,9.56984062741272,7.87607858867407,7.3433561776507,9.88420369056789,8.49965086213791,8.4978037678009,10.1189437744187,"Group3",8.59496875894579
"342","MB_SubtypeStudy_55342",6.3810466711555,8.12974679102481,9.37587715944969,7.05808106532702,7.92335516419004,8.19992130560885,10.3391742672604,9.31735818049655,10.6010283992792,8.95421825416044,10.5261425045876,9.1272120852426,4.53830610083962,5.72659626258661,10.2487200320423,7.58842609712644,10.1485766334815,8.44635716060327,7.83042047216303,9.33276526823584,9.51982782484156,6.54092018593535,7.87462009085741,8.25692868458741,8.75164820433023,9.7861659979129,10.5996683652012,9.87424484465711,7.98903748577286,6.79205167306296,10.7667269911155,8.29398161541293,8.70542802919895,10.1146517422059,"Group4",8.63703622382216
"343","MB_SubtypeStudy_55343",6.03544718603532,8.36144441029727,8.85374741509916,6.86238631102717,7.39665021698493,8.10682768768253,10.0366813425635,8.82717453245592,9.9889751996199,8.25181588847454,9.55003550962658,8.55271893451509,4.33732184084783,6.16932249520214,9.95041752264449,7.83775980471699,10.2536203844488,8.56094020253605,7.89674152756173,9.20389691539394,9.37663017418963,6.26975265585665,8.25201526418138,8.10194937341122,9.30209509732407,9.62015794626533,10.9664530464967,9.64504896773562,7.74245686393701,7.143920658565,8.21510468656738,8.65277920210166,8.51094083236067,10.2285045201773,"Group4",8.44299219461481
"344","MB_SubtypeStudy_55344",5.67343138739595,8.27576120855841,8.13631759124949,7.32335508542766,7.47578875065643,8.4039288887855,9.3557582992214,8.72667465202716,10.0699670011391,8.04959751559203,9.10285471891087,8.54788457704785,4.54093383579186,5.90890894829513,10.2888487146753,7.5221475435531,10.0691828155653,9.05712072359631,7.75198058067546,9.29928535432222,9.17987709277772,6.05180794553088,8.27096146063441,8.07062096216841,9.08595074356235,9.07398144587807,10.3312829602675,9.69557346911485,7.6312902145161,7.23512155172175,8.09578621826439,8.5280106167298,8.35321905438822,9.88052479003763,"Group3",8.32540402111996
"345","MB_SubtypeStudy_55345",5.30743237500639,8.24177325747499,8.76176908017747,8.02816305493523,8.36650794345504,8.14055251693163,10.0995714444904,9.40118715228702,10.2108415531004,8.61990401991947,10.5269766550941,9.51933487976514,6.12152891720278,7.73361950646331,9.5185815518735,8.13530861115798,9.79544569375355,9.16525635157519,8.11357214557041,9.02823376024501,9.50635005210404,6.307954289584,7.48897345722673,8.92546954082792,9.22401561665712,9.55672480096868,9.39266700582892,9.75720260245028,7.34287370924558,7.46289172395749,7.9694700181838,8.12708307289208,9.13332386944357,9.17886012783649,"Group3",8.59439471640252
"346","MB_SubtypeStudy_55346",6.50394616064773,8.00393697595833,9.48479882378964,7.40959270159275,8.09720220480999,8.18813212004349,10.0411107463347,9.36929588912279,10.2505869791116,9.54283994148974,10.0139712215786,9.40536999362409,5.02392463790637,5.78755552710426,9.65260474841302,8.18434115708247,10.2796355277121,8.35804863879297,8.12214667481717,9.20357066608848,9.4413421640358,6.23694053233111,8.12356154172501,8.75919007606566,9.43152802766902,9.72375774475778,10.5205032984066,9.92649145119325,7.87234831434186,7.44458513037132,8.94992166803902,8.59902024679855,9.06713957034079,10.2123145582032,"Group3",8.68327222530292
"347","MB_SubtypeStudy_55347",6.73696778003306,8.26890620587452,9.47175371304182,7.31110589528981,8.10024172415011,8.34870325844962,10.5122416143947,9.38716387412444,10.07540697629,9.24536517922798,11.1548729829511,9.25505363881432,4.32474088750571,6.55003699404929,10.3005680407086,8.48277525867411,10.4393893652274,8.14494321475446,7.6925487037195,9.35156997914731,9.245715337014,6.00506258573536,8.28052339635571,8.30609353108097,9.4119833598727,10.3771665720697,11.0648342971014,9.66426015279995,7.42088711073778,7.75126606997473,9.30546853386486,8.93118155566916,8.43779097800941,10.1057380527997,"Group4",8.7488919652798
"348","MB_SubtypeStudy_55348",7.4100490354726,8.32390746856728,9.43262072303788,7.33973615278711,7.60693207661243,8.38045582887052,10.02740561015,8.58446213568938,10.4729734574643,8.78428229486257,10.0561567614627,9.02834410865659,4.21883626880629,5.86921204220739,9.72093426716012,7.81650540228919,10.3054905706595,8.24682221278919,8.23655520657666,9.35912858423388,9.06223033460201,6.23921417558674,8.55918330418038,8.37094302544072,8.6083779611665,9.68538593070521,10.1270826986608,9.55567120249165,7.4231561872191,7.21767367199417,8.21909592773683,8.20342034204326,8.47603498639684,9.70745550515898,"Group3",8.4904628076982
"349","MB_SubtypeStudy_55349",5.93706683465063,7.62925117930303,8.02679891445637,7.11377399437802,7.84430143879669,7.43417935648829,9.85648181302323,8.45425391510646,9.84992756724297,8.34006171050173,10.0015476837914,8.71372077401027,4.59689477133688,5.91142533464182,8.81937370299045,7.49436988798661,9.15286222107918,8.54183632223085,7.58411948508411,8.94383898576832,9.0277118647582,6.42922765641852,7.73732628916233,7.61496041317599,9.18037378157229,9.10364889374566,10.3021598092894,9.44020928324548,6.95259746303582,6.84109866429192,7.68475674133731,7.96381637316164,9.62548567851758,8.9890055715182,"Group4",8.15113130517934
"350","MB_SubtypeStudy_55350",6.42715845004442,7.88977438003284,8.6222860365741,6.70665417118204,8.02255888422196,7.80699255556957,10.2307024770263,9.12328933029068,9.78439359161798,8.58929884728168,9.74082436538233,8.62885117332324,4.31088355925641,5.53810866095003,9.64122601957138,6.8480482000324,9.84760823151775,8.65242874047358,7.194892151154,9.14621066882996,9.56104019825695,6.09640725082661,7.71511645772831,7.60254191142897,9.48971128391782,9.70427682605743,10.7259713519801,9.81732711335411,7.98432820436665,6.57550272474537,9.54951056751742,7.86218365281336,8.99980784580758,9.89106510657506,"Group4",8.36255826440319
"351","MB_SubtypeStudy_55351",7.42748705231807,8.90881633377315,9.83353446313199,7.42864216410654,8.47121534565966,8.28612741856484,10.3492968004485,9.17555793436233,10.3585944418272,8.76589867163827,11.0312191396739,8.53510471059362,5.60933095073345,7.42837566168272,9.626912447806,8.51348555960248,10.5516617346817,8.4790075394374,7.95749803963088,9.59551695286505,9.45708314352808,6.43247261424227,8.31951697693281,7.74910681543005,9.74727045413328,9.94448309221385,10.4193877785284,9.55470651939258,7.43025516853448,7.86251294172036,8.82632250593344,8.58704427842704,8.68766727345994,10.1417264528434,"SHH",8.80861292287817
"352","MB_SubtypeStudy_55352",6.96959729662084,8.14680626115018,9.18818341736563,7.44786988289078,8.52887855610004,7.72523058647103,9.99982257944744,8.6831190353179,10.3963250665625,8.40509426374449,11.0087118810434,9.47934681477301,4.40993772783492,6.33350121159065,9.00519182937411,7.93211872541918,9.70537618026038,8.5021224991424,7.5396773792859,9.17896829700843,9.30139263899755,6.34137880221226,5.32476269493117,7.5034204306952,9.3035424058145,9.54874303364517,10.2573503237998,9.01200280371735,7.19423714366774,7.44516762513981,7.87593452330925,8.70869355512113,8.65973648735511,9.46656968507047,"SHH",8.36849446014352
"353","MB_SubtypeStudy_55353",6.96461578861577,8.40578571361978,9.28957432192791,7.25627493605337,7.57207559638778,7.52728354661618,10.046687580727,8.80033504662607,10.0518804101301,8.82401424677683,10.4284648928862,8.92682699953852,4.15128445862023,6.12110513036107,9.48161308739582,7.88124708295869,10.2949793452484,7.72036315132685,7.68777562255594,9.17366140519282,8.81920360646863,6.22948793140866,8.31729248178147,7.95730688769961,9.34921963385387,9.92851616331792,10.4214650086109,9.55467211759043,7.27928695406458,7.36150588316844,8.58416346807851,8.44674694813835,8.71026658692133,10.1119790981203,"WNT",8.46108709214083
"354","MB_SubtypeStudy_55354",7.26211074808825,8.33929607213711,9.47340820124372,6.98238078943198,8.00312409494167,7.8272219074006,10.1026650749994,8.4118387651298,10.1967497995409,8.32894438918523,10.4086883000481,9.31382305219289,3.98646596070275,5.58183625415763,9.08966451894634,8.10789263003139,9.92893820226856,8.38662255862005,7.42163612161216,9.44100009053981,9.39235993718486,6.06155035979505,4.91820898905529,7.80451400455543,9.36838802188884,9.59701033296726,10.2314357125336,9.21742128809212,7.61990673833403,7.59571242916471,8.15166849311715,8.50969777036309,8.75856859392032,9.85333367304807,"SHH",8.34335540809524
"355","MB_SubtypeStudy_55355",5.97941113802415,7.91461067303593,8.48831936545974,6.86328384971574,7.95923766762137,7.37119802068035,10.5070026666001,8.6992629191972,9.74208972080474,8.77885346531601,10.2397995090123,8.76488817098735,4.05582180046474,5.42997942050264,9.81197642060693,7.94477128224888,9.56054109388301,8.22197726891885,7.21564240010625,9.15931598911814,8.85955449688819,5.85499212334655,7.78892982506032,7.57903857416034,8.66426049119056,9.83719708592926,10.3118356346593,8.88188425439262,7.23669880195934,7.79066784673006,8.42797357078439,7.69795667853054,9.63691413466048,8.98492418867233,"Group4",8.24296501615496
"356","MB_SubtypeStudy_55356",7.79233130440185,7.75900965691391,8.8095342039769,6.98630174776381,7.78490794131545,7.77319036147908,9.88617742673449,8.11631785371716,10.3838766394823,8.34886566737187,10.6220141449104,8.95887188641194,3.94955665806123,5.68046628453532,9.09053254149423,7.65226191814872,9.45811764741533,7.58679804768349,7.19691421272116,8.74720346859887,9.12888537977552,6.17646583657108,8.38838412488207,7.60398364784532,8.65915001849682,9.53674059766233,10.054423372008,9.02438584500958,7.25300424268256,7.58890301498398,7.79249641702699,8.50489387476682,8.40235994568283,9.25367950128529,"SHH",8.23385310093579
"357","MB_SubtypeStudy_55357",6.25700938593943,8.15737917248935,9.1622898577598,7.11135760131588,8.1547230607168,7.68651412291812,9.82455077155851,8.39659583029636,10.3230132087845,8.28747709131329,9.80696547860475,8.68905754168745,4.24435513999285,5.82374108529292,9.12938039029284,7.68677090429603,9.46084730060954,8.01331217783934,7.57498255433934,8.97045314125754,9.05504944935527,6.360847616206,7.83104030114939,7.21607590812851,9.08514954648348,9.64453196985853,9.77963328556386,9.24360478116576,7.22505881045975,7.50632519670302,7.70438488866849,8.48156318846356,8.85073564972197,9.18805860881052,"SHH",8.23331867700126
"358","MB_SubtypeStudy_55358",7.23266107001168,8.13540360789575,8.81537195007134,6.80597269726139,7.60691179014851,8.00012732927486,10.1249715206838,8.54424139914062,9.77397120305617,8.04292002406235,9.41096858671496,8.41080687575815,4.51078610795504,5.92133430961734,9.53911833088543,7.68748913294031,9.79384392127865,8.254122192917,7.6365083896788,9.32556857214023,9.47939003121988,5.92754422665489,8.3152991334937,7.54359705683649,9.38536483423119,9.33481172647992,10.4211275019531,9.78947438009966,7.82973681572424,6.47536447125722,9.86331150539089,7.82061017891476,8.23445321513301,9.94053776361706,"Group4",8.35099181919113
"359","MB_SubtypeStudy_55359",6.15156664699331,7.92316436067893,8.93537993800912,7.27095644875522,7.74621989809647,7.86706434613212,10.4142397721763,8.26997835491292,10.3307525898982,9.03384377480447,10.4018350191649,8.70226829005288,4.0644150751756,5.81714203737119,10.0582037667252,7.76468585655557,10.094748222698,7.7892878847993,7.96460715497557,9.20277663690155,8.94194839911082,6.43221279299294,8.54809091920039,8.88829956165241,9.17230232919114,9.49837184193991,10.3974613434651,9.28699865776031,7.48244928886341,7.13253190244047,9.47488278757709,8.01577409496037,8.42933983756642,9.87164538123737,"Group3",8.45221897684809
"360","MB_SubtypeStudy_55360",6.99794536640732,7.82654493932555,8.94483567066192,6.92694861153385,7.76938663633432,8.10318201460003,10.0459877461109,8.84781705307246,10.0328595216913,8.47955915807922,9.97304458635546,8.70154899116821,4.43831820611146,5.51738921996819,9.7904173497409,7.3319007274492,9.91881220240297,8.71232181904833,7.33962294476889,9.09584998720618,9.72162460449175,6.03714054404334,7.85366160111368,7.51837037253651,9.36533007631248,9.16792126958508,10.4977894875941,10.1212357652306,7.97888443814882,7.11214581493317,9.30454162042014,7.54708777411718,8.52817306180299,10.5030250405663,"Group4",8.41327130067449
"361","MB_SubtypeStudy_55361",6.44105137377603,8.27969974159858,8.82243058029452,6.76728006988822,7.54080140396945,8.3731598708975,9.6056281300733,8.21127545633858,9.50468934009668,8.46281077173752,10.2481951028885,8.61801474325358,3.69718287953756,5.4178778835985,9.89770362510166,7.26595053064612,9.93326590533404,7.98365723553805,7.58906051271834,9.01733673275985,9.23051811192434,5.7097690981048,8.56996109357427,7.49579829879315,9.37184509706641,9.2272715751548,10.7164035722276,9.6325184914129,7.68012144193793,7.11296922994799,8.24016359277727,8.14891180022255,8.4049343077406,10.1495324902313,"Group4",8.27552323797537
"362","MB_SubtypeStudy_55362",6.06571897029621,7.7720368061598,8.95668174934379,6.83340176395197,7.75401517188826,8.22158977379646,9.98297374343372,8.24080472165654,9.98296284888806,8.09411971631772,9.5989716699702,8.57536235614059,3.95734284225076,5.84256449196643,9.28517078986985,7.48421492798253,9.57969771235423,8.51518093044223,8.09636032823755,9.13444905338059,8.84370001354645,5.81958258945072,7.35615000022443,8.13048052345011,9.26431917926232,9.24005156088871,9.97340605609151,9.73248446598057,7.7558257610236,6.60884047587154,8.98010513077524,8.30439222615204,8.59387423365704,9.29536761506978,"Group4",8.23153529999328
"363","MB_SubtypeStudy_55363",7.02846684335762,8.21383057201888,9.07945487527082,7.06998474085043,7.51119967512932,8.62472414955274,10.300289517022,8.48719312156828,10.5500365633046,8.87138044017601,10.8529161638785,8.72109314982039,4.54097926947122,5.83265730868227,9.31341185616038,8.30827478685005,10.4097359697335,8.31314852175906,7.78448437675827,9.28273442286404,8.85041721459534,6.74832736636622,8.13813541100886,8.38751045628412,9.6580804011379,9.97923420420932,11.0777720088995,9.27698430687847,7.91733787241956,7.38726240568809,9.61425955278783,8.55270028655359,8.07748536908234,10.0147049331392,"Group3",8.6110649445082
"364","MB_SubtypeStudy_55364",7.40110598745606,8.61626701551955,9.26947235494678,7.04494876492815,7.8394930065786,8.30313042158113,10.2477890358099,9.34361976892555,9.99569265415097,8.98017049676456,10.4745861228474,8.99274866944393,4.73136013507105,6.13588002276752,9.85962947276912,7.73677741229323,10.0183132304817,8.63088730380517,7.69286731552437,9.044040363772,9.7549521206843,5.89065839731744,7.84479111015994,7.80606351573301,9.31459256214379,9.69131874622897,10.7174053600001,9.99503855243725,8.13912331039958,7.46625475645475,9.3857967614875,8.06415009784989,8.34209086434431,10.7923653648297,"Group4",8.6342170904561
"365","MB_SubtypeStudy_55365",6.75116420346419,7.94463637202168,8.74057161968523,7.07047809002572,7.73260309780837,7.32273642340471,10.4151929189912,9.2177167864058,10.0288550419478,8.48510611295095,10.0407060210184,8.73729590284959,4.50108276405839,5.76863294028144,9.65362856773621,7.54138882360308,10.040533220028,8.41751677893159,7.30786929728396,9.3413871245661,9.4825085582732,6.47714021985015,7.69497065289832,7.58625562140075,9.40298894958734,9.7545579784826,10.6013846304636,9.74070343692069,7.96099419583397,7.50138403957451,8.36308995910304,8.00657556513236,9.25399391087916,9.83415511715421,"Group4",8.43293543948871
"366","MB_SubtypeStudy_55366",5.80375588318653,8.62764052943869,8.52557668210679,6.76580290472668,7.50074215161315,7.91250184700969,9.79164283274865,8.28307877288739,9.84279079821774,8.45468047696445,9.79292106538076,8.90963277932897,4.85918980445929,5.5647404779713,9.43747356831259,7.66414314397699,10.0552836613908,8.24888671409708,7.75527057857524,9.46133779779611,8.74765391463978,5.69933119702634,8.72459651899164,7.87776479269,9.4318539595612,9.32900227532101,10.0177396623694,9.58005831282172,7.35303146354428,7.13324327045492,7.93599443164757,8.27583907244552,8.76649471268648,10.0658583377458,"Group4",8.29986924682749
"367","MB_SubtypeStudy_55367",6.46047722082858,8.37886827098266,8.9449206332741,6.91933553241917,7.77087003052108,8.11932404804931,10.1722612564462,9.04712916751435,10.8424713863012,8.1438768572125,10.414323872098,8.95041349601185,4.36232995883637,5.71899484246798,9.71227273100634,7.79065937498401,10.0374190934949,8.30439520614664,7.67959921667499,9.29741063803503,9.76466491016711,6.18837158227161,8.16313606656255,7.81771523127824,9.34406401842585,9.48951473619052,10.5713124724387,10.0977638977032,8.08337887230598,6.87712834446425,9.53027884596785,8.07097513224483,9.13884567519301,10.3875492817431,"Group4",8.54682505589006
"368","MB_SubtypeStudy_55368",6.94267981035226,8.29533102059094,9.27722671900885,7.47265918500726,7.85398490830932,7.16256995471206,10.2292463184531,8.90019052646924,10.114022159986,8.5592692389721,10.5061701495452,8.9115487290867,4.353659893826,5.54967696877962,9.33372317304828,8.16881837515518,10.1751631222461,8.14363719503499,7.76996835166794,9.53662997492872,9.15610597574739,6.16679966150025,8.07602161788022,7.88307526781726,9.38760015470204,9.77197952908771,10.4081577145109,9.6793631431627,7.31236622333193,7.45591255504397,8.58818991100611,8.72395619942132,9.24385203500159,10.2828260517461,"WNT",8.51154064162175
"369","MB_SubtypeStudy_55369",6.12593562152894,7.34621519460853,7.97826818809919,6.90690997507197,7.67607498949166,7.8253976671343,9.93819519294897,8.72705846696688,9.78201017125676,8.05855298119761,10.4962738490646,8.69575775517544,4.00149344930677,5.37745551120785,9.08767545507918,7.41637692482826,9.85985201270845,8.55159154419391,7.13455964705477,9.13145288748036,9.21080676595134,5.87950756349137,7.36716088399455,7.60578861248944,9.15830224246433,9.69033241918885,10.77069584832,9.49376592313751,7.49396215409452,7.42823864018003,8.09584751790743,7.1797545008653,9.14648293668765,9.41453387648778,"Group4",8.17800845204896
"370","MB_SubtypeStudy_55370",7.65738092469134,8.25300267647182,9.73524762906251,7.2795006606994,8.22127935476925,8.01001713738759,10.2241807960562,8.8456499491674,10.706098111223,8.16137735941704,10.1105561568955,8.73075320928786,4.97468544107228,7.5359084114517,9.25058605117293,8.28575019509405,10.1046458494386,8.13851118783847,7.38203613092653,9.37289417534803,9.20891770264984,6.4466416599517,8.22080583264498,7.512707348906,9.28737641198983,9.81417318390611,10.2477392842008,9.52420707541024,7.32116975311309,7.65784900734998,8.29212941878971,8.32698968507225,8.60646042646106,9.85348202179931,"SHH",8.56766794763872
"371","MB_SubtypeStudy_55371",6.42057607775975,8.53749426898419,9.15659257936818,7.06250211117787,7.59842540680821,7.99617738092255,10.1190597444354,8.8001653564583,9.95418975914263,8.67563958217117,9.92399165268968,8.93078962197641,4.19847864556131,5.08281512545878,9.73142188501629,7.62493077971442,10.4646973504636,8.50547462304572,7.92456554401052,9.38192314821132,9.58468645601891,6.24184762301405,8.44097565363501,7.8751019863022,9.73628661079758,9.40524221474515,10.8618047775983,9.91209230675936,7.80934405412877,7.12650462124605,8.31129986005143,7.76065888045314,8.31402805051808,10.5366333156356,"Group4",8.4707769721847
"372","MB_SubtypeStudy_55372",5.75883357664795,8.55594027575463,8.97397736363611,6.89186041181672,7.63124701635029,7.79514473933139,10.0556508424893,9.13628337003314,10.1296787728225,8.40128416694463,10.4405144896925,8.4246959840395,4.18666658550984,5.25504498276694,9.50136577701654,7.36980539995171,9.74733388101324,8.12275898401351,8.04232396597256,9.23861875464531,9.31762888994942,5.7121923425875,8.04650811534061,7.7012554597929,9.08233073565832,9.44283197487424,10.6296422261326,10.4736344975785,7.64440983708849,7.46792468944937,8.42264575710719,7.94638555956163,8.71410051790745,9.95438182115314,"Group4",8.35926181660676
"373","MB_SubtypeStudy_55373",6.22445201049629,7.74570638078547,8.20596896811764,6.57423322416364,7.55596879433643,7.97262195173465,10.310684295898,8.78514158232312,9.71072687689399,8.23068318654757,9.16641067182392,8.95339851648003,4.25960880909898,5.55749455346527,9.6459708685567,7.51918978844139,9.66704303505048,8.14004016309417,7.41217345436708,9.06559109004793,9.1683522542052,5.97009624475712,8.56823423302431,7.8213261787858,9.30099066576946,9.21847086111534,10.5367908065224,9.28347590931261,7.41685353271881,7.08166504786517,7.78345608039955,7.69491293747154,8.86953186790439,9.25018869222495,"Group4",8.19610157452351
"374","MB_SubtypeStudy_55374",7.84505161419573,8.15630585994685,8.92217264382601,6.79600532051054,7.48956503559446,7.72614351097553,9.56916534526186,8.11059507928081,10.2405410082682,8.31447530646517,10.0696770937174,8.83050591844049,4.84278824353102,5.61814513273597,9.03932995958917,7.67933789780594,9.75116041008521,7.76575045806766,7.67864171054888,9.26811633740668,8.67792881952892,5.95642537258863,8.02760407892373,7.48497773166512,9.4732156698396,9.80138983997159,10.1621905486908,9.04567541114925,7.19254938960756,7.21583262758846,7.73753071637987,7.91165747425239,8.25126683922209,9.50098969587987,"SHH",8.23978553239828
"375","MB_SubtypeStudy_55375",6.56305446919224,8.06393777647536,8.01140481791228,6.61846507908157,7.53506175383864,7.70089707422611,10.2551889119574,8.53245648471436,10.0080554112315,8.7550273426039,10.2446539665727,8.84135486401774,4.20416019236101,4.93185875471359,9.69363855540355,7.16278990083134,9.78424649563007,8.2495809668935,7.33137658495966,9.03822911981942,8.86129961578944,6.01175480891187,8.02513723637524,7.64579456463923,9.32222650761734,9.48218897828293,10.7693604804879,9.45052130744555,7.27623765418144,6.99897597315832,8.5951650995057,8.12560919656277,9.12816160932314,9.65337418188213,"Group4",8.26091899225291
"376","MB_SubtypeStudy_55376",6.00234287332828,7.56038535481302,7.40873146136036,6.87872192736249,8.020759540054,7.56076987661811,9.80724464017707,8.72502471170022,9.86449360372341,7.37372883496744,9.97060642199066,8.98058993394752,4.07280732816295,5.71616124562393,9.58314512540317,7.26543038850314,9.53009233398959,9.17132330563667,7.55715700382884,9.42882779650346,9.81598649584978,6.38415392869079,7.55219842349461,7.56825382309935,8.9740082936339,9.08977730725662,9.00843276824518,9.42403678776174,7.67909509472544,6.63625174411752,8.2778935174307,6.99247157233408,9.4805167451421,8.67149740244545,"Group4",8.11861522388005
"377","MB_SubtypeStudy_55377",7.48596887914121,8.40597960850184,9.36882769756942,7.41555414919244,8.18438333537695,7.69824287815788,9.96829464184434,8.90739778125924,9.84739479874615,8.26567838594905,10.703863958995,8.6081929569558,4.89688960867841,5.76271521931378,9.59547159655992,8.36875391912806,10.485044800204,8.74831810742589,7.65430969683689,9.53893529278626,9.35947227681612,5.95653436051013,5.21456079565678,7.94769901618694,9.64943944435961,9.34126133387618,10.3008170349609,9.90458269093023,6.83583720765292,7.50531881589569,8.26993053771374,8.46791114241532,9.14660434836739,9.67240306310126,"SHH",8.4553702759137
"378","MB_SubtypeStudy_55378",7.87352746925138,8.16084617175875,8.83997026675267,6.98091563212828,7.63085860071827,7.82936565423546,9.5885958200916,7.83044584754145,9.8624609734246,8.23701174961773,9.99961003452617,8.34795121548048,3.96938868934688,5.2291233060013,8.79383664153852,7.67325423928637,9.19463705454148,7.67639722458517,7.90585191106908,8.57748979842289,8.77271076366681,6.01929398416633,5.19117454216384,7.52446891618092,8.66977536307401,9.36819405126256,9.47434562462529,8.63193232559913,7.29267695015836,7.3695371995457,7.71125550813115,8.38677939782971,8.14577229827266,8.90748674904641,"SHH",7.9902041757071
"379","MB_SubtypeStudy_55379",6.90356969465785,8.14282093574146,9.28831400665488,7.14980195892167,8.0848642306961,8.00394339184461,10.357747364866,9.25084084919731,10.4574006097091,8.86028433200063,9.77926334378667,8.9728521429949,5.07049772798443,6.39863272369867,9.35442793668529,8.27411821327735,9.96990533715893,8.34039131438475,7.65441462751426,9.56316296483279,9.56553343034804,6.90566137712526,7.41305999778183,8.71504903580611,9.25503613306593,9.59893254952671,10.0905476686148,9.97087646819091,8.33137576185021,7.52616726320164,8.65139548423718,7.84269179650758,8.36249809900235,10.2476343349615,"Group4",8.59863862078905
"380","MB_SubtypeStudy_55380",6.90964630697834,8.1050460553275,9.02056475037168,7.02786620518697,7.58673846371656,8.1990694093006,9.9420868721401,8.80704432134199,9.98206623288016,8.28713036732309,10.5454876446446,9.46234537477329,3.91289223244936,5.64338046114653,9.31662225450922,7.67883346820831,9.8661470946935,8.46276354644461,7.93178291027436,9.39159457806327,9.43683745152388,6.11411642308743,7.04933611534465,7.93941469838825,8.62982581863289,9.49410786313042,10.2410199932633,10.175035545943,8.21833436368235,7.27622167440159,9.81155481177216,7.4181444023383,8.45316015364498,10.1030846980904,"Group4",8.42468536950052
"381","MB_SubtypeStudy_55381",6.67662967038055,7.99066381421381,8.76222167284295,7.08189084684652,7.82064980556037,8.83929634442208,9.79932817911913,9.12615363798261,10.2323505421054,8.13916953565255,9.31283773251697,8.94848852990998,3.98788276496387,5.65413657086132,9.90241253359491,7.71865975250533,9.60843133136366,8.95669449157091,7.81790487391024,9.28699542093526,9.90433748015012,6.10190803923045,7.2905599313604,7.81652740378807,8.50956040441964,9.12754231144207,9.74755231320985,9.97917646523546,8.37694562717748,7.29116646852146,9.69867526871826,7.50168721321569,8.88387304353378,10.0703776442769,"Group4",8.41066728428053
"382","MB_SubtypeStudy_55382",6.22443610721839,8.32476359522608,9.36682322109091,7.46118088839101,7.83017225200708,7.95556482786404,10.1495150947524,8.9645363729785,10.3688134941095,9.1636970215951,10.4389882107437,8.96386736037891,4.0534276477654,5.77145446518646,10.0294613374259,8.0288213564757,10.4535328290633,8.66196580286199,8.00835372154409,9.32599720637304,9.0247374451153,6.39858400122529,6.80444403700815,8.88828178464001,8.56468192377788,9.8133070172507,10.2202823528042,9.50395744280215,8.0771218701869,7.53022778030547,9.68147542391185,8.17564980238675,8.83925251838564,10.0028717619115,"Group3",8.56088964631657
"383","MB_SubtypeStudy_55383",6.92309842624992,8.2166626198797,9.08693213559646,7.4328627335282,8.02706837258539,7.93005461726731,9.86428478183174,9.16178682535149,10.0302778120077,8.64130312155626,9.64646001249939,8.98059921288767,4.80178519808693,5.852282679274,9.66066661586966,8.02828940406603,9.87605581891116,8.75568013898773,7.90468074326992,9.45437466348235,9.45619235872184,6.13836967571033,7.29891798740107,8.01232716337633,9.32728197774378,9.7038396059799,9.73704370338795,9.79864233981459,8.23755071304566,7.32905951730184,9.04744536308472,7.86085397873782,8.74860399120867,9.85776011178921,"Group4",8.49497336530861
"384","MB_SubtypeStudy_55384",6.04117105778056,8.33864691892702,8.68324011951899,6.99105628202457,7.56466952217322,8.38295096385658,9.87797076916826,8.66467805456058,10.2197843569734,8.03079381655494,10.0662083231426,9.12390977853596,4.20477798055007,5.16431731921952,9.78123160947552,7.31174765641209,9.70390780555412,8.38925284597884,7.76401711340736,9.29865011210219,9.60488781210143,6.22243466241443,7.65830484302172,7.77279223920659,8.30691046060411,9.36592787425,10.164756242971,9.94307369506796,8.02719198151987,7.17479073769769,8.80090648715625,7.65840870122479,8.82013940715678,9.85218677720444,"Group4",8.32281453904451
"385","MB_SubtypeStudy_55385",5.84814231295903,7.79328315014929,8.33498070376625,6.84684433801766,7.33987403896071,8.27663721185227,9.72192488889132,8.44574889881762,10.0119217032022,8.26780353842203,9.95365894662843,8.42746898888577,4.31470966244525,5.65624336907926,9.93650873827639,7.5173826795256,9.98305954134606,8.16840078198865,7.61886651020279,9.04421232985249,9.10415320046283,5.94975288383608,8.21450027937174,8.02832705885383,9.07472789800933,9.4117510786116,10.0095187775317,9.6812477564388,7.23502542853843,7.12462579219707,8.32214866964951,7.60903906387609,8.34438658050568,9.53239873518802,"Group4",8.21027280989235
"386","MB_SubtypeStudy_55386",6.23879211241101,8.32302290232732,8.84888173586104,7.87489145660276,7.91085531617904,7.93153031209461,10.0124204732598,9.06775330804899,10.5695511532045,8.74687585243657,9.40540287254925,8.76444095756029,5.72511148091155,6.48376277937786,9.55411261582494,7.75080680496889,9.96162906462106,8.832420968302,7.75882136942699,9.30245387339894,9.5704858271368,6.86801069724239,8.21270011201065,7.86384720880574,9.17989482842896,9.01224515655518,9.78059559251394,9.8512113353976,8.16214798942783,7.60593657938544,9.95293673394517,8.08627263723234,8.6274350781763,10.1745145832086,"Group4",8.58858152261278
"387","MB_SubtypeStudy_55387",5.98939521880397,8.49661581006892,8.76094016845667,7.12321160470786,7.62996477381514,7.84231740883085,9.94756027461138,8.4924889293467,9.99576782573017,8.42043678834312,9.73146166804467,8.45920727512324,4.61350031401616,5.86174002320098,9.62324648833035,7.55998616341438,9.47251978485939,8.56866107476504,7.65485919427343,9.23915114193923,9.59454027847674,5.78238387910863,7.96050050465226,7.5172975933388,8.84140745388664,8.88429005651035,10.8485362487479,9.67861020116775,7.78734007066659,7.19403916742899,8.06849344463246,8.11163507013643,8.64385724020973,10.0264905491163,"Group4",8.3065427555518
"388","MB_SubtypeStudy_55388",6.6696834250052,7.53901639222507,9.11504773363852,6.9026841200791,7.98806826471174,8.03401141298365,10.1797129830447,9.02933827245895,9.61385804631083,8.46289810727578,10.2057208582833,8.9952919490199,5.03454321908234,5.89025033780588,9.59566177464075,7.6704255100502,9.91114949072919,8.95630496617873,7.23111859807395,9.33670385473934,10.0482438734761,6.25446245611989,7.17829583889693,7.46462172430565,9.27833943468058,9.48172950256839,10.2730064513234,10.1548638033044,7.85893058652549,7.02269542237212,10.4550899737295,7.11064902227819,8.34111529140891,10.4289237914153,"Group4",8.46213107319829
"389","MB_SubtypeStudy_55389",6.14821301345606,8.28394100772609,9.06528672309501,6.90813615579043,7.41130067063339,7.99344358255873,9.9617917174762,8.672386712238,10.2784476002682,8.37890809918026,10.4817784645192,8.65026132995919,4.56063499485923,5.76363016723926,9.98169955887734,7.8956233450684,9.93367636147258,7.61988250047092,8.13135204471419,8.97769266937146,8.70518611126423,5.61791556281761,8.10631289660447,8.0951027466061,9.15866803648718,9.53788171692893,10.586202932748,9.14897000973647,7.45748113631883,6.99765678052473,9.80450838986127,8.59268088182557,8.50215663670301,9.6327530248912,"Group3",8.38357539947917
"390","MB_SubtypeStudy_55390",6.00038436526546,8.41998819030127,9.0223279752122,6.93157715276909,7.56254322458654,8.07146417505128,9.95532778562176,8.45115706508287,10.7474165050259,8.406277405475,10.1929045562948,8.89819214177324,4.42086980603478,5.43652229628136,9.92339538717555,7.78837357201641,10.3965742004791,7.5723231628313,8.15187932670404,9.22025173725849,8.70591651760517,5.88259409005526,8.25062434805394,8.21454175575575,9.19035365320209,9.70277151551127,10.3839793582282,9.31007886275788,7.24082461583525,7.34317472907974,8.16608216579476,8.67563627103079,8.55362671368133,9.84465488930641,"Group3",8.38337086815113
"391","MB_SubtypeStudy_55391",6.86779240641616,8.40675912604446,9.46151952044041,7.27359563495036,8.17201065542502,8.33806662835783,9.88382915008399,9.3192615741292,10.2233586814554,8.56727315633192,10.0081286967298,9.1643832620091,4.81415707579483,5.85546662670447,9.50812453149968,7.96359509130369,9.8345679130179,8.77585438862397,8.2366150381721,9.42665363024711,9.42909013206752,6.35929367314253,7.84510293002374,8.30382198023938,9.51209433426812,9.73521539771265,10.2730107546535,9.59256004386175,8.18358238367868,7.4825221292509,8.66077227563382,8.40112341785825,9.36704629037905,10.0239935665492,"Group4",8.62559535579578
"392","MB_SubtypeStudy_55392",6.88554415658283,8.40983132050682,9.29648501061377,7.07940418066997,7.71612786904174,7.61263904378838,10.2284708814377,8.96351570840168,10.0107187311869,8.83195753337749,10.4084594691925,9.13787537884892,4.43725515956353,5.56877570220087,9.49750466206581,8.07878578981303,9.86011069079199,7.89434267410111,7.68643417435215,9.43901975067956,9.0487812950933,6.09028074566213,8.5392238990839,7.72420137021622,9.30417973441461,9.7045387932518,10.9844444663345,9.4145136188823,7.44328492882738,7.33287446723869,8.59965262207519,9.05555772129095,9.17497226254543,9.86861523872843,"WNT",8.50965820737828
"393","MB_SubtypeStudy_55393",6.99297352736199,8.71300650578653,9.67820286051533,7.38894726773523,7.8807276178577,7.59365340568921,10.3250748520928,9.02691883891275,10.0001520610174,9.17017664126976,10.6289430474458,9.18123145794812,4.40119192018212,5.27288494750909,9.63903414394695,8.2726001448063,10.3315169731411,8.32324520461308,7.86711640624052,9.45556358983727,9.06991008515947,6.0690295803616,8.30595155265867,8.08001535101722,9.52689517596064,9.72159577733409,10.7074280474696,9.4977992148125,7.50412051555406,7.45709435503433,8.65733639793065,8.68143859767783,9.08778554239534,10.3409645661083,"WNT",8.61325076980539
"394","MB_SubtypeStudy_55394",6.31262059887473,8.15525402930707,9.22971796356088,7.19261161280265,7.95416059618283,7.90392157605886,9.8815225059349,8.5955606910932,9.92074614094242,9.04568307237441,10.5479705496937,9.12123445131891,5.06783608086537,5.89066321852656,9.27626342385422,8.11535423999592,10.2232313984867,8.29189129307309,7.77673329433342,9.48059821293059,8.82881741446759,6.30680054964057,7.60651156478336,8.26721281102558,8.57666220896768,9.72094017545647,10.7612794874184,9.61909714123309,7.54198122009712,7.5000860786652,10.2082554703331,8.43874275373708,8.89178545923758,9.86284887865354,"Group4",8.53278224011549
"395","MB_SubtypeStudy_55395",7.69238955911213,7.95434710486668,9.05409676869877,6.70638002975262,8.07477011328373,8.03846171123534,9.67446129058612,7.93547056074566,10.1374200404378,8.67767724659874,10.4938989916383,8.77248605657827,5.0500736412473,6.89660584948705,9.1767033013957,7.77084335327922,9.86805484513169,8.33955926927783,7.54488269846882,9.11135417796935,8.98097930570484,6.19322484387606,8.59685882649751,7.43127176944202,9.35038280660817,9.51770034778649,9.78212568184296,9.49603553892045,6.9003845757705,7.17592220970146,7.80027890095395,8.29690415420808,7.23349813572286,9.63060476111267,"SHH",8.3340031902335
"396","MB_SubtypeStudy_55396",7.27180863112363,8.30024145773134,8.97070408945464,6.98671198845749,7.80256263555573,8.10842672390192,9.97979758445981,9.01189456597229,10.1481584395687,8.66281871804171,9.70393371476844,8.74737960488185,4.4585081900269,5.98109667320904,9.43428299565067,7.7686772981142,9.82181967036859,8.66660526175143,7.70923732941707,9.32750207098884,9.56991443394317,6.43918697761631,8.44331143099219,7.89904992514233,9.50482108903243,9.35166079213383,10.3610562778584,9.85940207664157,7.68728607890419,7.62750360324217,9.01146833304323,8.38832333484923,8.95825766392381,10.1443530915045,"Group4",8.53258125741976
"397","MB_SubtypeStudy_55397",6.59065486917128,7.90942356005755,8.97091701130035,6.96021263861642,7.65472720837153,7.53625357823775,9.79801794576333,7.80891253526186,10.1678299314389,8.58312861059714,10.3476983755763,8.91789841111127,4.58068711798425,5.84660647556737,8.95718862534306,7.72533543584728,9.35728382681095,7.82437295860017,7.46754660679297,8.83795177698289,8.8323632066227,6.15949297197769,7.86284645166451,7.56181998545952,9.17514233721541,9.22145391775891,9.76383074688811,9.05324870931398,6.81282281552328,7.54326773200035,7.6216321388755,8.34556829336442,8.60404694172682,9.21987623941648,"SHH",8.16529588197766
"398","MB_SubtypeStudy_55398",7.05549034131762,8.11738187300893,9.5727249784789,7.88740256512027,8.43015034777795,8.27922442171902,10.6725110395229,10.0094785387496,10.2084569184815,8.95352015067708,10.5585154713427,9.74953068161487,4.38400431630311,5.91544670447155,9.93446496999012,8.68139682628985,10.3442097356801,9.14079279958678,7.26327614187792,9.75099563193219,10.4266300272233,6.49440786591911,7.92865602757801,7.56040455607227,9.92281703387593,10.0298066422962,9.9727102464655,10.229844731487,7.66558035042072,7.98967725547563,8.55332357497385,7.79972648361843,8.02634481045803,10.4037181322681,"Group3",8.76213594682574
"399","MB_SubtypeStudy_55399",7.19932793146035,8.25316788155649,8.96996215014847,7.1799263628746,7.73958464001147,8.29211236490966,10.08667409361,8.83151536776933,10.0495173043272,8.31203201285332,9.65969932691788,9.01468573794613,4.22884005004388,5.71732929043876,9.51657132897603,7.741004471388,10.1465071123009,8.30417314502034,7.95581779563483,9.27743365776576,9.15706173477813,6.28979687415423,8.43355826736413,8.24466944841094,9.35516813271291,9.68096020491823,10.4010052860926,9.71447062296753,7.85366867984194,7.55896323975672,8.54624944643503,8.45037711623314,8.64351174824232,10.0974512127121,"Group4",8.49714100119333
"400","MB_SubtypeStudy_55400",6.76141421782734,8.71811123114125,10.0502054128606,7.9435423821226,8.70144613684041,8.78006680503004,10.7016684627212,9.17221169312607,10.3668840503318,9.34667032385585,10.4227314156666,8.78365798143276,4.72325100680687,6.46164764743175,9.57516510607513,7.95838574222167,10.3370089409813,8.28568289658746,7.90896472680641,9.38933659883911,9.5788911912271,6.33140629023946,6.61419925011803,8.10247225333747,10.0109837394623,9.93568037948695,10.5285616560094,9.11332368421371,7.54528610507893,7.21703359099757,8.49829661253454,8.46690532365325,8.94347912067422,10.1755014423018,"SHH",8.68970804170709
"401","MB_SubtypeStudy_55401",7.26274425026534,8.44211388882569,9.12126547115146,6.98131846826605,7.50063040643199,7.72210300127277,9.89328880852787,7.92778302782933,9.99811730443251,8.73833033308074,10.4222392055443,8.26003700298315,4.61359444082149,6.82797099018132,9.12481922038131,7.90049005829631,10.015520686429,7.86857213804019,7.23364383787341,8.69204285405918,9.09534975374133,6.34166341219865,7.91786799074516,7.36763491352395,9.04974733527733,9.57761803090157,10.1853571897194,9.21518277134652,6.93769949048421,7.52642955791559,7.6790393044342,8.89478777215971,8.73877064742666,9.58588618829678,"SHH",8.31351940449601
"402","MB_SubtypeStudy_55402",7.15962520200595,8.10049876976003,8.57182102980942,6.72287400881732,7.54442297846843,7.81969936703513,9.94263401623579,8.13941764537551,10.0254928331076,8.5310456547791,10.1106661238426,8.85502427620539,4.03496458264031,5.51633480640692,9.04142791415832,7.32644103094947,9.76094406202334,7.78714233884883,8.13634319114636,9.18537138486281,8.60274968992872,6.0397292788039,8.04270721264544,8.32344099678747,9.09034598742867,9.38504737540298,10.5491046713721,9.28289640702746,7.33576705578734,7.37218637055994,9.96147879033053,8.06168542534899,8.63252101456777,9.40260203835818,"Group4",8.30571922149494
"403","MB_SubtypeStudy_55403",6.09614577802015,7.76184990689548,8.78181569540635,7.18726319257714,8.37955409310989,8.56082045685967,9.82094672114201,9.41446154582783,10.1742119845285,8.59975593569831,10.399780405278,9.54948806709008,4.23724427354631,5.39649167103106,9.37518652312326,8.08794574461998,10.2993109195396,9.33238219216967,7.46134691642493,9.46613356725958,9.77891242137924,6.94272911579314,8.30268922101353,7.67599282280203,9.33189768851478,9.51308849415944,10.4160975635688,9.97759749449199,8.01191959418958,7.92060906348991,8.25469504336001,7.81721874380246,9.10884772798146,10.5318761420791,"Group4",8.58724431549333
"404","MB_SubtypeStudy_55404",7.5604263515855,8.24381547814277,9.33888840371451,6.72133346902475,8.24207750670475,7.71505119878649,9.79562436561103,8.34192241275784,9.47808525018166,8.69839752549396,10.7183639870043,8.7128899478934,4.24092690929005,6.28646374182511,9.40466342048996,7.9335612629261,10.2839321603192,8.00930083037303,7.43511974632686,9.08885104075455,9.07682934600219,5.86372764483046,4.68926018301494,6.82106262337873,9.41892561787314,9.60095131370538,10.4007022167344,9.83781896601811,6.90750207769386,7.34530289214912,8.30060723157487,8.66856286823591,8.32047240166102,10.0873364555435,"SHH",8.28202226022416
"405","MB_SubtypeStudy_55405",6.70831983353223,8.03055362694642,8.89509220769735,6.7032058585517,7.65254345875887,7.73786242070258,9.69609992007572,9.68047515990234,10.0274370582902,8.41923929143176,9.95008765706009,8.82994347621461,4.44841546723846,5.85461674589003,9.33550281871139,7.83713118992563,10.2065919789794,8.78276337731769,7.71404707651138,9.36503734893079,9.72608419669747,6.483710451224,8.27320538149156,7.61279540520694,8.52911391633185,9.42703263671002,10.2839958590269,10.2238820015978,8.56099383310953,7.07800010718975,9.97800513616948,8.27121247272422,8.64660264955646,10.5845790815932,"Group4",8.51629938533229
"406","MB_SubtypeStudy_55406",8.08077474248833,7.85084880430151,8.97131069629928,6.96566737608916,8.06938760053963,7.94536836710997,9.72280370805855,8.2210954860409,9.82652407407157,7.99920979640605,10.5263016003887,8.83784653722209,5.59138858001898,8.15372899629465,9.33613486315144,8.29580180188092,10.1498847979418,7.94041845386943,6.96054452840589,9.52887602354174,8.85035390348605,6.20038512154441,8.50615511969227,7.6127468087415,9.23708751591463,9.64348249359921,9.6177245749463,9.21529352676953,6.50959857106624,8.02756029975797,8.34860275487204,8.7345584773708,8.79367028672956,9.47230418470319,"SHH",8.46304236686218
"407","MB_SubtypeStudy_55407",7.05198843516461,8.3355943347292,8.38240301184269,6.9286780049235,7.63494545330853,7.77226705508276,9.89656690592296,8.74175567827322,10.0210282639873,8.3495324620751,9.80190334204106,8.11939613755967,4.48015776181406,6.19040539776474,9.95517208330629,7.40791664874376,9.94377306989653,8.67848229140244,7.88604082570231,9.43087244108686,9.57920097164381,6.37053761452955,8.5226588602958,7.80666572802633,9.26777960903143,8.7620162931591,10.4637992568327,9.88023463127895,8.35261809713355,7.17653868389475,8.87678834134407,8.21001507366301,8.78237648943228,10.2555631581683,"Group4",8.45046095332533
"408","MB_SubtypeStudy_55408",6.84231201280277,8.52864468409189,9.82182140605302,7.22604154405722,7.95587661618491,7.88008980907814,10.4111850468419,9.19015608656019,10.0866300155073,9.14658523873351,10.7175094319607,9.08128220943127,4.22234860613995,5.47152147308149,9.40961590370889,8.24408605986993,10.222806975237,8.2828648135857,7.87423204346985,9.53584013767333,8.99896087011517,6.50117538817794,8.40671574816304,8.01188219205889,9.21092866722796,9.77050288542587,10.4350846134498,9.43043920559097,7.48157235278451,7.3830213899625,8.6042315057096,8.7960037410587,9.2581506896206,10.2179139806333,"WNT",8.60758921600141
"409","MB_SubtypeStudy_55409",6.76042487858002,7.59546600724797,9.16699720515249,7.25078441008841,7.73872135309993,8.24253784149165,10.0647539756272,8.54701465136469,9.89904201575425,9.35952391602219,10.7090096624221,9.46744095735951,4.27696279426095,5.30125680020187,9.81794832048642,8.33362980112901,10.6078011166085,7.77498242109609,8.16199161301664,9.2211852095946,8.99705786891447,6.39956890574381,9.13740772628003,8.61470453324169,8.88105929704624,10.1370153472242,10.4786040820594,9.29903998816491,7.41104891256276,7.10922524025025,8.99378412780036,8.51844890578962,8.54989654326398,9.82223441556194,"Group3",8.54842855425024
"410","MB_SubtypeStudy_55410",6.73005833981378,7.34832481047834,8.75868980021416,6.8736368146142,7.60931692791787,7.84628016240346,9.53375329647279,7.47626080206564,10.0266463278884,8.05401846701403,10.1212456382416,9.01530992122706,4.44708768939194,5.6410388328039,8.66269213077444,7.1961522419244,9.09644907377845,8.21755297165152,7.11071692600723,8.48471197153504,9.10532843727882,6.25835546113378,8.13734773409956,7.39454547297288,8.75715075450856,9.22825201324813,9.74155992022165,8.69239244165835,6.90576026380928,6.69433050261753,7.40325064344655,7.72421124520611,8.20673855040001,8.66498216669959,"SHH",7.97541613980938
"411","MB_SubtypeStudy_55411",6.97791503309938,8.01732947304934,9.05057582836931,7.03976310187661,7.76333273034892,7.79417210470564,9.99299669492069,8.39712675695683,10.1477204311011,8.48135813280082,10.5045864572226,9.19918901323975,4.28481053244774,5.88548475418449,8.96629553894074,7.5890998434582,9.83804704922659,8.10831031583576,7.47311102248688,9.15737242158418,9.04949487957166,6.30942017219913,5.82936665753996,7.56092083604257,9.31717694399322,9.37406546310839,10.2822931047272,9.28821876212603,7.04247521375154,7.2217289387032,8.16476554979325,8.65995952652157,8.41048505686542,9.48986943477808,"SHH",8.25496581692873
"412","MB_SubtypeStudy_55412",6.88647491856038,8.36626744494564,9.29069284289088,7.27642319901509,8.0614682300549,8.15483304081584,10.2419181282168,8.65912915725237,10.0562797826727,8.87562582048568,10.645730287789,9.11361856080849,4.0746339537941,5.65233133829751,9.23929056556238,8.06982351712017,9.57700811897975,8.26261391567628,7.871854069275,9.3352721219518,8.70366634757383,6.31444702326885,7.97332049173414,8.65782505395405,9.20348373890489,9.7469944987186,10.2592294121182,9.28347061600594,7.72365688082267,7.65787044209664,10.0228043137802,8.17978705548689,8.88382173357116,9.48212024353056,"Group4",8.52364079016857
"413","MB_SubtypeStudy_55413",6.53649632894614,7.94870809782346,8.81939267694289,6.84899148153843,7.75061247648489,8.03891193045194,10.2420806878127,8.80340873536251,10.012010595668,8.83258768781198,10.3239421769859,8.85823981095838,4.30372325276097,5.33585942847707,9.96258441220738,7.63925362889036,10.061359320238,8.41375039310227,7.42714907437623,9.17593069347105,9.33322751445831,6.15510828668138,7.64375854847241,8.02294316312901,9.10314024411448,9.50411794680898,10.3540907141682,9.70215223443584,7.68641848016927,7.28987019688682,8.72513941624773,8.33113640032094,8.80130474018336,10.1014075397216,"Group4",8.41437671517967
"414","MB_SubtypeStudy_55414",6.37493014271586,8.20287384020544,8.78900453781489,6.80360933235021,7.80266363736712,8.30330409188737,9.74050791477402,9.07180155793871,9.86550677166169,8.49832177390068,10.0628866414622,8.92834666664817,4.59590024291612,5.89341179964635,9.56271353659554,7.44842097866663,10.1242388570223,8.59247160251695,7.89262977394061,9.4862476240111,9.52811626645727,5.91845443409905,7.44610223213815,7.68000229246196,9.16036865022652,9.77469881684337,10.4406594177962,9.8078383185619,7.82028446162538,7.49016293753247,8.67422035264846,8.26604781717106,9.07810368742847,10.214647010553,"Group4",8.45116170645839
"415","MB_SubtypeStudy_55415",7.52879183853164,8.02910969475521,8.82535903527774,6.70279997522765,7.79467873560224,7.87891825446997,10.0964611669775,8.18941491963958,9.91573482995338,8.79133714649041,10.5827341738595,9.49698293826313,4.31671619661393,5.65348743033841,9.56318061441177,8.28203506201224,9.91495890218997,7.76996270743886,7.53154579387523,9.64943979338758,9.10296123205716,6.08183856193718,9.02685770366627,7.72060330190822,9.59615424189843,9.82380972355179,10.0333815555538,9.4320243756912,6.95881808843538,8.15976224460418,8.96837640708038,8.19724840575458,7.65011583465774,9.83994767826191,"SHH",8.44428084012865
"416","MB_SubtypeStudy_55416",6.87755134879437,7.68443292860291,8.87706350508715,6.91921650170136,7.70640779259026,8.01998740905157,9.88840825572868,8.896845644555,9.44569750785191,8.02447116908647,9.97206532393939,9.02065591057426,4.14179101205762,5.82095574277649,9.95413802480502,7.6097900854647,9.81084481341992,8.52026291697226,7.15344612118682,9.26908773876677,9.46219156806029,5.9735209985717,7.81909758012447,7.5737965394204,8.95607538200013,9.41577742821255,10.3356937563389,9.96545903232502,7.91937377336994,6.93639187970169,8.404254979023,8.18503695160981,8.44410082537224,10.2340856790905,"Group4",8.33052870959511
"417","MB_SubtypeStudy_55417",6.9121485714987,8.17940023776753,9.17965585555149,7.05026298173593,7.71281947717686,8.097383362366,9.78452497631314,8.85984197457038,10.0550478636328,8.39468023926575,9.91089153969719,8.93498335343008,4.0190896639556,5.38929350049183,9.30075171522022,8.05744505181952,9.84408239380245,8.33442794687267,8.01961756867128,9.37113410018277,9.48595490368444,6.1842785866843,8.10993204336676,8.15206374151525,9.32120976481987,9.64133656797878,10.5690529908196,9.70682951105066,8.03763252406872,7.63437595120452,8.95451139770048,8.02103497706162,8.18167751449924,9.95803805440576,"Group4",8.45192385008477
"418","MB_SubtypeStudy_55418",7.55067053615612,7.27860185504787,8.17519921515418,7.01286147812819,7.68296802404687,7.8312597355511,9.26126198965785,8.30105836386153,9.98813048068825,7.42003016242392,9.23243265040009,8.93021186513841,5.62092071440466,7.2739887135321,9.11098305527989,7.71279758324507,9.37067943676714,8.49990202794122,7.77156785385456,9.18307966140531,8.81367073358892,6.04254645461716,7.87526966424226,7.20424927756379,8.91031128226187,9.10597597961849,9.42402060954168,9.14930832994257,7.25352797720689,7.01834292708558,7.58149895941557,8.07452938261151,8.47021611652779,8.46210604930271,"SHH",8.13512291606503
"419","MB_SubtypeStudy_55419",7.67645998400433,7.76209875870982,9.62801933539134,7.20854441579901,7.92315843423882,7.90659483523553,10.1026705434873,8.49839057244343,10.4306942980223,8.39365296117662,10.8629668800163,8.36173635286814,5.70985118972564,7.92842375812433,9.60431453846193,7.74400440147847,10.0069100975736,7.98563322981822,6.84652079967369,9.22724387005183,9.2078846497534,6.12939849330364,8.14513526764967,7.80579266729915,9.52061007469687,9.66049646953454,10.3933685272755,9.57851109693409,7.30791381212037,7.53174694092069,8.17352766101149,8.2737520585122,7.39563527126308,9.73257546478556,"SHH",8.49012463856944
"420","MB_SubtypeStudy_55420",7.10263024438033,8.43427927541426,9.21132738768411,7.49109209502814,8.25908507582706,7.78796266621911,10.4126372885797,8.18844811864497,10.4843232380145,9.04753901426347,10.4110012236445,9.70912016180983,3.97581104696454,5.40418691164114,9.59480178855999,7.51908062958914,10.3046585275634,7.21407001168671,7.98047810910412,8.99478696413034,8.90782889075428,6.27196195725514,4.05439536552408,6.13632603759828,9.89317558004543,9.92377993404704,10.3126163620114,9.18105793780749,6.60548675282431,6.93972037298682,8.14195430843388,8.54363655423484,8.3028125205625,9.14744376250765,"SHH",8.23204459162772
"421","MB_SubtypeStudy_55421",7.27636701109827,8.31849904184342,9.11854869548698,7.11079556504592,7.6115804751954,8.21312308841839,10.1616544904263,8.61297381974445,10.0026584790454,8.52690735105349,10.5054266938511,9.38367214206946,4.04080297566622,5.14214328112535,9.22730666291502,7.78063605620336,10.3210931562527,7.77023697130136,8.03460251784246,9.18662584553067,8.98024815102698,6.01686836409129,8.53733353914907,7.98388110486026,9.10205201205171,9.87534558075866,10.1651412752212,9.35367874204325,7.40417202475537,7.26549229691171,8.66453080262356,8.62795229573423,8.30765727740064,9.98825903438305,"WNT",8.42994902415079
"422","MB_SubtypeStudy_55422",7.59824897059816,7.77411534465999,9.32406605673744,6.77444900205997,7.86136910694076,7.36387951641914,9.82550271681939,8.07408100951491,10.1496715523534,8.43503161822822,9.7631197946849,8.78773341801968,3.94047363241006,5.54124308365533,9.05345189975468,7.86436679280615,9.77684315433781,7.74137950787919,7.15552925434795,8.61622241185467,8.89077794998252,6.06161423609963,7.75365307868689,7.4263488370589,8.84032424041086,9.36982749709303,10.0436556715717,9.04701163572316,6.70985898304175,7.62365726626103,7.94442448841544,8.25445018730213,7.75710223097962,9.30176188083056,"SHH",8.13074253022174
"423","MB_SubtypeStudy_55423",5.73786993125045,8.38680896253783,9.81274283500294,7.67771412874921,7.97032410688824,8.67466281354306,10.0808342813762,9.08987287837067,9.96061306436729,9.37553984774741,10.1932531025169,9.6512852844132,3.93093548011279,5.48933469293035,10.1814187843527,8.29935258785007,9.62312594776835,8.2320272940821,7.96766187025572,9.68784844363076,8.80880035031871,6.24802374201006,8.49381022788156,8.04354340268147,9.49206007285775,9.85162041410753,10.698315342537,9.27865868789026,7.24332720834628,7.70254122569853,8.61099675357301,8.71503319726392,8.71409678733066,9.6304414030531,"WNT",8.57513221039106
"424","MB_SubtypeStudy_55424",7.70572196828568,7.98508208354788,9.10053029692769,6.76359581732936,8.07639790346203,7.56682042993009,9.81522217866448,8.39561070238294,9.93809004532354,8.57198444954014,10.510034114704,8.28182197060219,5.01008825756838,7.82544688055243,9.04123622272474,8.15374034157073,10.079291639105,8.4534513232634,7.13715452658641,9.08256598162352,8.99050425438209,5.7904693912827,8.12192765950082,7.54420549264524,9.16178965013807,9.52228222345256,9.95631664290243,9.38372620195179,6.91605925984106,7.0149364409295,7.80977920584301,8.82343538996663,8.00180621328636,9.5519122940024,"SHH",8.3553834545241
"425","MB_SubtypeStudy_55425",6.53481689699802,8.33695269710144,9.52711115966164,7.1975322801348,8.28688316800891,7.51426926881169,10.2331505773303,8.32227717451106,10.0388023779229,8.5381389617511,10.4906049469896,9.19328086347165,5.02288323922415,6.42324562000189,9.40758210482345,7.6363185672499,9.88281332273734,8.01205891557762,7.5891312430019,9.46295744518362,9.09607748253561,5.72729015431151,8.51679605464832,7.83147386504591,9.2257113210485,9.413411912632,10.5571411402831,9.5451778465291,7.1884862044675,7.1626802131163,8.54573529517182,8.84130297089719,9.11262307854002,10.1007716251344,"WNT",8.48574970573101
"426","MB_SubtypeStudy_55426",7.36777089181522,8.14208549166016,8.92811216870673,6.55258790392714,8.01839988015352,8.18743003908534,9.73520283692081,9.18493784339983,10.309545816319,8.71664517206923,10.2994463169244,9.25129388263379,4.06386818563409,5.63157516256655,9.34441416401224,7.469597157216,10.4336754781757,8.19172082137444,7.57936901560774,8.90732555518056,9.73934736813774,6.1116186231035,7.97175376064475,7.83646029876155,9.16123593003709,9.5762162323333,10.7200406021934,10.3038417133101,7.80470290645646,6.8950421577949,8.4145285832057,8.18970084359083,8.57093700666238,10.826230249231,"Group4",8.48343117820133
"427","MB_SubtypeStudy_55427",6.44654833660567,8.26931456239568,9.01690019887388,7.16434461988809,8.14657267129507,8.37975633509944,9.85714496096564,9.00360491896768,9.86178631415476,8.97159001931362,9.89141178467076,8.82756953921521,4.59113944368706,5.94243427138221,9.73086605652347,7.79008477079444,9.86238717302298,9.02213027081733,7.97646939802999,9.54628321705193,9.34384754574238,6.33646094238543,7.9528237134284,8.02166128129701,9.45028069215567,9.39876819584456,10.3529729755954,9.58415553317007,7.61813192609157,7.33242085268071,8.41519015862104,8.17347997884533,9.15671031834488,9.91944736212807,"Group4",8.51043206879663
"428","MB_SubtypeStudy_55428",7.19999809116807,7.97708971399028,8.90138312864413,7.09036330966875,7.90457488466076,7.70277624988636,10.1704272490767,8.41507123670164,9.86310490352148,9.29219823772357,10.1887635644309,9.28905955487299,4.81448976877203,6.00497735357793,9.26321008147442,7.69334660940402,9.84096072122456,8.11102524649922,7.55526377954153,9.4281708457352,8.81438989546541,6.22265726335224,7.98991526086315,8.30788918371224,8.47085442657717,9.70082002064885,10.1746421105073,8.96153012956741,7.81194406677871,7.21863044535876,10.2478081267196,9.04745829516989,8.87702239446739,9.34937998087365,"Group3",8.46768223913636
"429","MB_SubtypeStudy_55429",7.12526883099598,7.36298308523741,8.12579247258304,6.83570887851467,8.02666046669827,7.71939160543046,9.64828489028512,8.40614263124932,9.93495020769806,8.11850679197196,10.4525046671692,8.83865121633331,4.69034577720094,6.46876486842342,8.78267013593922,7.97903306602024,9.67087956974211,8.61695037470536,7.11760777580473,9.2877997397424,8.95765665278032,6.19049479569,8.44540207829845,7.31954230859825,9.10271234949784,9.5606676971751,9.64168846038818,8.9424753894797,6.94800212089345,6.93711487171575,7.63582043397302,7.67355775076558,8.18641732358101,9.11954663015605,"SHH",8.17264693866876
"430","MB_SubtypeStudy_55430",5.83945786881833,8.06731883325607,8.67334147149462,7.16517538411884,7.63952318457457,8.28641585731562,9.94870339252902,8.9291040301662,10.3460718270576,9.01398885316716,10.5451894669085,8.61750830350963,5.18756001165815,6.18216096420043,9.81956527360252,7.50254566992081,10.0693668251323,7.97484549761436,8.33833346523467,9.31045423932725,9.04562630719714,5.75112026408769,8.25210897370433,8.77232223488905,9.10351615361585,9.43047457506453,9.76489851008204,9.81953635485077,7.6500511608437,6.89844360100457,8.53702370910613,8.12329459937652,9.21215857190396,9.63841170341275,"Group3",8.45457697466899
"431","MB_SubtypeStudy_55431",6.20084746843483,8.18816248417841,9.19993891799706,7.47790044448154,7.90770764599479,8.12710371232105,10.2440135525513,9.10616373153715,10.6587686174401,8.49590866624478,10.1596859856805,9.34681538480976,5.17586231312204,6.52637434570118,9.21044650745785,8.07061874174001,10.0201494178522,8.064759962865,7.32428391901131,9.12907022629528,9.53373125760605,7.03675203450475,7.40946075820633,7.8248849881371,9.37124606186356,9.68878508972762,10.163539428352,9.70368412478459,7.6553084665156,7.49561735084053,9.33917146745548,8.8212546418074,8.43906128760716,9.94272625634239,"Group3",8.56058250763137
"432","MB_SubtypeStudy_55432",6.84770037509358,8.01857017149563,8.49505005803653,7.26995637953474,8.14630361822173,7.99358842359532,9.90686506608534,8.31852072328205,10.1373244218341,8.66436010538557,10.3726875944609,8.92942767059478,5.67218379898199,7.39398550616127,9.40631242894286,8.00882848394377,10.390843592861,8.38451247134507,7.29523707383125,9.72751936989748,9.26972512073797,5.99859737412006,8.36906988064242,7.62523749760581,9.80808986348329,10.1403049607886,10.2423690056184,9.5221145036603,7.38893407938272,7.35329821519242,7.99555664153216,7.96093095949909,7.86944545185978,9.64100138485693,"SHH",8.4871897727225
"433","MB_SubtypeStudy_55433",7.84182291566817,7.92432211954148,9.30631971507242,7.16436147705299,8.25299173802919,7.77114575999172,10.1340292886661,8.60659102007499,10.1092257472935,8.78463970097002,9.89420650853714,9.31161922869938,4.10491983474662,5.84138582202231,9.14216496936579,8.2261054388879,10.2727613348739,9.04574925104629,7.59276075997207,9.88727975635127,9.27621756186734,6.17551404421902,7.58596452778411,7.7028488830603,9.58607726862696,9.77244445402617,9.89785508797621,9.42281011898882,8.01283730835866,7.7225170348608,8.55302923428516,8.22144111472495,8.58316455135473,9.7412104131731,"SHH",8.51377452912264
"434","MB_SubtypeStudy_55434",6.73649207991827,7.99186383162333,8.92082240650313,6.90501306421956,7.77011171959354,7.64658255946824,9.7894004750155,8.26468504793179,10.1493821661996,8.24560566021903,10.2106740316423,8.87915987427998,3.93631404950946,5.36431151651307,9.19718357800852,7.38118743518802,9.6326326909753,8.69664632362314,7.66590918888113,8.63538885064178,9.03533525970106,5.97147853886174,9.14557424433214,7.51709758651906,9.05902323277015,9.05346024220588,9.93059373348293,9.22871778256986,6.98115104813898,7.36692295973254,7.8254057001742,8.54895941171309,8.77037367393807,9.15764743344244,"SHH",8.22385609992755
"435","MB_SubtypeStudy_55435",6.17924241234967,8.01338418038671,9.26322625466367,7.34829159527692,8.06061478808656,8.27558470717425,9.96604970864033,9.20616511308288,10.045726211074,8.2229953948048,10.1641248381674,9.19574264978399,4.99857077574291,6.20030233726984,10.2124611413242,7.45483005099984,9.98942958123828,8.14071239844688,7.71731233521176,9.42662885742325,9.33654459381555,5.96929132824669,7.82393880556647,8.12562561198714,9.14812354391678,9.65875345166564,10.360750750388,9.71509194942131,7.94377065282075,7.02868312654846,9.44742892684693,7.77318406504869,8.36142327737284,10.2528025553855,"Group4",8.50078846971114
"436","MB_SubtypeStudy_55436",7.00919600771683,8.22246030253307,9.59278366657283,7.42598153041614,8.16955788460781,7.36103885554742,10.3848017426209,9.36819050020641,10.5561166982234,9.3607500474582,10.468096118789,9.22601368744035,4.15577468216613,5.51812156793058,9.56674631932075,8.33730265114503,10.3402107042406,8.34555900159892,7.76476562921993,9.6673672364927,9.25353429213967,6.75052022107335,8.18247244094607,8.05941890396662,9.47436150698111,10.0039202276573,10.2885289345851,9.65303999141132,7.40371978277717,7.51582302766073,8.60093757964163,8.69269690756423,9.16245627288876,10.1502874049885,"WNT",8.64801624495672
"437","MB_SubtypeStudy_55437",6.88318130159041,8.09487412359711,9.35630338431111,7.18178810497249,8.22408608914505,7.62217996330399,10.1345695166161,8.60959261613167,10.0815364152839,8.75006036706547,10.812888932169,9.42459962007564,4.5781425534986,5.87537901147875,9.0014709325225,8.27644755443851,10.0764996915657,8.13213923596784,7.60483983250758,9.59362645150519,9.15778689629846,6.23053962327068,5.54114106118577,7.68794444404767,9.55220047849382,9.97459699208911,10.1407524664766,9.51715219161578,7.25876201996349,7.49841935315996,8.3514091052618,8.28595466183286,8.63671991249131,9.7550136870299,"SHH",8.40889995855776
"438","MB_SubtypeStudy_55438",7.39043523750819,7.99101731852212,8.94122331969496,6.72631991859326,7.58798365137242,7.51019380080083,9.91640221710776,8.4893258650902,10.1249682686889,7.81253791155655,8.74988562416712,8.44718237456198,4.05393466092828,5.54150078662245,8.94070259253805,7.77773949514206,9.31468133003714,8.54484040919092,7.59096538436621,9.20230292500848,9.42203774789235,6.10934576418097,8.06238873386151,7.38452204626626,9.13649357572918,8.92444406247601,9.96185319893717,9.81904712722987,7.57330140164316,7.25458031302962,8.02812460791475,7.56681614363219,9.1124711418307,9.56848676094554,"Group4",8.19347222697256
"439","MB_SubtypeStudy_55439",6.98770479042553,8.11446586576139,8.7881998772111,6.8994644988163,7.48370432619805,7.63690168805861,9.93826937971779,8.726626070494,9.90121452225951,8.33747460549943,9.39754578885278,9.14314798032209,4.25705570286286,5.28432689682557,9.14025567290173,7.92040337848132,9.77647312141831,8.17534017044011,7.83432941333562,9.22868266611968,9.10580780725843,6.50621872134952,8.40574914986214,7.72894054465397,9.0618858013975,9.5229284166612,10.5428212627567,9.73000345306954,7.93073450827575,7.43876617024914,8.02909860264021,8.01351877055677,8.71843212157274,10.174496134933,"Group4",8.34944082003642
"440","MB_SubtypeStudy_55440",5.73350189406529,7.81881585583626,8.12351046882694,7.40907519581535,7.99794065755222,6.69635156457299,9.88177432531339,8.99935231643189,10.2783296188759,8.17420295590825,9.40106279904199,8.87429879382975,5.04555429827846,5.73169887512797,8.80643519840575,7.68435234340839,9.70227739159576,8.42314154684053,7.0463055968771,9.24492230328228,9.20648892044539,7.05043977844273,8.01029050219158,7.37832328400032,9.52871172510326,9.57873970755772,9.88818995740642,9.40993721191218,6.76965602462742,7.58150619280701,7.56797446131505,8.28218184626839,8.9847221471639,9.50253346204012,"WNT",8.22978233003435
"441","MB_SubtypeStudy_55441",6.66176259316579,7.89428460460774,8.95410735246221,6.95605861876952,7.73818335428087,8.30389353185254,10.10177151868,8.70575676318055,10.2878590339316,7.86850133738684,9.95969431098601,8.84050429422155,4.13509591384348,5.30598083025864,10.0154285475523,7.43101658495418,9.815904496708,8.25236525805255,7.41881631906054,9.55090396761966,9.54264035539563,6.33547389171901,7.8674638317371,7.69970522659979,9.18524734826761,9.26808128633705,10.4032602043189,9.93372400065068,7.97735046681368,7.09806358339297,10.5715515816482,6.88673755803763,7.80059860694785,10.1764961024387,"Group4",8.38071421399645
"442","MB_SubtypeStudy_55442",5.88148117690041,8.52220470386606,9.11818485392532,7.13911298792596,7.88413467946762,8.46836235888899,9.82685417135579,8.98427450325068,10.1386167208609,9.00704437181156,9.70290596977119,8.69006636471381,4.05388709260604,5.23347264778291,10.1488131254807,7.91305272117194,10.434563778901,8.52625017251909,8.07246791682565,9.2320861361259,9.30283926114753,6.13799480325258,7.37006312303352,8.59186511913381,9.29965925014251,9.48686090702739,10.6099487513196,9.57129299373587,8.06810393258901,7.31767315924152,8.38051067043107,8.63058003650544,9.3915167729725,10.3406532091153,"Group4",8.51404113069998
"443","MB_SubtypeStudy_55443",6.48565171962825,7.49924790708435,8.28681539329291,6.85549143942115,7.83698978997898,7.37818484071112,9.77453047918994,8.10246477403509,9.71829807120317,8.14749288306908,9.92931803625837,8.89684147978453,4.52973039472494,6.94688062190464,8.97947202615432,7.63001141443508,9.52839910170989,8.61311789226232,7.32117175692273,8.97440196363451,8.97879812604411,5.79802025266754,6.63839030397533,7.35375415541211,9.06484671614667,9.12165373050477,9.76852114449825,9.20911534973619,6.57917754304201,7.26170709288753,7.4285786045581,8.17887918757847,7.92885318350489,8.76388758987395,"SHH",8.0443733813481
"444","MB_SubtypeStudy_55444",6.95031127790974,7.9302440618178,9.23194111178826,6.61524844714932,8.18723370507027,7.75558612147365,10.0195379943641,8.73471990644815,10.2406882303807,8.56742933007556,10.5158075175212,9.02896914544243,4.4828306894658,5.88488822020318,9.0095324394083,8.21349838511222,10.0785628715695,8.23680150994935,7.72834602522633,9.30801406678109,8.87624457331914,6.25091578663138,8.79628879074379,7.4597650523503,9.00799915364413,10.0728000560342,9.90922094663326,9.30141343485502,7.07765308915142,7.13341123543529,8.03648823317244,8.36614371959664,7.92300179076055,9.5093364628337,"SHH",8.36590804065642
"445","MB_SubtypeStudy_55445",7.14931288414236,7.83456100745648,9.37437129069802,7.06647446741316,8.14745428984464,7.74874265169696,10.032333060673,8.25521521272927,9.99471494603738,8.69474626404167,10.4213350927336,8.3469147068351,4.48464438258519,6.85306051607932,9.16431229721266,7.92828290300175,9.53715332864012,8.02631382555965,7.62400841675447,9.0970642387009,8.91311400968979,6.60948130823903,7.97281786191878,7.57314397867164,9.28073363867064,9.44864073721942,10.0652835203092,9.18447838445374,7.04368166392974,7.56884306875459,7.76120885618514,8.41422305795719,8.1597793296367,9.44085303887037,"SHH",8.3299205363924
"446","MB_SubtypeStudy_55446",6.47764744502917,7.76275132369947,8.42271921072282,6.88360631184801,8.01349181145977,8.11615952351269,9.61077346565131,8.9827413287745,9.91733269971994,7.85046154513824,9.73139293353708,8.88096017136973,4.30052328868764,5.71239754222836,9.38122609698928,7.69071821953141,9.48981911316259,8.84447236058478,7.74895596505948,9.55279445620027,9.61598593438488,6.13010771418459,7.88023103149753,7.53845627584736,9.14211844966825,9.1705209266636,10.2582537572015,9.72604471915706,7.86294181105128,6.87544415356974,8.68231556400372,7.1311933348378,8.44778618311899,9.90707424645085,"Group4",8.28645349748658
"447","MB_SubtypeStudy_55447",6.94527536805886,7.91405674046597,9.0231641614025,6.85809966451002,7.66719204074116,7.48194277068017,9.79109181796573,7.71000207002693,9.9331306664593,8.43853445417927,9.90088279920724,9.00541123331379,3.76634909736184,5.50897016333301,8.89027843231926,7.39166639260706,9.50370564535182,7.90177572693758,7.59322776606565,8.36191011423404,8.98549924042352,5.90131098984212,4.85829158479557,7.429286054912,8.96683753017523,9.13442637264921,9.55790765232077,8.87994584311595,7.03067589614989,7.34361257315966,7.64237830661067,8.67550455855876,8.24877212088371,9.09452864748151,"SHH",7.98046013224411
"448","MB_SubtypeStudy_55448",6.62763263292904,7.92452974607125,8.87762368662162,6.97927216290048,7.41833563818285,8.02061525732543,10.0087275407075,8.6357107402426,9.74859558238307,8.52262615037803,10.0541161417449,8.57976779680638,3.72407762563033,5.46752979947594,10.0857506376755,7.64764884125119,9.75773744109626,8.34149995070874,7.898365962557,9.19379609601949,9.40031791385346,5.90368772965472,7.90866874577254,7.85954879669875,8.5076207783091,9.32150712515894,10.4741041870982,9.78875449491166,7.95393900526167,7.43190746334903,9.51981684006862,7.97988203385963,8.65676747323872,10.129410185058,"Group4",8.36323212361767
"449","MB_SubtypeStudy_55449",7.90857009358059,7.72221284475626,9.11406268828007,6.8954027167888,7.96763900368146,7.96459201303889,9.62031968943414,8.39378682662638,10.1554020553625,8.28793986960287,10.1592454949808,8.61127982780127,5.76465222702057,7.45238189982347,9.27525637927506,7.89030637037095,9.68143110884504,8.37118831884142,7.57368065416776,9.23464110081693,8.63923414910316,5.94432683100104,8.20235913897303,7.64149348449568,9.22527594462326,9.66653800729019,9.93524461763805,9.3366382742206,6.77313578578576,7.10111762341694,7.90496714962082,8.0784774430248,8.01321249748743,9.46454298453153,"SHH",8.35207515042081
"450","MB_SubtypeStudy_55450",6.96314553638231,8.24113088953091,9.35188477934864,7.17459068823979,8.14887994849579,8.0396541699998,10.1680907350356,8.52718959450857,10.5180026941286,9.04255074847783,10.7881822204607,9.55833821932041,3.99284143372521,5.55665468866361,9.15217146235431,8.06425016734729,9.9858074612508,8.28252578208702,7.63778507714741,9.17500165071736,9.19210648637505,6.05527760325212,8.41883644524281,8.07714322708995,9.31160595273376,9.65362796544254,9.97811763845148,9.2774419047007,7.04557472721874,7.58146928914649,8.09244107932004,8.59851151661982,8.46082590199264,9.61132201696307,"SHH",8.46244057946386
"451","MB_SubtypeStudy_55451",7.57703349237413,8.61700592057034,9.06558402697025,6.96160192709644,7.88256166778995,8.1074465808002,10.0591155828025,8.88243739344143,10.1331035530239,9.08256552438427,9.68145043893532,8.74426516720686,4.00072491330139,5.58423100171471,9.94727081080554,7.72746433041846,10.1991540288634,8.4857740633391,7.71805003602942,9.51902370233501,9.35881617615229,6.07570737127032,8.09621525331998,8.03789181001394,9.33188338042498,9.3850093149904,10.5630807217813,9.82436910955831,8.05775183386121,7.77015340742441,8.5834136462119,8.28156119249549,8.65696917176696,10.349357813791,"Group4",8.53964836368427
"452","MB_SubtypeStudy_55452",7.30132836316464,8.49526594002873,9.5500150448819,7.09937255639153,7.55916486228381,7.45403160815419,10.135582371481,8.87658728075569,9.9883601243114,8.72681425513219,10.2890643032846,8.82860175650155,4.21453744395293,5.54325499505549,9.65271855695431,8.02888088214785,10.2747905248239,7.72187367733956,8.04419838290661,9.40661471514208,9.01790950284963,6.16995620395821,8.81887792807097,8.04918670056318,9.17983665119907,9.46255534272872,10.6072095385629,9.47772660921886,7.54857824021633,7.24173838098053,8.64955541711356,8.53205753171437,8.88785346044946,10.2193778889885,"WNT",8.50157285415612
"453","MB_SubtypeStudy_55453",6.34823894346115,8.01315776191917,8.4939216844152,6.57733614666573,7.71429700598306,7.55583220276215,9.90218366206733,8.24180640914333,10.050153437209,8.81712025163611,10.2554906904925,8.7057908984281,4.50359525198037,5.42320857498025,9.69913198709835,7.69125213491707,9.6911644478743,8.19221567335735,7.59187758103103,9.22338011093515,9.00601517543947,6.0817464891315,8.35966600189705,7.88429779837803,9.08563061857395,9.4488859284686,10.3897176119017,9.4193327588646,7.83303802497005,7.12139640137578,8.91523771322173,7.71456650290716,8.84920318682428,9.58302647812621,"Group4",8.30537986901285
"454","MB_SubtypeStudy_55454",6.59677535324782,7.94288128019111,8.79623660360536,6.9865325311,7.67916493876085,8.17057885326942,9.7746100812156,8.89963931981423,9.97233323557498,8.09012175388604,9.51183657510279,8.64415736564498,4.09230049694365,5.59435132674021,9.3962510979379,7.20061190475066,9.81114929812562,8.66449212313552,7.79646426244121,9.28683161991323,9.57359522404421,5.93666941165019,7.87264523807104,7.81003349699125,9.17673693188553,9.33096549527317,10.201777929723,9.97853999272755,8.00484735977949,6.51592798946522,8.787893658942,8.26773378363902,9.08904412091154,10.1982902607371,"Group4",8.3427064975071
"455","MB_SubtypeStudy_55455",7.93179858465922,8.2352687859717,9.48059356817051,6.86032817369973,8.43829425650758,7.65467929237362,10.0540853763832,8.43328487936884,9.96244463750611,8.71420695948899,10.4707794471929,9.01152345219788,4.92632432079793,7.06482780293254,9.06830304889626,7.96289720313402,9.84246450617563,8.06196245963676,7.60553459101883,9.14766249322412,8.95528610683992,6.23747753658358,4.54931734646379,7.77285063317925,9.24529007168658,9.58799076976872,10.1558504455365,9.34782510225878,6.96977321250374,7.36673161187201,7.88563739625298,8.97578751945444,8.57822474849359,9.71243861204604,"SHH",8.36081602800813
"456","MB_SubtypeStudy_55456",7.04597527982398,7.37889677633883,8.73062602498782,6.87496759988737,7.87065760389845,7.50370409444242,9.7003526107185,8.31665287494135,9.90575065297167,8.67583119988743,10.3333971724399,8.8262318427076,3.99810475846161,5.48283581296543,8.9883639568189,7.53232791067589,9.70696305084449,8.09435611493838,7.16788538052186,8.48838537730482,8.96682600568901,5.83833294938006,5.09011620200753,7.55336133649007,8.66329630512839,9.33734074251926,10.1171344069548,9.21642546474961,6.90382864590066,7.26726270344287,7.57679405912994,8.63802118776977,8.04893755431235,9.1061990568886,"SHH",8.0278277269394
"457","MB_SubtypeStudy_55457",7.22003907894838,8.15553918226727,8.73367103841308,6.65092904898206,7.3496502854527,8.02916876268851,9.88030958426966,8.40231661197811,10.0141751164579,8.13710158367536,9.15190678890985,8.78756333071405,4.57837682977487,5.92055839577161,9.16893186411354,7.82742844994117,9.88814438092489,8.17332828746927,7.6598642846525,9.35841853103467,9.27302415457709,6.25173152937098,8.24740692105041,7.59103604627838,9.0061367034441,9.22109241824092,10.3667114630433,9.86995998177047,7.78474054091403,7.62029485315114,8.37170157904557,8.03469864397531,8.68788812896684,10.1483188537058,"Group4",8.34006362511688
"458","MB_SubtypeStudy_55458",6.33506618721441,7.89655634791759,9.01146221682834,7.10701962268086,7.79125853087983,7.60584368042723,9.78821045765819,8.12668795098235,10.0414881652376,8.65925016084604,10.2037852037951,9.15985375500073,4.33201993136756,5.72630890988343,9.10219691447482,7.57308344276159,9.53086156033966,7.72609511497598,7.57610173910791,8.56816592395089,8.90696888502365,5.9025844005552,8.45508486700206,7.20692082486211,8.82523795962222,9.30130567699569,10.0269166771148,8.97080815683051,6.69261291487703,7.34087923006163,7.8502898437577,8.7686044643209,8.5729357069671,8.95413002438688,"SHH",8.16578221907963
"459","MB_SubtypeStudy_55459",7.7152280740692,7.00325224844403,8.60712644832489,6.74391011772067,8.18250069988803,7.40914752995493,9.56971922394759,7.98911487597301,9.9510825591152,7.84983097942157,10.0515401026543,8.92272846363439,3.93422298272801,5.47399685661017,8.94423886629482,7.80649795840364,9.40604052496594,7.96827646236145,7.00888184879528,8.60227737149498,9.18128521125478,6.24551139564391,5.29380581624412,7.09743822222688,8.81452157068423,9.20439179708945,9.72557402389862,8.59482367710272,6.21968180472866,7.46911816799019,7.43263731101967,7.80506294891245,7.87549845541829,8.78197185626875,"SHH",7.90826283686132
"460","MB_SubtypeStudy_55460",8.53282433956084,7.80046808062109,9.34182323594184,7.02299134035955,8.10674525388497,7.60561891286324,10.0006056757094,8.31645884834808,10.0740969694557,8.49444969502636,10.2758689070264,9.11245531393843,4.037985642679,5.26029528712666,9.18954352378389,7.6576210002922,9.81368357684141,7.24665629975561,7.25377637746385,9.16239280864229,8.68101282959812,6.06958078719992,7.96103864003967,7.73792150208732,9.17404399846545,9.19172042090588,10.2682011979251,9.00584645146852,6.82533885430783,7.12832709500026,8.08089643279445,8.52240707845267,7.82634907868767,9.51190059167172,"SHH",8.24385135435075
"461","MB_SubtypeStudy_55461",7.60317272619907,7.39725865302088,9.01204300135706,6.57951596804183,7.61154402011947,7.61580448492751,9.81360881749314,7.89948647526812,9.9868793893064,8.55009200370765,10.3075932319248,8.7498564679349,5.06129202994531,5.81924133127615,8.8396560691166,7.59478732284309,9.53126942176634,7.884728233668,7.23857328995589,8.59126957701008,8.93029963806331,6.12315208941125,5.15967740980145,7.40510732213894,8.86372411631571,9.33886765260874,9.97029525620873,8.9320316396993,6.74743297115896,7.24724948090507,7.66651975433449,8.46934300505187,7.75321537428051,9.06832777789417,"SHH",8.04008576478691
"462","MB_SubtypeStudy_55462",7.94619966243968,7.74917520346285,8.89881689699872,6.72484676724317,8.08264526579976,7.82460632939629,9.77154070189894,8.47386117998293,10.253575179895,8.16226075145949,10.4667350819238,8.97415960073677,4.70513527251621,6.47761353401178,9.20493188372425,7.90178250227201,9.8455406834406,8.2285464075465,7.74065099675724,9.36246665660958,9.07361294038127,6.12362891303776,8.15752679320295,7.75107702392499,9.34744567069937,9.66770213207545,9.67095189955636,9.24016617015615,6.83670585317779,7.30924446237538,7.79097445969462,8.07499534753324,8.5000108955555,9.55012155990393,"SHH",8.34968396115854
"463","MB_SubtypeStudy_55463",6.13295209372702,7.58864993372881,7.69556505076091,7.03913542580383,7.68295173120547,8.25214710811789,9.86984247867096,9.06238338756169,9.63467326266691,8.41753233419048,8.80514968414304,8.99780479952539,4.41215805169057,5.75144423252527,8.71940358957881,8.07161771951252,9.90855579249687,8.31261645950113,6.73701175428716,8.4436450506035,9.54785055785703,6.43718768871481,7.73320204149976,7.35416651804138,8.69097104428241,10.1386904768689,8.6312125418175,9.39023774172851,6.82379995312163,7.52812281283756,7.82641194298568,8.71874399888368,8.89038784748941,10.4743675373397,"Group4",8.16825272481665
"464","MB_SubtypeStudy_55464",7.27015688953258,8.07938730409005,9.01102449383382,7.71172009969279,7.69147461240527,8.13781008580781,10.3214425948192,9.25849513014178,10.5411300767424,9.05098850961281,10.0571896293847,9.27294037414553,5.42781391659303,6.21173493668867,9.32375621710019,7.85561633566859,10.3601805009693,8.63637023658759,7.59805015726673,9.2773248931512,9.71348794026929,7.05283101462375,8.34507753643673,7.76606734457032,8.87802898166803,10.2591883880853,9.48554325620935,9.84934663568698,7.89104978065743,7.24771159309156,9.74624974242046,8.26446088079687,8.25581426499271,10.1569496409651,"Group3",8.64724747043259
"465","MB_SubtypeStudy_55465",6.3024845171696,8.48889534457167,8.78799098199091,7.33957506733758,7.64111095158324,8.2522646078222,9.80833832014151,8.68860183558006,9.78824152317697,8.55808731052339,8.87829635068194,8.24834908901151,4.63234074636187,5.76428182431338,10.3430218448639,7.50365035382483,10.277453841595,8.45148859341463,7.75982987060931,9.79121260466453,8.84601083833311,6.20048767068141,7.92085588517442,7.86358662677297,9.47485964736141,9.92772034956491,10.4428467649595,9.72069979984355,7.82128091650997,7.12584680291113,9.14561770341379,8.4182840149703,9.24250686594343,10.585379568093,"Group3",8.47180879511091
"466","MB_SubtypeStudy_55466",6.66853840798988,8.21304577495028,8.91589121381608,6.90327063418165,7.57228877914076,7.81768703936985,9.92644821035798,8.77190113221051,9.88286554772102,9.07052152391837,9.37583933121644,8.91536303985832,4.07956737255314,5.30532938331744,9.60502653123027,7.76832746767573,10.3883285023806,8.19431180568823,8.11867902900488,9.17722493001004,9.48865039428402,6.27358285244433,8.60172945516889,7.9699805922371,9.28755118599968,9.65578841713985,10.3108050202466,9.96929193479049,7.99279248932533,7.72075359279219,8.75268555232278,8.2552924639756,9.27608130344709,10.4143828874851,"Group3",8.48940658230149
"467","MB_SubtypeStudy_55467",6.45364118652448,7.83642952581904,8.95504104565399,6.72727147484697,7.38801922777201,8.16714056967095,9.54269142296981,8.86279818914896,9.76162619784832,7.84720153932961,9.65548426074537,8.88825273185413,3.87860035340475,5.48413562735115,9.77541701642203,7.62481932002204,10.1794813702134,8.24871872165074,7.40111641422611,9.72225377006414,9.6973522284944,6.1414232480191,8.34708037954145,7.90402396283996,9.18746395772789,9.59930784288099,10.3856152930754,10.0342576826543,8.09331074521055,7.30455097986286,8.65763242624352,7.59608341106626,8.56866277617935,10.4526114884904,"Group4",8.36380930552425
"468","MB_SubtypeStudy_55468",6.5556985951076,7.89772368046033,8.94790708911284,6.92214684522138,7.89427097903085,7.61990615213655,10.5214518316234,8.39514698826108,10.1386937143748,8.84224848773175,10.1282533434884,8.93681342432382,4.18601560966604,5.07255003544088,8.77275000280292,7.86341340814897,9.60978557064355,7.9693623503743,7.50439258357863,9.17087212374192,9.02831400965634,6.37775329516876,8.0109971588024,8.23711217112729,9.09111365621934,9.49916466449352,9.97988591475197,9.41259795430002,7.32276509055256,7.41209874283452,10.7015720139693,8.24640262741401,8.75911385920901,9.57387360304377,"Group3",8.37065198755332
"469","MB_SubtypeStudy_55469",7.80112886043773,8.39511515336875,9.53738493699216,7.0788943334322,8.18919395720093,7.98034108017296,10.1354948337418,8.47561173278951,10.2026094788474,8.79350205377366,9.93223102759109,9.03110278463948,4.45759820863962,5.82263941864738,9.17478996338653,8.22004764959495,9.78147574368315,8.02575081871889,7.80169485855,9.20959029717545,8.94818754783781,6.41419104801341,8.04820696613866,7.8122103018731,9.45051038281717,9.6778745060145,10.2555684712342,9.46246064593596,7.31634327652336,7.39634730733789,8.2732673300031,8.47399073075102,8.34045159268885,9.7752136001451,"SHH",8.46150061466758
"470","MB_SubtypeStudy_55470",6.01219893879849,7.8636232099549,8.62412173432642,7.0309345104992,7.92431122120366,8.02614285961673,9.90622614987156,9.06200846545238,10.0758508996593,7.71979954119318,9.17161300928427,8.81140829792759,4.03928629429949,5.51769345422478,9.07867160611629,7.12461425149983,9.49191092437203,8.77048050763807,7.63377988324089,9.15647614303745,9.77467403572027,6.23387848054732,8.31830976032673,7.77572967305144,9.29920931493288,9.27659486011395,9.85962330651269,9.80897119277627,7.73565778664589,6.59288905104925,8.53106655422668,8.0462260812791,9.07792594092748,9.59923219902165,"Group4",8.263857062922
"471","MB_SubtypeStudy_55471",5.43936571465679,8.16728376070125,8.02775891516627,7.17270148057935,7.58389576742376,8.11524490466723,10.0482684568733,9.06300157110962,10.0481480142771,8.4755864411818,9.89587956807144,8.05576651647516,4.41520508920889,5.72252848491391,9.76894999993369,7.52360190320047,10.3551790903899,8.14951732338214,7.59711886697355,9.57454236283223,8.89370298922343,6.56534671078475,8.25562944025915,7.79477412597592,8.92161389476409,9.31364679073017,10.2217891250034,9.5046525205115,7.03483479396699,6.91527563703829,8.08993547018094,8.17661216090957,9.05821104900457,10.0103074571415,"Group3",8.29281989404447
"472","MB_SubtypeStudy_55472",6.07113535137429,8.31479144810648,9.39375982168696,7.24022754821998,7.99431235515363,7.7835524082952,9.96830147465808,8.7039060680985,10.2190895203986,9.11812725445928,10.4019987707098,8.48966385016402,3.81724435411975,5.52913941538229,9.7686085959688,8.04200882808205,9.86944574433251,8.38302040146289,8.30619635563384,9.50471352006624,9.14703123034465,6.71218462140909,8.16466463982871,8.2203123367768,8.82537667950485,9.15670274891783,10.0107902018193,9.77402467190992,7.89234493609441,7.31700617525753,8.7391561761534,7.88077919726068,9.19489803237372,10.390793268357,"Group3",8.48074435301121
"473","MB_SubtypeStudy_55473",7.5107330375356,8.17847548210234,9.06311492324495,7.16958758626482,7.83669865307901,8.27401960545397,9.81408864990771,9.30782942368947,10.3034117661333,7.88173038240155,9.56958218961925,8.71435068654248,4.09748725249103,5.66732178210904,9.5020179236491,7.90715403092159,9.91474021677352,8.75389485354913,7.97803163752561,9.34534388220066,9.9025945510822,6.06309543872131,8.56919946648754,8.03360454278176,9.1469507045906,9.55523321637406,10.3845334853344,10.2312204687718,8.47885081269572,7.35193700105939,8.40833004574989,8.56813791017932,8.93541271687991,10.4323830552813,"Group4",8.55444404062304
"474","MB_SubtypeStudy_55474",6.19569707416099,8.61053723463835,9.81935849972199,7.46017317593026,7.89068134627833,7.76955960101387,10.2525077858281,8.99938630896043,10.092819867155,8.70193934835602,10.7122628903413,8.89549048608914,4.78300609497852,6.03052978665566,10.1011394440109,8.19420184488812,10.5825385889541,7.99860187588926,7.57680260374302,9.47078631926068,8.99704202396429,6.22906471170123,8.45326994321349,8.27179627869942,9.32806254870562,10.0522951304794,10.5823947049086,9.5955424361237,7.47056541684892,7.42306239242459,8.82447401899695,8.71591285879635,8.51478195348845,10.5014107096617,"WNT",8.62052045014314
"475","MB_SubtypeStudy_55475",6.72131191408337,7.82474319361663,9.1208572402705,6.93816446534827,7.73189820008356,8.0396913285388,10.3024611559676,8.78790507911203,10.0437658479372,8.22661285308534,9.58779775460538,8.64946809881932,4.00944042221519,5.77134868201464,9.97324326608057,7.5692744356953,9.88866281159313,8.450413627504,7.34647332381917,9.3201621451224,9.60988185493702,6.25916776309239,7.69903641042942,7.66808287428094,9.48637253990033,9.09199315024327,10.6232695792742,9.89048647977443,7.97516312479414,7.03033961120559,9.60544108952183,8.15704801392219,8.67178528727948,10.5212257778584,"Group4",8.42920557064782
"476","MB_SubtypeStudy_55476",7.00048421861007,8.05877637032383,8.82837864064304,7.06495052428171,7.67296973359389,8.45551198538202,9.7625056212372,8.76058438690305,10.0768638449587,8.2949755622926,9.45156889929932,8.68180048610296,3.78353829418346,5.43528448953406,9.7615418022394,7.72473950916894,10.0675338628565,8.29469663087798,8.10688433441519,9.34466260927823,9.52497593678344,6.21992255673112,8.36991996268297,7.65780457352668,9.14854124326537,9.37456067024972,10.5772858585663,9.70023324200211,7.95187619565967,7.56242549810555,8.53260126480385,7.96009425682265,8.76982533389418,10.2911521196407,"Group4",8.4196903093799
"477","MB_SubtypeStudy_55477",7.4095679806024,7.95128493343752,8.86492933937544,7.31837511697952,8.27977591352935,8.11313780355501,9.84181341263576,8.5837245273084,10.334496310044,8.37077579868366,10.5212782223633,8.97472698159004,5.31769737078392,6.31093808231208,9.34526956435905,8.25521688022035,9.97788255451219,8.28086711572039,7.67861658751442,9.64791116954326,9.21151787311819,5.96619707910111,8.31133063732405,7.67540741025681,9.53777183854524,10.0563091078322,9.88366334695575,9.22166947239953,7.17465313561942,7.63426297611653,7.95345524724006,7.84796683911532,7.69397712508102,9.59263612322018,"SHH",8.4452677610881
"478","MB_SubtypeStudy_55478",6.78818588226206,8.53244099526705,9.31907992438531,6.89386052660985,7.71166419514681,8.82404314936654,10.0383189754647,8.87701641057534,9.9077097445752,8.5134617316628,10.6217525577336,9.07493968745632,4.21719987822766,5.38143113871064,10.3066110074137,7.66725321279996,9.97974128492737,8.65039450975923,7.68529153328159,8.99570352393993,9.51857135193879,5.99061848330384,8.58925116502161,8.16836287867823,9.27766959306106,9.22399928581586,10.8504058184045,9.9094639325892,8.27692339597312,7.28756645975169,8.42064759440438,8.14783017089316,8.75473772844949,10.3839550475722,"Group4",8.55253243457126
"479","MB_SubtypeStudy_55479",6.84099446659419,7.88666767547461,8.51169204336583,7.03183912678541,8.26584155569524,8.04113907400414,10.287304805915,7.75953369060319,10.0422870321834,8.17413208580759,9.80463151758855,9.33219976852487,4.72655897022808,6.13089344483392,9.03184927638474,8.20242485214184,9.99505142168658,8.22648868744205,7.29466990917788,9.19907786912101,8.8178397728291,5.81656292458353,8.30070648139522,6.54189525624793,9.43559878935034,9.83884164687343,10.1960370823168,8.94170191602626,6.96698942378708,7.30398280172882,8.07464758474349,8.59888746012499,8.29347121808919,8.48935023287832,"SHH",8.2471114666039
"480","MB_SubtypeStudy_55480",6.6863752374901,7.98907248146019,9.18809463342399,6.85719407387246,7.77301132433216,8.09470271489446,10.23894186267,8.3705450412878,10.0342514675252,8.64996560210359,10.7127103878574,8.82027699231912,4.25321806021625,5.53480765001957,9.6239272342442,7.92474325968024,9.91274280354157,8.47025828327622,7.79544986931054,9.35973684529863,9.03187534548517,6.27187477098911,7.20202778273652,7.70451224027292,8.52227909458463,9.42711317511122,10.1559573069779,9.59805649117221,8.02820658168852,7.29681557471752,8.8636476896447,8.09002607251402,8.70135068452611,9.98469705448412,"Group4",8.38730781440377
"481","MB_SubtypeStudy_55481",6.59744239350763,7.73897427305278,8.53779370555842,6.87863489521409,7.78374412853375,7.88513144398678,9.58473340977433,8.20248223662163,10.0660921904539,8.12343421907102,10.2978673987914,8.57349112112739,4.46010145180588,5.60874477030761,9.65638639671342,7.68216752226319,10.0927442192707,8.59347745843488,7.26468946005097,9.13460708170382,8.92952306293274,5.96817931766723,8.72993319534177,8.17501344985962,9.17052026945439,9.44836728184826,10.4572126784248,9.17217692169639,7.94036907130252,7.56173597677758,8.3145885600261,8.06511842746568,8.94684877475806,9.69147719613285,"Group4",8.33334717529211
"482","MB_SubtypeStudy_55482",7.14568544380902,8.31910140625138,9.40968922110661,7.60519525652454,8.09800204659447,7.94048291940404,10.4209716721353,9.09863630369504,10.4765020175074,8.87676976195377,10.0828954443667,9.39655381319262,4.21262232480018,5.6037592482384,9.02275744642831,8.10900447978131,10.2122753505789,8.12811078682124,7.7952374653155,9.01587354328397,9.53839276375535,6.45765808301485,7.94361341328263,8.53678602679587,9.15865598965473,9.86819897252755,10.3776274470381,9.70970054551733,7.81975573285442,7.44372280505754,8.00828132282949,9.04628941416136,8.59715000782976,9.97293622621866,"Group3",8.5720263147743
"483","MB_SubtypeStudy_55483",7.83589185049966,8.03276298495526,8.79659189263166,7.02554618334527,7.55177660810442,8.02269943484437,9.851999873907,8.76394551337418,9.93622746540044,8.32673099212958,9.55540261976483,8.73705560557838,4.31089046621915,5.51495838928052,9.31708532888494,8.0239956236162,9.76303571833953,8.43371035741659,7.69223867297436,9.35177745430373,9.39923093192001,6.4529339327153,8.18932863793069,7.99804563215875,9.22194614174466,9.36828851256921,10.2250977619865,9.77956259974694,7.7884742682826,7.44763332263499,8.40780641476494,8.37897043970272,8.79413252651137,9.89558283982851,"Group4",8.41739285288433
"484","MB_SubtypeStudy_55484",7.979161542623,8.27664211209763,8.86254915644888,6.84556058905122,7.49826671529347,8.22480533488104,9.91107231170331,8.57767684053372,9.90751151722325,8.31550262103351,9.37555551278716,8.65062983052969,4.15477928154124,5.67359398704079,9.22893860314431,7.94211182642056,9.78686069990152,8.14389555222687,7.84168436131216,9.20505625267553,9.31104245051241,6.19022449412443,8.71488686332553,7.94021480791369,9.18330846373279,9.32448296926309,10.3854149929859,9.62225793788787,7.98511698124225,7.40130890906393,8.64740086326569,8.48812003233164,8.56512127594634,9.90078067788388,"Group4",8.4135745990573
"485","MB_SubtypeStudy_55485",6.26023795050866,7.65442105013128,8.25110698639539,6.72144077338801,7.62586969073191,8.21732763519853,9.556352757803,8.81617794676903,9.46111050346132,8.05302285346267,9.55435656923572,8.6272562510876,4.4708886851654,5.68759156718027,9.69947298813498,7.31664213909084,9.85009755836859,8.46488798069348,7.60720640483979,9.47501357822011,9.66428719937683,5.87343992134516,7.80584989475832,7.29609900612064,8.27770661328376,9.23988631969523,10.5067079679758,9.71216122258564,7.3223027389827,6.76323169030066,8.26786110029017,8.08547908371436,9.12041895637834,9.53683970358215,"Group4",8.2012574496546
"486","MB_SubtypeStudy_55486",5.93733942618437,8.5048170803842,9.34405758178456,7.02435183722499,7.7250564204316,8.08121527545997,9.75919833988031,8.58777370761447,10.0292902492969,8.93895011363197,10.5009616676691,8.71750178010739,4.72403745320543,6.14459391349478,9.77187113804946,7.79692381115441,10.1621973483077,7.90092750311127,8.52484280906562,9.27902766264903,8.83170032757989,5.98773452124335,7.17839165391126,8.55312516290194,8.45762516494896,9.63783460862125,10.3649044115482,9.34192266127616,7.42439871839536,7.63140512567905,9.18617971991055,8.52247565744415,8.97129048339882,9.80568619034783,"Group3",8.45145910370336
"487","MB_SubtypeStudy_55487",6.39529178369429,8.33410320172539,9.63359208204139,7.52750957684022,8.11530308566579,7.55535783928703,10.0400321824203,8.50146967995792,10.1017168811809,8.62335247582334,10.482426495203,8.52909961912445,4.7221532068164,6.30542665034423,8.86800686524129,7.99383219361591,9.90468402333215,7.9796369666842,7.57508724723345,8.47386906422156,9.19777650316562,6.35354946477913,7.84496495847092,7.88679521755651,9.51128927369864,9.57229028405032,9.98937743260515,9.59603811622159,7.29627743507633,7.23541141370281,7.85057691797113,8.68846804665781,8.98672949796066,9.60483986962122,"SHH",8.3904804574115
"488","MB_SubtypeStudy_55488",6.13035991174878,7.87648155027666,8.56852263164452,6.9758283851644,7.75219916649386,7.81143633651035,10.0667188261523,8.5558481629551,10.2010298026271,9.08965907680807,9.31851624095285,8.82478638247273,4.33351896251783,6.0469668476204,9.76511408839834,7.26956987491473,9.91497542653831,8.21731822037301,7.97796209808144,9.00895498020732,9.03361763031986,6.00006023594127,8.13030517943087,7.79982801126926,9.14271806633442,9.24551555936757,10.3369029572797,9.82528258831847,7.15975172775725,7.044250876655,7.97473534292755,7.8961674787827,8.34815412008884,9.84390400331518,"Group3",8.27902825736018
"489","MB_SubtypeStudy_55489",6.65944131547296,8.44608683686971,9.15091683444947,7.27392132703535,8.07831130277466,8.33375655469345,10.1138902299152,9.32798470182549,10.437068071667,9.23378640209554,10.0175696302386,9.26673816180789,5.02327675285672,5.52822141477774,9.27534283620716,8.15030381089521,10.0602581453534,8.64168163541884,8.29739965404185,9.35542045945549,9.59747034938867,6.23438778020484,8.34255740686852,8.19845749518753,9.14209324693192,9.62486263318222,10.3905363270539,9.7586547363475,7.95795530722125,7.42279240734009,9.9953515108081,8.72807440165383,8.65273360039446,10.0627491536407,"Group3",8.67000154217868
"490","MB_SubtypeStudy_55490",6.82586660675299,7.98715930342892,9.03892093987039,7.3381839487258,7.87779647730188,7.39092676535198,10.0207690579997,8.9156881424535,10.2153462233187,8.7155362320759,10.2488839977209,9.14152708518052,4.15027206770621,5.60811072663173,9.17812564273051,8.01982558515154,9.65719937844113,8.27851722559597,7.67666146375497,9.36214612691516,9.14090914551906,5.69908033511854,8.23298415814391,7.64356779744821,9.33558839512281,9.45163155612225,10.1748166843733,9.31104559171811,7.25072515629047,7.37158713006482,7.94181530315049,8.16805429769201,9.44942175144257,9.91019985116539,"WNT",8.37437912207295
"491","MB_SubtypeStudy_55491",6.64146310655722,7.87621924628198,8.96056197014936,6.47386491731391,7.79876809903892,8.36973978568216,10.4504639887981,8.15922875218603,9.97288438187804,8.00684451133549,9.54532660774849,8.77768949684922,3.97934296342732,5.68890963139787,9.71531409245725,7.95619055797281,9.49300514516285,7.39345564678991,8.16921199903379,9.40025135188466,8.84052206435491,6.21811349011894,8.60112899133944,8.20785219491897,9.08841749582394,9.21523829390631,10.2913451139108,9.43147668046285,7.1499714836214,7.49565769903316,8.25378556769678,7.9893573995674,8.42829551735202,9.29857433427257,"Group4",8.27466095818603
"492","MB_SubtypeStudy_55492",6.31754995779937,6.90801309998537,8.37909928942989,7.32940316275131,7.58095979650524,7.99657202606004,10.2390043144144,9.21426264769554,10.0302522654681,8.2696785023849,9.76109704375577,8.73644528859442,4.71940245300263,5.8985208590725,9.14773882169955,7.13843932484147,9.88107140547041,8.64756915175533,6.84582350446454,8.80488717290623,9.84888724423423,6.1319322591575,7.56176240044897,7.03715096048624,8.90440379595484,9.61723231125927,10.2666727246992,9.68149262360661,7.32730091510707,7.20788074516923,7.556761785796,8.01907659926032,8.91246200999422,9.97139094943953,"Group4",8.23206462978442
"493","MB_SubtypeStudy_55493",6.89903583048599,8.28802080214135,9.89307695039727,7.0976962970474,7.78226802851332,8.21634327949573,10.1209131847252,8.96343101795483,10.0835130214091,8.46862133367029,10.5797285329417,9.17268459920408,5.62824552313612,7.35475906196426,9.64878527271607,8.01629331354931,9.99330242724439,7.93027444452378,7.8653453343563,9.93289479210756,8.98285430740621,6.09895816619379,8.97703830966645,8.02856856085824,9.09802959259618,9.5834625245984,9.97721397605168,9.66685559922167,7.09596684340354,7.28180262889692,8.55634947712441,8.82981964491854,8.43521588219887,9.87890739589761,"SHH",8.60077282225343
"494","MB_SubtypeStudy_55494",7.04643672031869,7.61433646238024,8.3278329151931,6.84987482592077,7.74160242051858,8.00341429283378,10.517886944341,9.04685212338644,9.83627012867309,8.37126692002139,8.66429289753117,8.61503516486288,4.27853297633045,5.75530871252848,9.84932431014311,7.14472100584437,10.1127121808667,8.42569835148094,6.7641452547614,8.90964095250586,9.81809266388967,6.17446950719334,8.1968590527266,7.11307281729635,8.91912949032717,9.277266797262,10.5029396595842,10.0006682448691,7.56404304026311,6.99524220685355,8.36681289799753,8.34959559298274,9.07743390040525,10.2251171794692,"Group4",8.30752731210477
"495","MB_SubtypeStudy_55495",7.60104267236236,8.19739716440567,9.38497393854401,7.38882648608189,8.12541428830733,8.47287952300345,10.4332386133044,9.04189329480811,10.5603479650838,8.58358648646091,10.2084620649629,9.0272463114437,4.38410262172187,5.88181089005276,8.97257524361732,8.06469616493218,10.0123867025728,7.69387558780608,7.5236039638177,8.69404414767427,9.27813013485389,6.30399605547882,8.07723288734694,7.69693439818485,8.92094877141927,9.81934414885726,10.0559765624108,9.67420062704054,7.10676152685904,7.90890507459373,8.00768571790994,8.46847042327546,8.27931057442141,9.55932566426377,"SHH",8.45322431464351
"496","MB_SubtypeStudy_55496",7.20993859865018,8.17887297284757,8.87217711456208,6.93899173510472,7.52989538520049,8.27035148986315,9.77290557924436,8.75179899958614,10.0916112989226,7.82745706241974,8.81615060941976,8.78600269811848,3.86783922039636,5.52116906827658,9.29168104309644,7.80122255455729,9.55387620218326,7.88821862422104,7.90240474629482,9.101114136716,9.40746091108993,6.12048783709266,8.31806690502638,7.77323053003901,8.87542543772244,9.59712535617251,10.3638720886007,9.67518115054171,7.80830397001963,7.03988631757514,8.25687866780622,8.05858668921505,8.79267648314303,9.95184651670163,"Group4",8.29449141177727
"497","MB_SubtypeStudy_55497",7.15501707379048,8.34049180638211,9.52132355552722,7.03655758039543,8.04420811120974,8.28621848402481,9.84062320848039,8.50012993650304,10.0276483348142,8.49895036139422,10.4043025457271,9.29469009508129,4.57118659407832,6.2479280251472,9.09373374369261,8.10479661397625,9.65877860665532,7.77891945381579,7.78881305690871,9.68851025882624,8.81500903841552,5.90766028936946,7.80275864210984,8.11282430367677,9.0624240377105,9.96329378879157,9.78398173080648,9.30336294373853,7.17152048441761,7.76804638755788,8.85184891544564,8.65725762778193,8.54816091611783,9.55214235965302,"SHH",8.44656232094185
"498","MB_SubtypeStudy_55498",7.54209832879907,8.25364617083114,9.03640600945229,7.17301051228927,7.96325508042345,8.24775532200526,10.2351867701304,8.73794466466791,10.1592198389955,8.87026663939035,10.1480364852222,9.06856955127097,3.98808188685672,5.04479458690875,9.16933929934679,7.88148378738262,9.50716194675373,7.62940772738388,7.87040125789027,9.42674502069227,8.95488869444937,6.10105547518029,8.28478075748853,8.79596853710678,8.93439738792626,9.6914988691145,10.3104914304921,9.34478911630661,7.48450972737303,7.32071652108232,9.96105829507416,8.25012341049601,8.35099970814161,9.57831033900066,"Group3",8.45048232811544
"499","MB_SubtypeStudy_55499",5.87062108989528,8.31779331576902,9.561102138948,7.15712479829143,7.68036587855784,8.54190892860297,9.97491996780609,9.12568829003209,10.1349128992984,7.90905030175682,9.40903655853842,8.89424728077388,4.78160404781965,6.87095500371509,9.52314971464812,8.07609391023486,9.82718913039561,8.2168752945472,7.96010876126838,9.16874399549411,9.55645543317263,6.02277546031154,8.290357438296,8.27339642981143,8.51170358882838,9.87353323017496,10.223354029579,10.1071940301438,7.77334132173014,7.23509818915055,8.45498977672476,8.83034120280566,9.09891886986598,10.1278344261145,"Group4",8.51119955097361
"500","MB_SubtypeStudy_55500",7.19066106840895,8.24490797025557,9.77064923865645,6.89135550614969,7.71884265706396,8.4802931648074,9.8852379192604,8.05967706474946,9.93662260822206,8.06098025680261,10.0740232865387,9.36059057815811,4.73461087903465,5.86238732550488,8.91405900797604,7.59229775762331,9.56518305175839,7.31635427348304,7.94212510297744,8.99019758337424,8.85085165009423,5.86981348759115,8.85718072345766,8.50496538247953,8.88749931253802,9.6467761346444,10.1441703687426,9.23214027269802,7.14101438193163,7.25253452385218,7.83077119445811,8.61123736165244,8.69100573135396,9.211316064443,"SHH",8.33300979090419
"501","MB_SubtypeStudy_55501",7.12421660159236,8.1506378412695,9.36502956208971,7.07475072920214,8.21250461291474,8.44257310920295,9.99444069833644,9.17763874512526,10.1529618815682,8.13118097947562,10.2179546485466,9.1064590601848,3.95503172957368,5.53386747558082,9.79458929175544,8.11039594646647,10.0548520433382,8.58081869222736,7.92295364954096,9.53141729840971,9.57924098854935,6.27365495474817,8.1126492150664,8.18815773663627,9.05890822049593,9.73208947899008,10.7193351819635,10.0929523334088,8.2275677239453,7.35916843846341,8.46872786102633,7.77332537811718,8.43164824447492,10.484236142396,"Group4",8.56282166160831
"502","MB_SubtypeStudy_55502",6.64868386444446,8.1296292104637,9.44826572102561,7.13341399804866,8.05769646137128,8.12788491040552,9.91089270325993,8.67892077665302,10.0215227021927,8.10205229685798,9.55308438289581,9.28313144791864,5.92310948064584,8.07945304153073,8.76355822411078,7.66798888454598,9.34279609626434,7.40041816145308,7.76707646955641,9.00419526112664,9.09214001529188,6.28513222237105,8.94992229189045,7.90868105734283,8.78941490883832,9.54083557070117,9.85170958794305,9.33988013457623,6.99596197617968,7.29974699639736,8.02029770083056,8.85393858998899,8.15365698738024,9.40205889183651,"SHH",8.39785738312763
"503","MB_SubtypeStudy_55503",6.81648955048547,7.52354998366874,8.17034710729166,7.42087748349824,7.92466291610563,7.74399584726629,9.82399298862775,8.77628194924202,10.2551639734522,7.98452831985948,9.92991733323647,9.16047380852883,4.43359057251143,5.47251821987634,8.77959562644407,7.72157280159997,9.04492001493565,8.3795575930128,8.04603053629752,9.40002093304575,9.1027168953905,6.87499918388716,7.61478474781032,8.01152637122709,8.94554531687833,9.06990046324175,9.44515215939786,9.32335505262376,7.22990927394667,7.181624391605,8.49932093034814,7.79524352487108,9.14362333379279,8.90741763914882,"Group4",8.2339178483281
"504","MB_SubtypeStudy_55504",7.3978097441937,8.4199204256728,9.3209012388759,6.88037023019959,7.688006242903,7.98529220968587,9.80550641458234,8.37135157900927,10.1189469930468,8.00805569755613,9.12143261876661,8.41310340901664,4.14077774000484,5.82357311848223,9.24228504762005,7.6460840250198,9.69764102021425,7.29703843312193,7.79589879234593,8.67311831694105,8.79321422405498,6.09017058908556,5.30879390186276,7.92823133665422,8.89055411399827,9.70332662447384,10.8831241852677,9.31705211429274,7.21432005011515,7.08134059412846,7.96735676910908,8.82498756967687,7.84581026007766,9.56609456876389,"SHH",8.15474971173
"505","MB_SubtypeStudy_55505",7.51540573549615,7.75855779197985,9.06572114599299,6.73046933479525,7.68674960221075,8.02530084363922,9.81065859741332,8.2305772752561,10.6304085671077,8.14938713116252,9.80217380232107,8.89472573326857,4.92431106523435,6.57890237494448,8.89539961554005,7.59988252827238,9.43143122739409,7.2887053931656,7.85363797604439,9.16122673388812,8.7526566220025,6.05016470126577,6.24140796174475,7.97666585225117,8.90358915735804,9.49423793692384,9.77340618911114,9.1664884586104,6.98015213497977,7.19132717709587,7.88891084042308,8.41426379520856,7.98714594633358,9.19358479212362,"SHH",8.17787158942821
"506","MB_SubtypeStudy_55506",7.00202023988682,8.25124737887913,9.54133789885084,6.94065211669403,7.71221358953004,8.19886482126502,10.2238727488012,8.90288578275374,9.95923474175628,8.69621384091558,10.5972046061319,8.91375710320905,4.21137123455116,5.71061099708877,9.21978973932055,8.17474509600011,9.81014347610749,7.69082978840808,7.1742395763514,9.34725747402375,8.91761847947539,6.19306246405122,8.51826495164774,8.63152877340452,9.02245847071667,9.7342729392597,10.2987920441904,9.6317729059179,7.386065848265,7.2181459310793,8.17426947628101,8.51062611657891,8.56156254192969,9.95228097131686,"Group3",8.44203571072468
"507","MB_SubtypeStudy_55507",7.2439704862016,8.29843651291102,8.75217808307801,6.86940637164765,7.99119144586886,7.72999656285996,9.70848291109167,8.6900996117847,10.1898716824212,7.98051511827174,8.66654437521595,8.07032662927509,4.70400216156335,7.09259597037954,9.01841988892903,7.26966911569572,9.39593647042943,7.96645489471465,7.63382752485225,8.7160001745716,9.18253987371244,5.7823783762824,8.40789082508735,7.6307210120527,8.93117331820272,9.27794329323598,9.94317769484859,9.67893734923284,7.53575614912395,7.07788074780881,7.51788493428325,9.03825877455796,8.83373772897704,9.84060561506561,"SHH",8.2549062260069
"508","MB_SubtypeStudy_55508",7.37253262855855,8.8125822189677,9.53175638541186,7.66221658807608,8.41029595239253,8.41635260321775,10.3791135622659,8.93756738656493,10.3971825274893,9.41473713290393,10.4411272430777,9.7552016762722,4.46549312855125,6.0175477775099,9.53724608720499,8.11365887290727,9.97024550420643,7.820814099992,8.00865323911362,8.82159284311306,9.37882173809325,6.43059317078533,8.70605177090277,8.46541261644006,9.41785599787232,10.2295747803885,10.0691728731964,9.52548990729101,7.25895009444235,7.63986024444675,8.83089927547218,8.76537157228856,8.63666756828835,9.92569901168573,"Group3",8.69312759057031
"509","MB_SubtypeStudy_55509",6.30564239598533,7.72063093383084,8.99374051947619,6.90328211820316,8.0335974873953,8.80076701778363,10.2625708798608,8.66431102916382,10.1411535784699,8.31820401265253,9.34519671981136,8.7550915021441,5.28428558648576,6.66083672944974,9.85818765471894,7.61521616953587,9.69596833505558,7.48990832655853,7.52433030000198,9.44495950475453,8.96532273818478,5.70984623744188,7.91389459155715,8.37769478459457,8.56935765524965,9.47921042483806,10.1145480294526,9.51590946738048,7.74569093358584,6.55431817587411,8.67777886909167,8.11233384624594,8.74255416141313,9.79410181966523,"Group4",8.35560125105626
"510","MB_SubtypeStudy_55510",6.04395683654482,7.89062275137912,8.26074846347328,7.13514198944969,7.72936746578927,8.15693715694967,9.6685368012105,8.85551269312658,10.1299112014985,7.37683609686746,8.79618272595156,8.77460873085683,4.06230342556934,4.90326230928299,9.63111864676513,7.38417366330444,9.27391587441445,8.80501019849761,7.7170915238781,9.41927083583314,9.46616028062965,5.9902743381182,7.73885239088908,7.50111025645621,8.55619232628934,8.77132395304893,9.45635015004759,9.56260983685353,7.67196336891999,6.91285257235252,8.51131656510046,7.59806053141463,9.25393745929954,8.93538253095787,"Group4",8.11590870444176
"511","MB_SubtypeStudy_55511",6.01538726626394,8.06681860304787,9.11826083780266,6.87848287397857,7.91712251548648,8.35732072127905,9.85622354965386,9.33221984085359,10.2454109629477,7.39647540881096,10.2411232826299,9.08294255644396,4.73919943130347,6.02782259590962,9.81032500449405,7.69744047000613,9.80242343054639,8.21537437091332,7.77775287279329,8.68347181334842,9.41209263794657,6.15016639610727,8.48460314240719,8.21107014429689,8.61219341606991,9.52138606092831,9.66588881657727,10.1617147921268,8.02073139133467,7.24968900306067,8.86082318244658,7.84516297375034,8.4790594387706,10.2055702886678,"Group4",8.41593382626483
"512","MB_SubtypeStudy_55512",6.94868371526019,8.08524963903676,9.25903753446816,6.96131071090767,7.73995831796605,7.98196969665639,10.0323914175552,8.4174813444295,10.21720361747,8.1155625392351,10.0720706785664,9.08846572600464,5.02168357608868,5.50246466180127,9.12130667566918,8.06613450897752,9.7441962820156,7.23432620190081,7.99490535444033,9.37890924345264,8.71783104274042,6.14464057893013,8.34498141310097,8.00888562812496,9.080092744863,9.79553988677553,9.86764971867435,9.36754015110845,7.30576890622232,7.07615838883499,8.32957748129428,8.36397461247904,7.94413144616692,9.53831439196485,"SHH",8.31965875979948
"513","MB_SubtypeStudy_55513",6.87168265806364,8.33231334271668,9.11166889053199,7.04320787593267,7.6675776751555,8.16681437309182,9.90501514822728,9.09223656449738,10.1577869097328,7.82614801855421,9.30277811250804,8.85667385456765,3.98795325874516,5.52742291872026,9.33748424654269,7.80484159785924,9.47030359505753,8.15668806030335,8.21343718246217,9.37251414505885,9.22428824559927,6.23944755949385,8.15422741464664,8.17022560396124,8.94630633039545,9.42214455431482,10.1127642375676,10.0353875543329,7.94487294420607,7.25890964565298,8.54852849033299,8.52255247183421,9.114560918019,10.0587794925582,"Group4",8.4105159968013
"514","MB_SubtypeStudy_55514",5.97379769985902,7.95544186624376,8.77139712695727,6.64578763527944,7.43504393796941,8.51160895159105,9.94520550565347,8.36624380561117,9.98476113540813,7.4656558775466,8.92548112967162,8.38132013832295,4.6079155488952,5.94092374076245,9.86189112324211,6.74388230884843,9.67159612225087,8.05931622754034,7.79331621755112,9.35563904088154,9.49571644647252,6.12771808034394,7.84219688418335,7.89288327546626,8.89391744784464,9.40562778156528,10.4092717929113,9.84092369001658,7.86791140883051,6.66212389535502,9.14287958437777,8.35655931393254,9.02529073975329,10.0638399701495,"Group4",8.27714957209672
"515","MB_SubtypeStudy_55515",5.9324196250742,8.17244709129549,8.75069054608003,7.03971246880074,7.61463686771196,8.39941530260187,9.9939518469112,8.86822168841367,10.3863158719682,8.0454374840433,10.5095740340681,8.40696360115671,4.60293448049599,6.03091032385124,10.0687488138935,7.45521257799759,9.35253750807879,8.58197433680153,7.75106463528507,9.25514272618609,9.17958141923456,6.15404682077664,8.29334612776256,8.46510000039134,8.79854868846935,8.66526138996934,10.2893102840261,9.85634973710191,7.72475364500444,7.40512962813136,8.36169438107524,7.94363138132995,8.65738567123581,9.809778118901,"Group3",8.37712438600367
"516","MB_SubtypeStudy_55516",7.41563111235081,8.4643439261158,8.93144260483959,6.89155016752401,7.79379296700553,7.1642196009375,10.2673328155019,8.21537088885733,9.67875094888781,8.41439315519511,9.40670145689125,8.19922172020421,5.47863689708063,6.69209754102313,9.23210645963228,7.45660652690378,9.99565182436313,8.05356001309633,7.13545518782504,9.04526461020386,8.84234641568322,5.79579417646179,5.743581023939,7.35099849216593,9.19891361943161,9.38472340108657,10.3086515862862,9.27470389662909,7.0974102442313,7.17149708039121,7.68094673492608,9.28031989436137,8.560608908992,9.42367713328386,"SHH",8.2072442068326
"517","MB_SubtypeStudy_55517",6.36549391075584,7.60365342122842,8.9629932299998,7.17850768827413,7.42225749263965,8.42207358923498,9.83937768849972,8.92731384331784,9.90352943339746,7.48942406665495,9.68583388981187,8.67691752061894,4.28004000197637,5.85710986342291,9.23337961671783,7.71324174099951,9.60593182941133,8.47638596949416,7.52946468327877,9.44594093212657,9.39465818111594,6.05184855640511,7.84486846185407,7.55293344801996,9.0544379038459,8.89446018410983,10.194560759376,9.94836691819248,7.85530555671469,7.31149032674501,9.01242128336325,7.92397826190401,8.65289361473586,10.0109172631822,"Group4",8.30358856268898
"518","MB_SubtypeStudy_55518",7.12843715436724,7.99295057964755,8.85817872461517,6.84720466833589,7.81861912813506,8.44343255980037,10.1499232207771,8.94612516546265,10.2058655501797,7.72732992970542,10.038050708239,8.71765693175045,4.39002730552253,5.56932182133128,9.53102142083431,7.57889435916434,9.78639541285155,8.4158771590143,7.51233782706011,9.02066686816935,9.5736015186627,5.77991404903161,8.13589504498262,8.14826330909048,8.88651791749367,9.29328399341872,10.4282838980485,10.2086946524073,7.99954874645904,7.15607136624197,8.29617650763293,8.12597465748425,8.17058884802156,10.2161210232666,"Group4",8.3852132949178
"519","MB_SubtypeStudy_55519",6.6781348951598,8.08789367296857,8.65172306918492,7.13471062974747,7.61373513088377,7.30286261548329,10.4455839499709,9.26058104571127,9.9646841348959,8.24415995947103,10.5340553268247,8.69938182279215,4.82436831778993,5.72435061108091,9.13273433253464,8.04559239704322,10.434765944288,7.62627766698525,7.10327219787433,9.05199339325534,8.95204498662498,6.0432743377545,8.50318816024007,7.55070876337251,9.11714400563141,9.95438459869174,10.5953646741512,9.64555945747151,6.8656950607403,7.34092317128974,8.34979417298831,8.80251556309673,8.93947773737216,10.2608153918162,"WNT",8.39652209397608
"520","MB_SubtypeStudy_55520",6.16439915285174,8.52801313741636,8.63726995692363,7.21548716524163,7.20457138602345,8.39346774518563,10.1095661382233,8.74050944168339,10.0863052519812,8.23786581192326,10.2929828053104,8.24546085419203,4.38988621172088,6.09045477875997,10.1688561778121,7.74731753550499,10.2591341250262,8.54915377297095,8.22051993361666,9.65321446367982,8.89866490848474,6.06335151288162,8.13557581238346,8.27846927728327,8.73305786931686,9.13555739238359,9.89752135036372,9.53523134142077,7.68122949322987,7.2977745834268,8.46794832281168,8.0955129706471,8.78549097072824,9.92742017697565,"Group3",8.40786005377603
"521","MB_SubtypeStudy_55521",7.07164480475391,8.18397816602493,9.1648518940681,7.39748226476327,7.76099343465991,7.39642724274482,10.3981079842657,9.37378893266843,10.065620718754,8.8408011150829,9.55081268265542,9.22609018477407,4.18599679306939,5.61370493271788,9.43040979139882,8.04471902175349,9.82609298724344,8.25351057575212,7.76719733660671,9.42863171918634,9.42198927239835,6.23612179559244,8.59140113420207,7.60931595491505,9.21361842532814,9.79163539445297,10.6009995910466,10.1649392414425,7.65491544858312,7.65550750246996,8.5085051840398,8.30696960063596,8.99336111133151,10.5357418560162,"WNT",8.53723188515877
"522","MB_SubtypeStudy_55522",6.17209157820682,8.31596944908087,8.85669964443989,7.08063895860008,7.95368386819217,8.44943983942437,10.2246956359964,8.90621140202495,10.4007301330835,8.97959966148047,10.6852948252546,8.41957924391574,5.3994834288676,6.51501771986561,9.98646057595627,6.89833157205687,9.88683103471602,8.16694021191757,7.91396432514419,9.59911474415705,9.26297573736908,6.31040680929016,7.91803871220857,8.33049172018773,8.60176589203312,9.15153029887688,9.99702500535005,10.0491973241204,7.83270578937435,6.45325618675964,8.84778591101353,8.66025911884095,9.51272302630814,10.1853218293102,"Group3",8.52718415333599
"523","MB_SubtypeStudy_55523",7.42125091404415,7.60863604019317,9.21057332467533,7.07836069412082,7.5095516813134,7.43352931510777,9.38170557276315,8.0666420719651,9.46561627843087,7.7114816770673,8.30583634349567,8.89514934853766,5.031991633483,7.65319305100222,9.32564602990549,7.50589139494799,8.8800706126658,7.51346379456687,7.16206441115268,9.41051807051776,8.6563101080666,6.16330359419917,7.63919913884759,7.47220590528803,8.84472351104296,9.49662575546581,9.75123374163007,8.90405874953322,6.97793662623498,7.05258145365677,7.91825738817985,8.15768529331978,8.90562479538866,8.93886852903439,"SHH",8.10146431911306
"524","MB_SubtypeStudy_55524",7.38871354234442,8.20496450120248,9.92743943378564,7.15047103645111,8.06632885280476,7.88319500817915,9.76549873193233,8.85691064941402,10.0550587469572,8.2122869713932,10.187828765171,8.28812096012673,4.7846733721224,5.67341335148969,9.17880365816365,7.805048361542,10.1605424731435,7.84480666983497,7.66019112684558,9.19263408177103,8.98544549088056,6.19914350110345,5.42281723516833,8.08834644383112,9.03875161120022,9.78596684246536,10.0614154900335,9.42287918844893,7.22323414062536,7.48852528945386,8.06359688722216,8.77721658709242,8.8423566830572,9.66331274008738,"SHH",8.33382171839249
"525","MB_SubtypeStudy_55525",6.86399535683933,7.84045788554536,8.70614604440038,7.0933227477244,7.81303702201531,8.07879566927854,10.1380410418943,8.6614505659098,10.0165809329562,8.53465384374328,9.33186560850414,8.81040055811143,4.16568040305131,5.69174162279935,9.97066913220205,7.94399330550914,9.72700165845589,7.67627421802233,7.87828391817758,9.43876753792904,9.06718364748405,6.09808526804156,7.77667312857703,8.63177903063125,9.31698957246535,9.61613776134884,10.1045296707796,9.45198906535311,7.3930379821292,7.48959527009609,8.66820672497785,8.19357126032228,9.1604976875145,9.60478423878811,"Group3",8.38100645239935
"526","MB_SubtypeStudy_55526",6.76090102722819,8.04682295097872,9.60232527115414,6.82603276542092,7.77368400667478,7.94613084958104,9.80637981903797,8.35147340538236,9.92799856388083,8.23821377205199,9.94514464165938,9.15182658432817,4.43374617295503,5.49411113125392,9.13926303770551,8.16483749673289,9.44874625889487,7.50947393092962,7.83392009130679,9.63608688182512,8.69877684778161,6.31538518145717,8.36490019217273,8.04972286640763,8.86065486401594,9.50492928609938,9.74834089406784,9.28464770177011,6.90122358005513,7.23496746703296,8.44795312960197,8.39067849210227,8.69081189731362,9.20804277908691,"SHH",8.2864162893514
"527","MB_SubtypeStudy_55527",6.20685241751647,8.00978184062059,8.88408730029298,6.82913474721304,7.42447695817343,8.19351346929182,10.1094951712931,8.96522194108944,10.0819122953908,7.33713230328448,9.82584271733766,8.4080663976103,4.19250925135941,5.6832433806885,9.97914161168304,6.74333615964822,9.76163070704119,7.92173885051481,7.48127590426476,9.17425825531143,9.68518990987202,6.17462850974793,7.89511042864061,8.07685966227038,8.98843121307068,9.50261487574989,10.525608743572,10.0931999224805,8.14014838006831,6.30113252649693,9.74708502489377,8.17144751467753,9.06126004174594,10.4446170666802,"Group4",8.35352898528212
"528","MB_SubtypeStudy_55528",7.14673540149762,8.1358374726713,9.39311316973534,7.33189418434352,7.52589982812744,8.36551885850402,9.86444508399044,9.10366294317004,10.1061761790672,7.84029525113649,9.41351928388321,8.58063163748861,4.27622880573872,5.2424592093726,9.34970289520304,7.92099428995745,10.0129115766788,8.33179450675496,7.44489024380764,9.60822968772292,9.51378774893484,6.2858524592654,7.99637911376704,7.98106530632331,9.20911084795167,9.70994681644927,10.377636013176,9.99847095469399,7.90526307187715,6.92240767916357,8.85919300882834,8.83866902556242,9.06709233474168,10.2868753207369,"Group4",8.46902030030362
"529","MB_SubtypeStudy_55529",6.93680069133953,8.20664055509364,9.19594100056788,7.29061757994647,7.97568972855291,7.97694126546362,10.055626309566,9.20449101387399,10.2416952299575,8.39554929388773,9.27235627231646,9.31046286011632,5.02752733972505,6.08690146730533,9.27463956780553,7.8360800648851,9.80473923166482,8.27086994818752,8.03957685713865,9.22499828540578,9.66077857789226,6.24892215505828,8.18475202968567,8.0083356985744,9.07317767538282,9.92054137100633,9.80083816119819,9.75770052807685,7.74223844426301,7.59757259860136,9.53155429471781,8.77240533443477,8.78923050618077,10.0820159337061,"Group3",8.55288846681113
"530","MB_SubtypeStudy_55530",6.16895815762302,8.16830896053743,9.1517323281236,6.90277483222862,7.61220409544366,8.62692742357326,9.77499981742764,8.79193395139384,10.0979074677151,8.74964792288964,10.5455630705073,8.5796166336002,4.01394271934534,5.54763679019677,9.62376538322983,7.72370033699994,10.1605946994798,7.85169201129118,7.70906205982421,9.47650195553138,9.09175635608389,6.16037963523,8.15675793801672,8.09017988227281,8.91773363093004,9.75607614763967,10.4488342166699,9.60587132913763,7.64999585158235,7.16152349906253,8.36452817933898,7.79758760163844,8.78103939488461,9.99095687572857,"Group4",8.38972621044641
"531","MB_SubtypeStudy_55531",7.44300599157187,8.32409452392405,9.40700113512793,7.47331969048588,8.10790840198133,8.30144899415933,9.79050480987442,8.56883491206821,10.1854499460531,8.48021116126838,9.94031406564507,8.46709523558885,5.11837246403936,7.85287958293821,9.16924413003812,7.94120002394033,9.36657520865919,7.77785121009848,8.14624340221766,8.66717941543631,8.7733918615159,6.32531257300444,8.58035228563091,8.01694257855846,8.67247840869834,9.5494847315007,9.97754175674385,9.21567096133676,7.45894323864586,7.32165322315279,7.57541909603488,9.12153549324342,8.63402018917834,9.32186631954599,"SHH",8.44333373593843
"532","MB_SubtypeStudy_55532",6.3654116890513,7.55087784253665,8.94470620222555,6.70650950893766,7.80788926961727,8.2394155481297,10.1034976901162,8.89380907014392,9.86350858077912,8.05954814274172,9.624371455462,8.81394262907485,4.30739349003252,5.9789693645085,9.38436746029763,7.67442990679519,9.86558906467972,8.40722037899973,7.91162421831295,9.49530957991659,9.43057803113925,6.02350895597993,8.53813296428059,7.95193744853875,8.89199405912766,9.25678371216514,10.4168000626703,10.0131767669498,7.8385586448783,7.1025542591561,8.23733410708935,7.80208769924893,9.10134621096269,10.2006930922977,"Group4",8.37658462078951
"533","MB_SubtypeStudy_55533",6.57788985104986,8.38809106994193,9.19361301450023,6.94873498393332,7.64165189291414,8.03208981172204,10.0196534468346,9.18127154940456,10.2248385100233,7.88228838472502,9.90296383789283,8.533930660862,4.28328760668825,5.97077200280174,9.76027052917283,7.62129649051399,10.0445132336925,8.6117038548776,8.16393905727671,8.8185888450867,9.33819486986621,6.35661741823196,7.64673811213127,8.11378590247331,9.107916480261,9.36322234470179,10.3622262649995,9.89428174993636,8.13360057694968,7.33781492224999,7.95690340870031,8.4497559215612,8.53777842774826,10.1035473244541,"Group4",8.42658153994644
"534","MB_SubtypeStudy_55534",6.36564772160708,8.4402938841187,9.33836094374232,7.38017757302843,7.94055628217164,8.43485314978716,10.3669357864843,8.69806927994358,10.0077194478852,8.22202722499679,10.5446892206033,8.83575411517142,6.07708842086275,8.74544690255608,9.31781719714238,7.54836333526864,9.97541504325749,8.14600784048654,7.61764205181462,9.4604477544018,8.73367172421642,5.75763940115487,8.18830617009566,8.0359904196735,9.01365297575509,9.60326391062995,10.3490686127913,9.29560958122639,6.99722587356448,7.48809552674732,8.29082870242396,9.85516590716001,9.00284086613675,9.65533037940857,"SHH",8.58029421253866
"535","MB_SubtypeStudy_55535",7.46144633514876,8.43496483163683,9.26697428995155,7.29165724430702,7.94825543566306,8.51395676644142,9.79898991938202,8.40696746825131,10.5425319686479,8.19001609288801,9.03338624978617,8.4170414187874,3.97384384244331,5.25356232384433,9.05206682433468,7.40419135605681,9.10119754863483,6.93860516888846,8.11652189696191,8.38294579929691,9.23731471474874,6.11834416992705,8.87051131412206,6.82674743173267,8.724803678425,9.63049516189227,9.90083786038061,9.5917388302681,7.54146956127043,8.19499603125555,8.27367141247398,8.76819961368649,8.36457606270047,8.76998946255037,"SHH",8.24537700255254
"536","MB_SubtypeStudy_55536",5.88138610830045,7.78435069547533,8.17578926910457,6.86564459573777,7.30211416673952,8.42491869020842,9.97379009260131,8.92614012308335,9.97092468867157,7.1467873826225,10.130520339089,8.7709034461649,4.98165323959832,5.68259381567777,9.38158132431689,7.54095129743129,9.88114327362383,8.03662899511764,7.16968600462774,8.78236550599345,9.31251733905743,5.76726152280735,8.33979497948685,7.11946584369179,9.06665949283994,9.43748867912633,10.7786802011507,9.7432585297534,7.07429113283639,7.03731865116915,7.36224990201692,8.07250061128737,8.46654628474195,9.7397352555313,"Group4",8.18022474940243
"537","MB_SubtypeStudy_55537",5.94434960997651,8.39295234178396,9.17021657167849,6.91151818390369,7.96271398847303,8.09878198353824,10.1990168446326,9.04189553038674,10.251904025063,9.01161942585608,10.7318933280764,8.6737060974801,4.65323783809316,6.09870035841319,10.2433842907612,7.20181094923598,10.0248710623107,8.03817686114939,8.04454112992508,9.45823587624087,9.03951383679507,6.35610975521157,8.10326053222905,8.77045556271485,8.74705307202323,9.46032164998218,10.4798523780456,10.0982798984626,7.99763434487555,6.70523648179282,9.01719872705247,8.46807956236622,9.50016173029497,10.2945985798675,"Group3",8.56444948260859
"538","MB_SubtypeStudy_55538",6.26943149646003,8.18167702097039,9.4221449727887,7.32258542423468,7.80195781733225,7.65672933082676,10.4566423306245,9.06884382159243,9.99043990804434,8.65656999161104,10.7298900956185,9.00235619460691,4.24583655981547,5.25441599246916,9.55708270653447,8.07994748706887,9.94919714118389,8.0242644909665,7.93516080059455,9.51605729037862,8.89221993055699,6.5918347638683,8.5408747046369,8.08739790905942,9.25180131273397,9.70390353463329,10.841927922647,9.87248539247302,7.31741880306482,7.61603133507144,8.57991609345738,8.85900433455824,9.05908395465818,10.1248770216796,"WNT",8.5429414084359
"539","MB_SubtypeStudy_55539",7.37178245034388,7.83391147249178,8.62426837270525,6.84609875653114,7.33568061714892,7.88888080585303,10.2184801257047,8.62027063799953,9.65707837375667,8.42948524734667,9.72160731677655,8.58773200841947,4.45934859229065,5.97121000687541,9.1886053643388,7.43397267876725,9.6501460547244,7.59078935986117,7.90175356745484,9.01053408475433,8.99046049818562,6.13852844063673,8.14993559721517,7.57212501045736,8.62420586760881,8.82558384452193,10.1655335629473,9.7470495344536,7.3730842654547,7.06598093234077,7.55401794859294,8.64693015981183,8.05795572941589,9.69821173095152,"Group3",8.20444820637466
"540","MB_SubtypeStudy_55540",6.59726713353534,8.3786211661079,9.14770412774784,7.23118866682941,7.43948174639942,8.25775218787296,9.96562081456867,8.80877156125973,9.9104266629326,9.22483131849102,9.93338513521712,8.60399800443779,4.36174138973301,5.75351723298041,9.14275733617728,7.64107843945859,9.88254853287203,8.17997229977134,8.28382510300456,9.27257929648418,9.01764113823319,6.20789963190462,8.02728303633544,8.37555040729474,9.13991836660947,9.39388036461445,9.88144777490007,9.93767680387917,7.82717592566424,7.39767950675485,8.16401550469728,8.33115081892467,8.45546168143025,9.81332775271335,"Group3",8.4113875549952
"541","MB_SubtypeStudy_55541",6.57688500573377,8.08773549235239,9.01843510457377,6.94690803087665,7.74585144958078,7.80007973008577,10.0668021990149,8.6421497909182,10.1061942431539,8.92091242806306,10.2857451431595,8.44002432342817,4.76721220780448,5.52370777656357,9.85350935289026,7.74430108765359,9.92703087585618,7.63096801641513,7.93023739403157,9.30079757057089,8.81044258197469,5.88071243330392,7.83338622192216,8.318086191522,8.51850536818068,9.26016599719506,10.2999898771541,9.51312527055246,7.40318296428624,7.27171686398568,10.2330655444285,8.24807726095815,9.18346448015356,9.56848089423077,"Group4",8.40170262272278
"542","MB_SubtypeStudy_55542",6.49296015680633,8.42098287213594,9.22691302840422,7.13393954360077,7.98346773454397,8.20821714428952,10.4512879648407,9.33497111272592,10.1214766752347,8.58261937712511,10.4324714015276,9.01212101102172,4.59090899963461,5.6979891107386,9.60730613281586,7.93692040391853,10.1411479627978,8.43004675009961,7.81893076331915,9.32365615870397,9.45791253847457,6.29116709848422,7.77772909087787,8.68196321981259,8.34636716619509,9.45033218249981,10.3505188264934,10.0532176417096,8.1033267237421,7.73741965448219,9.64750288663024,8.2617807407315,8.82126543604523,10.1886802231574,"Group3",8.59169169804766
"543","MB_SubtypeStudy_55543",7.08714641386723,8.44676814595588,9.65517912239809,7.41349274389497,8.32313314798612,8.0132037197832,9.97696553011097,8.56500589602769,9.96366883290503,8.23575484698845,9.64138589522943,8.68682156665942,4.69810808935002,6.19421984474406,9.13976933077866,8.04001605110546,9.62031909032096,8.44501971005681,7.7999070171946,9.69358413399227,9.03965394774312,6.44947769795025,8.05153870817302,7.89621468959773,9.62813571603107,9.74826378189614,10.355885030858,9.56264125224179,7.18182579639842,7.80221655888953,8.33843711727907,8.58149941805676,8.6135928080877,9.59831468379304,"SHH",8.48491665695132
"544","MB_SubtypeStudy_55544",6.63272273160955,8.14144105711755,8.87837414535081,7.04050951197365,7.57030717686305,8.25273737326537,10.1084180323016,8.90215412897526,10.0188053161083,8.00681342080209,10.7532171752775,8.93477913685793,4.3327577657299,5.59218664354219,9.15465138325163,7.82250184000955,10.1322807980277,8.16723690440687,7.4650873624562,9.33703527868014,9.40260698097463,6.13916428982944,7.90698519391499,7.87305216464069,8.82974880045171,9.50880160823258,10.4468946623799,9.94768688245239,7.81836423565248,7.13057678929664,8.66837195544693,7.65062541002363,8.42935430845383,10.0641324694051,"Group4",8.38412890981652
"545","MB_SubtypeStudy_55545",6.81506471341823,8.25613146883461,9.3257285774833,7.44881710096214,7.95656883585904,8.31740504892442,10.1922863451793,9.29582651603798,10.2408674770004,9.30751703984058,10.4319021646347,9.49700670066636,4.42478287556761,5.30742730861236,9.67757358943441,8.57518653200334,10.3248087795156,8.2272302982162,8.02128014839691,8.94184559140419,9.13238837229594,6.47589830115548,8.4095927917753,7.93154191125123,9.42878204755614,10.3110917701624,10.3184437326156,9.90550739258831,7.20383842343547,7.56012862787698,8.72818420635583,9.13027433007248,8.96021585719753,9.89069119678831,"WNT",8.64623047273878
"546","MB_SubtypeStudy_55546",6.6050828395092,8.12823153530245,9.20655050853026,7.21711191586712,7.93778857433835,8.10612812084879,10.024259430197,8.75632932765362,9.76693974288875,8.26685300705036,9.0659679236333,8.59561251239227,5.85964666022442,8.62278476267008,9.25643691691359,8.15571808317734,9.50647971697605,8.08526140114682,7.70852768545591,9.49304551725294,8.96385341839247,6.06618565542881,8.20100853620026,7.15102539090828,9.23141742704843,9.67371815718705,10.3755339655577,9.45980453681542,7.33822242928127,7.66484326994653,7.81383388645836,9.13497753928942,8.51500200026729,9.52366191689383,"SHH",8.45523071505011
"547","MB_SubtypeStudy_55547",6.16630356015345,7.94002818119014,8.7917329787245,6.62947658044743,7.76744021598538,8.75109597273696,9.95092775231778,8.33119279625413,10.2819676658882,8.39553940969063,10.0528632942949,8.09076905525505,4.33725950459415,5.76245479880034,9.55734328040113,7.21094840112609,9.5708007800776,8.06037344908237,7.77750019063302,9.3109805191289,8.83713997938715,6.14629721054079,7.66571135250145,7.78789075278399,8.8146277825348,8.73346261732767,9.5020263758395,9.46900998373173,7.40505064734343,6.85509644942532,8.54891542601949,7.78435779151979,8.83337655405973,9.39077458931502,"Group3",8.19149223232682
"548","MB_SubtypeStudy_55548",6.28535751627745,7.7238563635428,8.99491561301534,6.88553772511563,7.61168261679351,8.38125919411869,10.1934832366919,8.44728991459538,10.1327494122695,7.62923992714199,9.27116414583073,8.43909325610976,4.6374401682858,5.94988519036406,9.71707904633521,6.93762256549003,9.81515635507017,8.19931504134765,7.6620810970136,9.30147518645599,9.47533229351204,6.20859433487653,7.9533664580717,7.71406567256882,8.87812485414352,9.42946669354037,10.3397626958378,9.83788208480181,7.62790324319392,6.59916250274689,9.53281568154299,8.16267326258387,8.85715177977975,9.92991463725849,"Group4",8.3165264637154
"549","MB_SubtypeStudy_55549",7.9695069497114,7.68929358903432,9.3786190087969,6.79964890796196,7.69480954497464,7.95994247357182,9.83004882626648,8.3541568521029,9.99810934143563,8.09354522705213,10.2688201463711,8.79205879375936,5.6431445145471,7.40190081614769,8.8632160919063,7.68759411629822,9.81420471801615,7.68369026841116,7.41772258709064,8.81626990352796,8.528042824239,5.80329731309307,8.19881076913145,7.75684242251289,8.94804654622706,9.42120785666914,10.0662161832526,9.28239458204598,7.02955597758678,6.74897288106203,7.91755022368052,8.74591829503025,7.57302447979727,9.2231908360688,"SHH",8.27645217257002
"550","MB_SubtypeStudy_55550",7.04191024470552,8.1399843548556,9.55471184135938,7.03860241566965,7.86992991561919,8.31955068922664,9.74551987765745,8.61616076021367,10.5267185383442,8.47249480901425,10.5863289414144,9.01949881923546,5.06960896772771,6.72454276525252,9.53728531689115,8.12153016355879,9.79458526607192,8.01124359764478,7.70474124694751,9.3484587954544,8.79903874823423,6.43244026790694,7.97355946690846,8.14106805189544,9.21904647627223,9.89228072431073,10.0542526519955,9.45127010006888,7.45716447626105,7.54228477471615,8.35443914076654,8.40244329353812,8.06069324580063,9.32014670675842,"SHH",8.48069221918522
"551","MB_SubtypeStudy_55551",5.92474485396003,7.7609367382632,9.28753691151945,7.47729737697978,7.67236709050313,8.03467675552828,10.1742028245441,8.90252615730341,10.3596913263215,8.91185057689276,10.6064235834479,8.79630894657661,4.08062778287314,5.41632834504034,9.44351039655306,7.37030622186055,10.2521717548596,8.12724609430723,7.91904209700006,9.11242922464874,9.16400860592279,6.45042791286287,7.57254490366259,8.48960465291197,9.04412321963973,9.62647109900995,9.91580799599561,9.83384105057121,7.5728674817695,6.6890740534778,8.24589702986325,7.36449019669324,8.82548521257385,9.84426500299872,"Group3",8.3608568669687
"552","MB_SubtypeStudy_55552",6.14462908663734,8.01896168474256,9.26102323678802,7.25421106349763,7.96804905018994,8.34647922481844,9.86291606303134,9.0935288817553,9.87633465871038,8.15172551297609,10.6830228668818,9.34568585074417,4.52012924421322,5.59214904307287,9.40469898766046,7.0969447144054,9.95865387717873,8.3918846988585,7.957095323734,9.51088852132877,9.27709689032588,6.32558240051848,8.03516026506985,8.2889267565159,9.27128920660467,9.57160701449224,10.480743320113,9.94927589871055,7.73197303785674,6.56268042229605,8.83749324398654,7.7789961800596,8.86083085248529,9.81971059357119,"Group4",8.44795228452444
"553","MB_SubtypeStudy_55553",6.34292228813382,7.71722328274755,8.43216800858514,6.52137110566035,7.56586204203712,7.78217693910663,9.86682172390713,8.11664960033968,9.81559798066028,7.41227791432166,9.4365074229343,8.68166631920322,4.0409835905803,5.78197792379409,9.4277237579224,7.47524031149521,9.43254337732233,8.65601326123701,7.71093971817824,9.23924397502964,8.8794806223303,5.63319854559247,7.72076645541905,7.68406965208541,8.75786792049215,9.20356965933456,9.8796066049657,9.44411514682361,7.74573860876475,7.33268471560461,9.80832997823233,7.67542610861574,8.41167683052151,8.66855719289459,"Group4",8.12649995837861
"554","MB_SubtypeStudy_55554",6.61259187655622,7.99767335739591,9.06511027505932,6.67853909745357,8.03740874830534,8.28785749692495,10.4463867211166,8.29044147876759,9.93895952147311,8.09666311537711,10.5267492292148,8.8756344847125,4.35398377607121,5.66951440051145,9.27865537842757,7.9112490177679,9.82366213609319,7.82212371877672,8.05775559773443,9.56751662184634,8.91341939471418,6.2042673567419,8.14465322542317,8.01933875257011,9.44810730988912,9.63537488022912,10.2728992010831,9.59528051192039,7.58501332889625,7.39222835502334,8.30011471602785,8.17823489104353,8.41263626363511,9.37908475653073,"Group4",8.3770332056857
"555","MB_SubtypeStudy_55555",6.81503476635754,8.16851353821823,9.0606759182201,6.77718855611843,7.56440965316441,8.56161673495293,10.3140778240523,8.93424656946376,10.1277484153714,7.91634729143493,9.79126872922905,8.82194345287805,4.20306904287323,5.51889425232322,9.70502231581737,7.86538679812052,10.0056882986605,7.72411122507159,7.66440690267753,9.29881914903688,9.2130018096762,6.05095082781618,8.22047674966941,7.87328657308579,9.02367165825603,9.37365552549747,10.458394437268,9.4124938140032,7.68565795494134,7.56796104482892,8.40917529788481,8.01517234980321,8.37125452165046,9.77927985917041,"Group4",8.36155593698804
"556","MB_SubtypeStudy_55556",7.2496474240925,8.40574385827462,9.75410298636079,7.22009112450954,8.44822783209607,8.3733075513576,10.0521217846586,8.87029930341036,10.2695512270967,8.32001974433011,10.7007257024652,8.54240200364456,5.43141521270149,6.95038352545943,9.31278580815298,8.31050769932673,10.0415968846172,8.11430502387671,7.73192291797407,9.31389923457945,9.09778219345203,6.01521576063203,8.06019951461492,7.98617563491315,9.1097956573574,9.67922864709183,10.2249346497161,9.45919573398107,7.2357816772441,7.3323325674067,8.11864681385025,9.10157955584423,8.47856877856064,9.79001530044023,"SHH",8.56183850982616
"557","MB_SubtypeStudy_55557",5.7328979341663,8.09365514693454,9.1023731564613,6.65504430974924,7.67535183910798,8.42649839653315,9.89884409180796,9.54247115053266,10.1611767409619,7.6779862548277,10.2980378308839,8.67382891383265,4.06755632434249,5.58372453996136,9.70656646400323,7.5187122773431,10.196348953865,8.22812110854424,7.55039852762679,9.25497859724855,9.83949404225995,6.03300801935744,8.13440181646631,7.89751270094654,9.19670692191771,9.49414767499763,10.5093386377814,10.5429953889202,8.12231284278356,7.30447587670386,8.41281138377018,7.43956999521029,8.33444507685169,10.4160354212702,"Group4",8.40358318699915
"558","MB_SubtypeStudy_55558",5.83058929808131,8.75563838188297,9.15450649798545,7.24425072908284,7.94482694612011,8.71559655270415,9.52095306015446,9.13674296113435,10.1846740512074,9.29372292857843,9.99286468571873,9.01930874878489,3.97042417574927,5.61573333009416,10.4124111325809,7.98287028978282,9.59610418410938,8.41522562849138,9.02924107279075,9.7707181454083,8.74078555958507,6.52809747747809,7.96339444334577,9.09970472183591,8.97393849696086,9.75738976527202,9.58947489256254,9.54747845233407,7.35499903634008,7.35320932341074,9.08379076938017,7.88705364848374,9.00486839915673,9.9304036801491,"Group3",8.54120563137462
"559","MB_SubtypeStudy_55559",5.8758831637496,8.7700760470485,9.63756308792786,7.61967373373038,8.49426965249159,8.81471468682779,10.2304908125991,8.93456956103834,9.94737903772651,9.35818934352556,10.3133570610001,9.3012546320797,4.97217389267222,5.67897420214741,10.4337792871601,8.28747043724431,9.66881433834642,8.29152735619681,8.73540379141083,10.1011214839979,8.60801397148694,7.03811980264453,8.17062893114732,8.96652474419947,8.62164507612445,9.86851177505658,10.2647464595409,9.55740328854253,7.91733899099209,7.78312524504558,9.83423455800441,8.15055107706928,8.58896054685841,10.049407073375,"Group3",8.73193815144143
"560","MB_SubtypeStudy_55560",6.52272778186785,8.92766681724608,10.1256126462545,8.0450037326144,8.31646696971917,9.07010759271441,9.19732885845336,9.21360387879137,10.4359728412763,9.53519575426768,9.93162313055436,9.69516442839737,4.00325170258758,5.78545242510126,9.60772002528418,8.21600341986688,9.87778146176287,7.92490534384093,7.80802905650542,9.80154171300933,8.88264264560527,6.66268772264687,8.57094522956902,8.59302933602275,9.19774450312522,10.0740828039649,10.1932280400969,9.70741896499502,7.22377362977188,7.8804841319562,10.5931511969918,8.07333668466947,8.45800690528607,10.3493011286803,"Group3",8.72061742657344
"561","MB_SubtypeStudy_55561",6.81856423862322,8.5182346368765,9.49346120027008,7.29391273739,7.84060385343273,8.61551587164636,9.66280947298415,8.72704639598083,10.5312069216174,8.61112689596821,9.39143261503135,8.84269107307835,4.36937609385885,7.04639155211769,9.43433769879935,7.84980521795441,9.38224899921772,7.24865161659424,8.40587016793033,9.65503057142931,8.5448868069416,6.89148014297465,5.00758224324768,7.94969911516807,8.9770818708069,9.88489742868528,9.77603394079896,9.19051415231914,7.45852999116053,7.5902102957757,8.73474955135151,8.70094444113971,8.0187285496444,9.03045936394694,"SHH",8.33806222719889
"562","MB_SubtypeStudy_55562",6.00433559695525,8.45940552549826,9.74495008253691,6.82305205684048,8.70630921492196,8.34972672162737,9.9144673780066,9.31972841193222,10.258588274703,8.48337759814759,8.77426570863117,9.45115589384521,4.1900936784218,5.42777687221809,10.5257717595856,8.20520186764188,9.86829268024757,8.56604231270593,8.19218554658883,9.05811301416026,8.9248287370641,6.55097380364799,7.96056744031871,8.98128263208052,9.42632318386929,9.68830955523814,10.1216466280622,9.49860138764819,7.80376681856912,8.08419828120943,8.74222710722831,8.0346053192906,8.49016912697647,9.93674024879174,"Group3",8.54609060191796
"563","MB_SubtypeStudy_55563",6.97426106268781,8.36697312233807,9.91289412956317,7.50221933543093,8.09277980646207,8.27235579944067,9.67595668679372,9.57517348928202,10.5725924974515,9.09185359259524,10.0598040610256,9.72136837845321,4.07283240270984,5.85721366832364,9.84685030014996,8.81374509767333,10.5838259232079,8.75583413795166,8.2577175191471,9.49935120905329,8.36343897700614,7.19809207380049,8.27592543571664,8.89399620051776,10.0094812031083,10.5026853480553,10.5879529548934,9.98500552040413,7.87639559512572,8.55836324379365,9.35728729573304,8.49641909992577,8.63204472246948,10.8634746630065,"WNT",8.85606366333227
"564","MB_SubtypeStudy_55564",6.02573910519226,9.08288058718612,9.87051046874216,7.34999571725558,8.46619767104262,8.52685537791358,10.1377590846502,9.18971563612458,9.81314543075073,8.90961327631769,10.1436926172823,9.61808228378422,4.9636033810738,6.5971960139891,9.65835509683379,8.55110433391972,9.80537792936031,7.8864636691554,8.41317226267791,9.86367176001979,8.76879979717594,6.50199498996423,8.51879190572251,9.54077461055261,9.32512265793928,10.0920233993292,10.4603850790982,9.57170152543747,7.72523545783252,7.68375737121606,9.47917749635734,8.06566634046385,8.54773919984973,10.0628838915582,"Group3",8.74168192428732
"565","MB_SubtypeStudy_55565",6.52413810414089,8.98085982636879,10.42611603153,7.6339756772318,9.0970018118979,9.02066080847628,9.24782713568716,9.34720547137706,10.3795744791144,9.10322055627393,10.6370273873709,10.1783961884383,4.69471117310766,6.95632839906724,9.78051809152231,8.44701477351255,9.09437252572028,7.89124469410338,8.3554619442579,9.03238567117989,8.75136572527284,6.56982661602655,8.78127667665944,8.40596263694558,9.30119991174353,10.3077624447588,9.98736605718057,9.23406720867209,7.80219718906429,8.20335348391888,8.80229552074706,8.51366956028099,8.49030449617362,10.0292386502171,"SHH",8.76493902729529
"566","MB_SubtypeStudy_55566",6.94994073713103,7.69217738093031,8.80515163692193,6.23044426566184,7.46468521803852,8.03448806046933,9.73282233432963,9.19862349370553,10.0368155915611,7.87347368281424,10.7792709433424,8.98283710477136,4.70281454960435,5.97644213784859,9.49587737570493,7.33683598460937,10.031679600303,8.06334938526344,6.87543264674935,9.16857931398381,9.57143044577673,6.13662593116813,6.62219448351161,7.53635099810905,8.08037560061814,9.65870199835055,10.8725866368683,10.0608804658182,7.31008707871587,7.07346071413126,8.42072789265413,8.25309269166267,8.68785055283361,10.1595853257217,"Group4",8.29046153704953
"567","MB_SubtypeStudy_55567",7.44081283294752,8.03386217584193,9.01018508111021,6.72455671455622,7.68671377565495,8.18045758776894,10.0203997440042,8.94324428280104,9.78972823496221,7.85352942485105,8.67875613664762,8.31087099581364,4.46366315008953,5.71550128941375,9.88925970774956,7.09903630986478,9.73631936886687,7.92452835351986,7.90776991488412,9.26127951134485,9.37848121303421,6.37453804494357,8.05104231809744,7.7457294207725,9.24397279023012,9.28874225524082,10.4390084804588,10.2359324755382,7.64418563555602,6.83240175792559,8.52011388462135,8.32599681239023,8.67775724844029,9.86274897639146,"Group4",8.33209193842157
"568","MB_SubtypeStudy_55568",6.20397649586964,8.58384042551419,10.1089271981867,7.35622725855916,7.80031842179678,8.45293410793508,10.1705724782488,9.45101079579989,10.5607472856388,9.40911662036267,11.1744146556772,9.41601874458742,4.48399198500808,5.67051914273501,9.46496156672311,8.38022794894114,10.3511296871521,8.45624104936338,8.00925636692493,9.65121248361388,9.69346929243379,6.64823244148757,7.64171536202208,9.18292327941103,8.58473112003995,9.43060259621294,10.2410482475881,10.1999859511137,8.10657860372746,8.119859377953,10.5609583409888,8.80636404232685,8.73641937873113,10.6241931004868,"Group3",8.81566840744592
"569","MB_SubtypeStudy_55569",7.29652052623753,8.11166554117728,8.88187542639204,6.63083466871411,7.64942705344569,7.31726803922591,10.1856699009115,8.40970342027465,9.72459379556536,7.96148315822048,8.76245517645829,8.61971357918625,5.86115853737666,6.57703427636165,9.6828156511229,7.63124979743567,9.70881605763995,8.33659788038833,7.29918979980604,9.25049632694276,8.84269316132767,6.27002719806641,7.96809544835798,7.41454202698377,8.41095048260583,9.203931365731,10.8434696128531,9.46759182595908,7.50570254033657,7.41852814194852,9.88751734781629,8.69874068137937,9.07345290577969,9.42763570468656,"Group4",8.36268961931514
"570","MB_SubtypeStudy_55570",6.64368418602466,8.06498056113373,8.77352845274715,6.91374160660613,7.68345461558704,8.29752203854218,10.2305847751224,9.32124946982927,9.98041056213389,7.97450688567345,10.2881095210768,9.10955724050297,4.05693972800752,5.47236080691884,9.71282169203044,7.65115209085885,9.52058820697002,8.34245781871949,7.72527257708114,8.86311294095388,9.66260611303939,6.23734586398436,8.29488221324858,7.30014175767539,8.05185992573584,9.37185852952675,10.2722454754422,10.0142521080804,7.34657331925112,7.17234846788975,9.93064902759166,7.74722602081571,9.12976985408878,10.1539214739146,"Group4",8.39152105667072
"571","MB_SubtypeStudy_55571",6.85609609764504,8.0282849779788,8.69630872764179,7.03684220182492,7.58165769638202,7.09203580480403,10.1481301818476,8.91495918534525,10.0319592776945,8.19332536675334,9.84922767308746,8.73279727399695,4.01676772830453,5.43107437997746,9.15360354118631,7.76202923555296,10.2403102816165,7.22189865847407,7.48990696165934,9.13242136786054,8.88686598938295,6.31594724595318,8.56856021901952,7.40982703058653,9.14309512530286,10.16160802101,10.7074400329955,9.33284463444062,6.84910843671464,7.19980828169759,8.20617678748277,8.76964241936114,9.45705395579032,10.0358242053472,"WNT",8.31333644131524
"572","MB_SubtypeStudy_55572",6.20911079367825,8.11163604513453,8.69621447759449,6.79845944752677,7.50689825779564,8.03772334686922,9.6119462876308,9.06967190982744,9.60785631259543,8.3437393162337,9.15449942265821,8.34817438797486,4.29734545332993,5.40615876680088,9.86385633408445,7.46019891800127,10.406938964834,8.04466536694804,7.64634328185131,9.23370958343024,9.40627576531106,6.38503318023775,7.66192711950166,7.35457429789078,8.82565047196237,9.83408315841691,10.7651706629057,10.0397390822865,7.13515950013947,6.67918678162543,8.12888666094329,8.56267453958797,9.62115849751004,10.3974182264789,"Group4",8.31329660645874
"573","MB_SubtypeStudy_55573",6.80123542242164,7.78512031023835,9.04273029533914,7.04834524874705,7.76416744671725,8.11774367501656,10.0029316103264,8.74953444022887,9.62608724801624,7.8833063030513,9.08976348801259,8.97567303157558,4.70976225379117,6.04843395497856,9.69937459282855,8.0271562840801,10.1457767738688,7.97803923008349,7.6410599092261,9.27082982170249,8.94229517725184,6.04225136912125,7.92340732973459,7.59216843098783,9.36488453509639,10.1467438305137,10.538627713901,9.67444307216327,7.50127678839033,7.36986741658527,9.58174782381777,7.94343438638321,8.31974520569854,9.50282505214794,"Group4",8.37796439623656
"574","MB_SubtypeStudy_55574",7.10840084281411,8.067977337815,8.97208719034266,7.11856400713479,8.06297726907924,7.91516370920243,9.75551877528604,9.32713554508813,9.77003381465433,7.94915368720676,8.85760763696995,9.07726389192757,3.94780662907514,5.45891514785748,9.46812718628098,7.58518822491556,9.60617036295808,8.7456564922804,7.80663640429039,9.69678791722076,9.5063818303243,6.5027106689884,7.88434239862948,7.32949990758871,9.53825365889375,9.78491151846693,10.3222827758714,10.0717122627774,7.73982861642714,7.03784467392695,8.63349601310621,7.93056150643922,9.48752178607894,10.0155204092552,"Group4",8.4141776499757
"575","MB_SubtypeStudy_55575",7.70443971555997,8.20985829710209,8.68050708495219,6.94938861022137,7.82873269682539,8.02724998941724,10.1034768647002,9.01818452719832,9.84603806952573,8.52679814733719,9.81559100644421,8.83238800599457,3.99251017236186,5.43820948255696,9.25417759008909,7.88179525660954,9.93758145460295,7.54471718989697,7.45157545750119,9.20576043230706,8.86660413553518,6.16226612072911,8.90587182137947,8.42057479006155,8.99675986646757,9.91518492370006,10.4808994310942,9.41092517585779,6.81938424577877,7.47354819357086,9.34417192884847,8.18029359029548,9.39102301545575,9.93687128780592,"Group3",8.42803995817013
"576","MB_SubtypeStudy_55576",6.24174910772937,7.97895779307926,9.12883221897012,6.95061931454334,7.91626275224687,7.92188819428258,9.77153223473302,9.24218076115965,9.86721301822017,7.97526816683139,9.7425884272683,8.92628211681135,4.34045355474476,5.90577195398864,9.71540518339966,7.53371929643123,9.93036395472579,8.36063199702354,7.51368902957248,9.1752740456036,9.42741166309457,6.04364160368529,8.50482347199439,7.21740304619279,9.28492396938554,9.62541719266115,10.2134466855432,9.78838823498851,7.44326232960905,7.25138348750188,8.53769051052419,7.99539556894622,9.30999046159723,10.2483357715347,"Group4",8.38324109172423
"577","MB_SubtypeStudy_55577",7.42700455231608,7.99948605926547,8.85813793550731,7.2502983299332,7.50058858431206,8.07582074853302,10.0020331758656,9.12477067809745,9.88118124608707,7.76220439778838,8.12275042143403,8.782776924204,4.30017221779567,5.95500662550705,9.16687011807093,7.65406457170565,9.47480552602178,8.35040035473634,7.70183687682543,9.44432539877506,9.41001356976416,5.86327094974891,8.45272561308045,7.62176197760422,9.09765005845967,9.66368666109468,10.8050962588295,9.82014238449689,7.66936022608311,7.35784458314036,9.18130450458295,8.34007487618275,8.75283751492724,10.0517492397356,"Group4",8.38006038707388
"578","MB_SubtypeStudy_55578",8.25047287650931,8.58271277826,9.33246602174202,7.65029893188497,8.2733647836092,8.34172835688395,9.46903265202249,8.86788445961827,10.182494230524,8.49589836498498,9.78365080871452,8.93171730944363,5.13321728514454,7.35935336951618,9.49073262817545,8.22089982218578,8.99554006953575,7.97768906629336,8.28902859464284,9.58473541509291,8.59078617832832,6.21080733216226,8.49168495931974,7.99953758530467,9.16555604615165,9.42880716838703,10.0470601033949,9.60782273989013,7.5743621229886,7.67317017054982,8.53213563506746,8.56204284652805,8.69025126921871,9.532715948576,"SHH",8.56822523325446
"579","MB_SubtypeStudy_55579",7.69054951561801,7.73418553460702,8.90636162685788,7.03863465616049,7.78863716039817,7.84429241959929,9.979762251997,8.67428527395852,9.716721923728,8.41628517390973,9.01851331504762,9.03721375900329,4.98320059130468,5.88542174624499,9.16235403642654,7.60025757936146,9.34254270816399,7.71201934842938,7.67776552496822,9.21639937085716,8.90663844884823,5.85639276171145,8.91411503411112,8.16128533703224,9.06156713927805,9.76221290591019,10.4430995179627,9.50819066549648,7.11541720795745,7.06205866088031,8.67673289118199,8.60107332314988,8.56604374880451,9.35805544124997,"Group3",8.33583195882988
"580","MB_SubtypeStudy_55580",8.03638856310712,8.05255823101787,9.09107722668289,7.24835622142466,8.341277221271,8.40745282583979,9.39389257394058,8.34290315329777,10.1564753084045,8.47343344142428,9.83086725165199,9.54397777916905,4.48295086291119,5.50780446699988,9.33544497997586,8.12758091048389,9.01351879649621,8.1952248500926,8.21519585993128,9.58670057473854,8.53188752107271,6.26976200657375,8.80740359998929,8.07440690068556,9.18323238033083,9.85887641332408,9.98946697897615,9.38156482498203,7.35508064603734,7.73056861090442,8.45993364646558,7.9344693185479,8.23940641908661,9.58256323403894,"SHH",8.43475598823165
"581","MB_SubtypeStudy_55581",7.68801370270029,7.83335842628402,8.92888650439452,6.94064805809843,7.94006001738754,7.84663520226143,9.83572563901505,9.33134141409186,9.55718211390345,7.97312314233593,8.27809269271109,8.79263719716621,4.0704587223669,5.97967329451062,9.38986509690993,7.86242249064031,9.4035563221103,8.19777289417059,7.42963043943656,9.34774940716969,9.22909155972147,6.35480386791048,8.19342292068533,7.56855991587877,9.18595757449304,9.480953747866,10.4472908371301,9.98408113789602,7.45682240247571,7.55215320914323,8.52242949144751,8.5678167562885,8.75716389301089,9.98080508809632,"Group4",8.35024074057965
"582","MB_SubtypeStudy_55582",7.33740870143862,8.34576967444305,9.1833492329242,7.16137587043547,8.04053237641995,8.20026881089029,9.59883872805883,8.66654936095503,10.0216290142801,8.62064704561448,9.91311896130502,9.54002490662878,4.39054340839234,6.23552964084358,9.42391105972908,8.18299820811551,9.02930174303697,8.00544695708798,7.9486895004743,9.62577920669588,8.40061909775545,6.26818850805075,7.98878271954166,7.97103020606831,9.22927737189688,9.88857685584591,10.2824389658049,9.30046765918308,7.39396119384689,7.47951223993984,8.81255482738237,7.97531598751718,7.94972753507705,9.65066621794313,"SHH",8.41361269981244
"583","MB_SubtypeStudy_55583",7.17207628553964,8.24258255456074,9.62650295925709,7.65089456803375,8.50624865028757,8.59959650453355,10.3097182516614,9.65913065965734,10.7700117540325,8.3039109009677,9.47574331643602,9.80570675067922,4.49828744654587,6.74193031883121,9.72359961016671,8.2159709472659,10.3279873057908,8.24928330763683,7.51793453055197,9.87328959999832,9.30231515569132,7.00059302333595,8.14206500940327,9.32759510143146,8.90016693415133,10.4388248677038,10.6962795128511,10.1732906669038,7.90992558509264,7.42002055177859,11.222716487408,7.96605152296333,8.42748023250003,10.2334753522125,"Group3",8.83621194781945
"584","MB_SubtypeStudy_55584",6.64841380068477,8.4266414639199,8.77941886535773,7.08889042721675,7.98916224581189,8.25385280230851,9.69858884229454,9.04233319301466,9.84734292414899,9.0744206517204,9.47576925094013,9.59033966538377,4.7867232452855,5.84550524153756,9.88942690994133,7.52930045957337,9.56673849474119,8.17545799024529,8.11408161434754,9.239561928022,8.7281629639062,6.11936737929537,8.3553756003056,8.19419367543026,8.97753721124031,9.9819877307898,10.2747401627854,9.59967973838202,7.77692077229586,7.1777434120479,9.70223131636105,8.68329527486375,9.10017937298997,9.84765752368716,"Group3",8.51708947502578
"585","MB_SubtypeStudy_55585",7.9277945344803,7.73348451815963,9.62557578585634,7.12304955084991,8.96619648663725,8.15736094239876,10.1820586467318,7.9142580486684,9.57502568413079,7.9658447472513,8.47746329463385,9.44108803443215,5.17253783584809,6.85473340959633,9.19137454203148,8.17156342549162,8.71073909088298,7.22584682660982,7.6657549061769,8.92428431154502,8.64046241092408,5.67965512403993,8.32165128380134,8.40492723672868,9.22842718276645,9.07555669210651,10.4694409727155,8.79866488547424,7.45829318625854,7.32889310510774,8.42998687159322,8.23077088700489,7.46881561140164,8.35312282868858,"SHH",8.26160890885365
"586","MB_SubtypeStudy_55586",7.10353526526214,8.33047505028555,9.22050095356211,7.2455200152715,8.14301920997864,7.62171913250894,9.96934066542081,9.21438106471536,9.91865424117449,9.19959407666241,9.24977553628031,9.40169252432062,4.61669126739923,6.64656950612021,9.69455577409914,8.32900637469935,9.28810571533485,8.02885961278659,8.0440155599463,9.62812997744801,8.78511154010382,6.42160071159328,8.81473976360238,8.05083111114958,9.27604852292512,9.89160622280398,10.5700443667812,9.49430101569624,7.50662377587395,7.42152601383556,8.79114531321987,8.78253488941836,9.02759858879963,9.94626149637002,"WNT",8.57865043692499
"587","MB_SubtypeStudy_55587",6.54220872072252,8.26290097612211,9.52423865734015,7.52747240781385,7.86117079035238,8.24957148533156,10.3301092257371,9.09955584472995,9.84981709858183,8.7216725877447,9.53315147865545,9.46837774773809,4.81062159342814,5.83676385477758,9.46323474388306,7.66741241034786,9.29491511553926,8.17963861973511,8.07029831207051,9.09641209965678,8.99694118060012,6.15379651479149,8.81146146805792,7.8749073458268,9.08675922015951,9.52157091322543,10.5580424260874,9.87368552461838,7.6172596980311,7.43570516217078,8.55267517895706,8.35134902693643,8.66070264195771,9.90577382754168,"Group3",8.49382864409617
"588","MB_SubtypeStudy_55588",7.58905284640081,8.30590454201603,9.36603530483249,7.18263521555965,7.90216746565087,7.91720703623631,10.0702186170023,9.23050449463311,9.91263080343002,7.85503829332193,8.15989410174522,8.86488674858157,4.28174454356075,5.54167596182701,9.32427801410168,7.71077211135925,9.55725809753752,8.27329688609422,7.4212997638136,9.4446104556001,9.24762830462413,6.20675415249558,8.06042243838854,7.76326003120328,9.25224749134279,9.70774338956338,10.5048987257672,9.89892502928712,7.7082092677476,7.381834691255,8.33842271178746,8.32465673489125,8.97508002391692,9.87930554500056,"Group4",8.3870735247228
"589","MB_SubtypeStudy_55589",7.15857503887581,8.00403221379459,9.38986943002157,6.97562570563654,7.98383537969081,8.1702268844064,9.74100766693458,8.91835470638651,10.0212624721065,8.75672912302341,9.77558149432889,9.72987972917882,4.15705633028978,5.75497562131577,9.23552310328503,8.2940814681489,9.18080068014676,7.56536183136738,8.09426023780903,9.76355713608895,8.45572903822068,6.01082583928895,8.12241019294257,8.37519362694906,9.02513245433239,9.94631612920703,10.1793048491342,9.35838763106336,6.96496279315321,7.72775703634429,8.92105779604559,8.56780179348976,8.43124771195761,9.34123558741331,"SHH",8.41464584506994
"590","MB_SubtypeStudy_55590",6.62720214743708,8.47323646704655,8.8862447915384,7.55021906547207,8.05720199691857,8.20751015371541,9.68240239481584,9.20947376657225,9.97544415010714,9.06630323249058,8.430058843425,9.39264350003477,5.0770872029076,6.56251489793823,10.0792036941137,7.80358828739781,9.37471066071758,8.06422250529253,8.162317058002,10.0429652474892,9.01150678860265,6.3276258604042,8.27955693048887,7.7277197735365,9.18594202695825,9.59621093798131,10.2494603405548,9.7511064441149,7.62844516462566,7.40096629653674,8.97488163613808,9.01605559632161,9.12891377462686,9.89964963450086,"Group3",8.55595856673011
"591","MB_SubtypeStudy_55591",6.52834156291037,7.92152532063784,8.89981383772223,7.27855568743783,8.13037740278726,8.08361731987255,10.278030705756,9.58197821857983,9.76998925503564,9.4615688797599,8.68052478391551,8.46730761599025,4.88209407602089,5.83110142325721,10.0395029289382,8.01574584925554,9.84953644349174,8.19556354523057,7.41128916427929,9.62243275240601,9.50707293891283,5.83255183168479,7.93712725371075,8.24834404199851,9.47938976567593,9.87328969666851,10.6668573631891,10.155453683637,7.86985329061359,7.65467355090882,9.02504975875095,8.45839611372003,8.66966317627656,10.3215912004935,"Group3",8.54788854233899
"592","MB_SubtypeStudy_55592",6.33420480084859,8.55923950481706,9.65465102848687,7.34629579688339,7.85903229022968,7.08829416206206,10.1125483372171,8.82249219115848,10.2752829623032,8.05474180689168,9.1303192012011,9.21634872809236,4.31187316225962,5.78196720742295,9.09668989124266,7.69962428208138,9.15283875410841,7.4562039489407,7.59786429359838,9.34439249027761,9.08333038811034,5.86414293496406,5.56457535846875,7.67994321915999,9.51432075429373,9.55919736680384,10.1675902142369,9.43434634679192,7.64399032740734,7.5832589203251,8.3038149289475,8.44559604929926,8.83779573443688,9.33985167645577,"SHH",8.23284291352426
"593","MB_SubtypeStudy_55593",5.70575894920877,8.33879717677612,8.55012427111633,7.04390235153668,7.84108828412258,7.81868801933113,9.89567044971513,8.96898210535694,9.99847643537391,8.91767013840706,8.64921603999768,8.83351607012086,5.42053860474546,5.95766647135002,9.36497547891149,7.08909250533146,9.69273174543431,7.70890902757884,7.89289499849893,9.38455824954787,9.25223387851568,6.02797999957001,7.81254436761384,7.79228553307317,8.83586475858525,9.73912381925233,10.7068609964931,9.9253622911215,7.64993692069405,6.9783537772293,8.28479860485547,8.46651882756085,9.79913431126557,9.87092317036573,"Group3",8.3592699596664
"594","MB_SubtypeStudy_55594",7.30455255170074,8.03549881307438,8.98485027677181,7.06680312492659,7.75056859181848,8.01368694900088,10.195151844374,9.1625480764204,9.88897110526874,8.4202500311566,8.41691721843205,8.76023365891321,4.13858207320397,5.76741709196933,9.7755804066449,7.62624609545631,9.67468748682609,8.00081469274773,7.36212933905859,9.48024128230821,9.37088023078842,6.22044580174873,8.35818372601439,7.57068947207256,9.2503831724237,9.61506066867863,10.6464826038074,10.0146439288219,7.76882045080792,7.36910695675857,8.44803233447876,8.23693318163413,8.91384879562034,10.0774622740909,"Group4",8.40255012670057
"595","MB_SubtypeStudy_55595",7.18304268308937,8.32186882343355,9.30586516479911,7.23078890910639,8.07258219777089,7.81936230504618,10.1296942871936,8.93566391037343,9.75342822876375,7.92753427253681,9.05845093952709,8.4531566020601,4.16650691439856,6.1610365276264,9.24252776066924,7.79847684766737,9.92275285523759,7.83990480608675,7.40446638135417,9.47516367796268,8.94680805422681,6.13960798833777,5.56474473927018,7.86402491008976,9.18307345618102,9.82730433109658,10.6627623385208,9.28486594435744,7.2206372079249,7.70388456160689,8.18851248200127,8.67272300170475,8.66838642289771,9.6599759204468,"SHH",8.28792898392252
"596","MB_SubtypeStudy_55596",7.56911181340745,7.58656722279629,8.81861373368988,6.89238899545172,7.58259895032784,8.06651012208302,9.97820866493094,8.76519933372992,9.84453698739702,7.33723294741949,8.02032226825333,8.51896163126031,4.475735268094,5.99329722974133,9.63050717823208,7.30334290279276,9.61705893595478,8.03792424926204,7.39748586003829,9.4262262778523,9.14255401776737,6.22059996348302,8.00622527404454,7.55740558279913,9.07043315346911,9.49016194764936,10.7371739952861,9.73567697042432,7.26983652097785,7.15253424774762,7.93636661856091,8.2700924322691,8.79799010769747,9.85138595539633,"Group4",8.2382431576555
"597","MB_SubtypeStudy_55597",7.13060664284512,8.0008792401388,8.85479213899023,7.17810019537442,7.77110301282195,7.04477505262536,9.85210837443203,8.7553359903953,9.74935743218835,8.78539959999023,10.0319469818492,9.41505491055308,4.40215420557786,6.33676282459196,9.35395679608293,7.89618723328623,9.63965575240117,7.82596243807942,7.47199696868122,9.29201172937674,8.95053523756767,6.08039210116731,8.50551430397474,7.6603045305139,9.40030843920064,9.71746310028658,10.7897379909797,9.46628018090362,7.1202197329697,7.31054588313099,8.18675228135175,9.00056113887973,8.97636616349532,9.71118961674852,"WNT",8.40189171239564
"598","MB_SubtypeStudy_55598",5.69334920330977,7.32528790668767,8.16390288301732,7.70940451311267,8.39224381396167,8.11541729754621,10.4892500529284,8.90216062481559,9.97995007636843,8.00120080656136,8.17569949096531,8.85891038901209,4.67131877201367,5.84909092362818,9.44639239294502,7.20893967667702,9.51351397640784,8.38277576988646,7.43677692489675,9.07251700101374,9.09540794522769,6.01267961302834,7.33620646554024,7.68730466602664,8.6927692329938,9.80373112965914,10.2777772459128,9.38775969829352,8.45999966214733,6.8242078242357,9.54707927666286,7.32517523172529,9.22622150456835,9.20956262856951,"Group4",8.24335248883372
"599","MB_SubtypeStudy_55599",6.65349696931237,8.01441167012892,8.08400650660237,7.56431079265193,8.16700672469712,8.42719277314303,10.8214175803918,9.20534716078527,10.1417713104578,8.21470862071008,8.70041455173935,8.83248712159323,4.69247271357547,6.07788171635729,8.91188000323221,6.64624342123825,8.25436060344913,7.68406809014646,7.80433681280112,8.88516196214686,8.52364306062062,5.57269800857942,7.7209262124659,6.99025103365091,9.17985353127799,9.50074306817404,10.2150732519195,9.72371751075807,7.60260803049689,7.17647260478217,9.6946971133101,7.59801193797572,9.47823224294031,9.14176366201908,"Group4",8.23240201100385
"600","MB_SubtypeStudy_55600",6.55421423072126,8.93806225997579,9.87236184156851,8.05449462827082,8.51933248265883,8.67708457955924,10.6136093321826,9.33875977521716,10.358337256569,9.13729700971216,9.01619433727724,9.84733165600632,4.17265380583112,5.83458436497129,9.51509098564692,8.18568961950136,10.5077047468876,9.10299300783974,8.17077338648173,10.0806344650717,9.50240025942086,6.49571700431292,8.37979999627962,8.25034550668953,9.76245109435915,10.5942356456667,10.4463880307229,9.90812562877291,8.39891898996315,7.94735339024354,9.52145368301347,8.26021253848285,8.43360581681538,9.90258594420135,"Group3",8.83237639120279
"601","MB_SubtypeStudy_55601",7.0356560714035,7.85587796061345,9.1573488628203,7.28451332482181,8.01759048712217,8.11455216431034,9.92589598189164,8.43893291465255,10.0516134296165,7.59924723931322,8.68102233805478,8.51207390387177,5.42816809983205,7.74196326706409,8.94734259925194,7.6191065717578,9.28900034464777,8.02477442948695,7.69894992019078,9.38173397454076,8.91322032102314,5.9729664887345,8.14451472846988,7.40828396144547,8.98966392917065,9.37359746371834,10.1871657359874,9.26637296564967,7.16546110890893,7.56144491352078,7.62660429020163,8.97461513928009,8.66321730344839,9.10648657559788,"SHH",8.29879349442414
"602","MB_SubtypeStudy_55602",7.33127521389714,7.90374667381115,8.58415862600435,6.87332362371281,7.67512101452619,7.54313539406595,9.97187074971887,8.36184082582848,9.71341472478282,8.22747119143846,9.01218649536982,8.58778398933663,4.14212647524582,5.8917835220838,9.12481727739011,7.12447791248394,9.47955133784671,7.64887591910531,7.23360516323952,9.07937025085372,8.70475590169794,6.1173352787232,7.84427257197986,7.74965840687254,9.14470346680569,9.6555201240575,10.5475457661443,9.3627772937907,7.25025271840869,7.4798316649411,7.87594528295811,8.78916200535047,9.74127687821323,9.08777587979048,"Group4",8.2017867535434
"603","MB_SubtypeStudy_55603",6.35247526149773,8.30802318988957,9.09327361953468,7.15493488536456,8.04576064480596,8.23629276172646,10.3883425146642,8.97975753242675,9.78741966059526,9.11707758460928,9.52741305025295,9.44973026074748,4.6701148467246,6.01343181062733,9.35493526441261,7.74458925277878,9.90946565275057,8.25793905404556,8.17214107171428,9.55702561355417,9.01874435092358,6.29140029152598,8.08328126401329,8.17877812698703,9.66275758421693,9.82527848699685,10.7188654349156,9.66339973094444,7.56929696559867,7.2077076314101,8.0530229758619,8.54348706468387,9.19132006592816,9.59504919666262,"Group3",8.52125096186446
"604","MB_SubtypeStudy_55604",5.57093607260321,8.18602062642522,8.99022678861139,7.09270043427867,8.08366743570934,7.81663391786748,10.1995925105576,9.65641567418798,9.87298343811755,9.44507173987684,11.1786131846487,9.32201758244932,3.91166257909356,5.19342452325978,9.21781019275056,8.59552409321649,10.6796387122156,8.59042688960917,7.11600521915366,9.50070587701114,9.33031901464462,5.42454364648718,8.85730167390097,7.74026625725199,9.14956225257231,10.697325164135,10.7747413431127,9.62423085557004,7.21891839974345,7.65286680856206,8.23713032009098,9.02446898871686,9.50457452552169,10.5886061010333,"WNT",8.58955684832313
"605","MB_SubtypeStudy_55605",6.15471661825075,8.91856584884511,10.0975734481947,7.45708017200123,7.93439433723647,9.05662475324035,10.5754813229301,9.6628873959491,10.2415791818535,9.21675032072155,10.0308156058251,9.59491951753826,5.43031474167531,6.82870022292174,9.31240620547719,8.51264468826519,9.68499971705739,9.26511620149278,7.87909782211029,9.94998187520125,9.60445579504174,6.28194568096789,8.61008571320752,8.43262826936022,9.59781789648506,10.0455797571288,10.9070157680461,10.0468366214126,8.03418856199212,7.74184508279744,10.4372725303111,8.68268520982237,8.76743241242992,10.3622316437404,"Group3",8.92225502763325
"606","MB_SubtypeStudy_55606",6.90719205470628,7.60736235541143,8.3105289242621,6.78609689478786,7.73094601617682,8.33870822000925,9.79590166597896,8.50336745269554,10.1820190760208,7.86415188960099,10.1918829689184,8.72869975923726,5.51598932016543,7.06464919421866,9.03700820655017,7.74249973635012,10.0154830952499,8.08473637299612,6.87589250125689,9.2142242596075,8.73727991221308,6.12864956388443,7.98828123521164,7.52370959632445,9.35390559560306,9.91768318694747,9.78404713432073,9.25061984690706,6.72508753476699,7.13469487794709,7.61910875863065,8.20939554752512,8.3819273866913,9.24143376681006,"SHH",8.24979893847011
"607","MB_SubtypeStudy_55607",6.52425561289596,7.7168653306463,8.78346832222858,7.22964712297855,8.14822924690388,8.0229607120366,10.3695139937513,8.69722492284224,9.87488629887048,8.6076758518594,9.4493868238295,9.28082332632767,4.99162806162475,6.51169302216038,9.16468103643001,7.69390473462959,9.59496841793645,8.4897433055139,7.40131384136377,9.21213024123519,9.23873976322355,5.73381117242812,7.58570465218129,7.85276294834675,9.02652859286633,9.92310983086103,10.0239596804846,9.38556077739494,7.46370924709027,7.84246474491355,8.62259737926657,8.30562856037901,8.09915766748306,9.10768757556674,"Group3",8.35224772995736
"608","MB_SubtypeStudy_55608",6.51305671915474,8.35981905493661,9.53182258650684,7.33873403711133,7.66578580383406,8.21635534820795,10.4173088234112,8.97982119876651,10.1103898471614,8.84399280240709,10.0114633280823,8.98227707874373,4.57578979810215,5.70966154532692,9.33791398704127,7.49228089487574,10.0348778338874,8.49547152963078,8.18139718666497,9.61932410306785,9.23841959478015,6.55273914600769,8.36432882952116,8.04481703792979,9.02890991044172,9.53059856024916,9.96723632916787,9.82167252231139,7.9547817045258,6.95628494656526,8.61979146844244,8.1778928918044,9.34871166164599,9.77213100597889,"Group3",8.52340762106743
"609","MB_SubtypeStudy_55609",7.86102183665927,8.08116750984012,9.0986847676058,7.07108300778993,7.49383376737584,8.14570395226855,9.88568937467759,9.30435632479535,9.82152684517551,7.76196039219218,8.47112315892985,8.83566514658482,4.26766331409742,5.76883138030161,9.40578048911446,7.91231085299148,9.67712221866927,8.23507530047775,8.09456124659261,8.96780332523331,9.42689557371327,5.98633330634238,8.45429056270953,7.80867332449124,9.09923833151603,9.33942276628401,9.76393656473181,9.93878915837398,8.04587901804832,7.81574487461135,8.3265676939095,8.50501652356253,9.17537723321599,10.1728992727411,"Group4",8.41235377693011
"610","MB_SubtypeStudy_55610",6.32321544722633,7.66366743383998,8.28665528674023,7.49720772644458,8.39790567641247,6.77239207415059,10.6088439681223,9.15198114586737,9.80251651799424,8.14202098761967,9.26699666855129,9.05914731296562,4.62432946064285,6.63243259114176,8.88400094079237,7.52194786280343,8.71930351672775,7.94451681561807,7.67644112836755,8.87834816429395,8.99835279431428,6.26321192233875,8.04748856836343,7.63646459699647,9.29767771188905,9.40768707529404,10.0432128457047,8.95154444935805,7.34514579676843,6.95268506083275,7.83328424727725,7.9933478304794,9.40400102755107,9.31371598806543,"WNT",8.21593207769281
"611","MB_SubtypeStudy_55611",7.13679121339994,8.14493342185302,8.62345073234988,7.62852244166887,7.77323983301934,8.00862659431726,10.4382187488439,9.58120824652639,10.0704661330987,8.25379902923051,8.53423963646415,8.85183072998848,4.67313918522135,6.05832208032863,9.27381585502692,6.25377341105427,8.27795197251056,8.21897764017177,7.90950569669609,8.81166147545411,9.01614455770261,5.723242639684,7.95727546420909,7.70697666600185,9.31921761011353,8.95214940513885,9.9154800640937,9.89322398769687,8.28005566174758,7.42196734958587,8.48718126028586,7.81139010286357,9.53585191052127,9.69579253628086,"Group4",8.30113009685734
"612","MB_SubtypeStudy_55612",6.86976476074505,7.80574024493627,8.3678591687865,7.6224121551204,7.85225925053606,8.07501915141048,10.5550888034635,9.23152421105831,10.0423412787927,7.78128338894659,8.20998855184622,8.72641695343382,4.65857111188191,5.80904173745608,9.07637812949582,6.70998391499385,7.88921692367282,7.90219290859826,8.07141283568209,8.82105689841661,8.84971007161211,6.62230419956215,7.84583067056204,7.55788409806572,9.10612472418498,9.21426774031706,9.9801354233147,9.69122018219685,8.12816460344123,7.65505109379593,8.86010735882726,7.71505375674095,9.05443773196392,9.28525038940349,"Group4",8.22479689480182
"613","MB_SubtypeStudy_55613",6.28264719831995,7.89634026149591,8.74193116791336,8.04958045672271,8.31131141852926,8.137093347491,10.4101569934718,9.57124505801085,10.0303208652736,8.22655345939119,8.44560866295127,9.20133580627935,4.82157141750218,5.78982077222791,8.94857182037382,7.24848261016685,8.81106767588524,8.339580482067,7.84669453528237,9.48524779709215,9.42205955130216,5.86864087241588,7.49501653838374,7.82643125673797,9.53294374199872,9.46169596061025,9.71981118553031,9.90121229826601,8.23310818826129,7.5153225285021,8.98358128026488,7.65561521934295,9.88994581523541,9.56393871142692,"Group4",8.40189661631548
"614","MB_SubtypeStudy_55614",7.29348027116132,8.39510047759775,9.42352297169945,7.27476048827502,8.04289420356755,8.24823626562838,10.1451497955018,9.07273735049442,9.99591165016223,7.92826763292904,8.54068759667805,8.95863190092978,4.1920433640867,6.22819813353987,9.35549210411478,7.30641915481608,9.65893440713717,8.12875546157359,8.06179243929359,9.62732416103954,9.52071074543071,6.21195100057173,8.0602216562608,8.06860035870949,9.21323250033725,9.68352702042136,10.7763887823268,10.0869392052677,8.11705868801806,6.84148953380735,8.6953165415902,8.94373492543373,9.54959449656719,10.1199564486871,"Group4",8.52256063922516
"615","MB_SubtypeStudy_55615",6.28722034658014,8.10622118616451,8.84450928393079,7.81991120138124,8.39014733395152,8.18440355817184,10.7833622682686,9.22994612859809,10.0729492618416,8.33801155272064,8.83084762367687,9.56839799811503,4.45956945408489,6.86222906593945,9.1794971043506,7.86447538358056,8.24332596895048,7.74664601202987,7.62249958677837,8.92373503670515,8.79883414877246,6.43056228327928,5.60445743026495,7.96137671122505,9.44398823166558,9.39438642739321,9.58342371194853,9.37290277520855,7.38494029090236,7.52385818908331,7.92009169441095,7.47942734172249,7.76248876894429,8.81827383016519,"SHH",8.2010857997296
"616","MB_SubtypeStudy_55616",6.8697508595507,8.11985852548773,8.51868819604354,7.6875534052706,8.22786731312627,7.89260694894268,10.6156383105923,8.95418887378723,10.2780503708663,9.29874077448008,8.9497057210072,9.26721995225876,5.06438607909346,5.72959429744339,8.76691311552704,6.97984804042136,8.47655186714522,7.8150045770434,7.59285293598316,8.84215321679532,8.79189230576884,6.18989054265821,8.16060028180821,8.28044721967463,9.11113993446201,8.9846610276179,10.1273091635501,9.41700475129855,7.68272872215339,7.91656880599008,8.67648801354871,8.21426220767954,9.16006706164287,9.14797719425713,"Group4",8.34730031214635
"617","MB_SubtypeStudy_55617",7.23316380823216,8.38412734384661,9.0197371332484,7.12136212711628,7.77394993717671,7.97213172701285,9.77932755552331,8.80690216594311,9.90735404364286,7.99626609906474,10.1041985179901,8.82956105109162,4.4347582762098,5.92884025019217,9.17638306501577,7.58106963588303,9.84880423054944,7.57108020313666,7.69860737953762,8.93454682305921,8.87565000718351,5.96869902221531,5.59111956665745,7.71995829599926,9.01173047600968,9.53512793269986,10.4232601257642,9.42662075497344,6.78003168921481,7.58746661946916,8.03121200366654,8.52908427830864,8.26016500178173,9.59986138394834,"SHH",8.21888701562836
"618","MB_SubtypeStudy_55618",6.02874146051278,7.84156649356914,8.81888873116781,7.06540335704681,7.37291617861364,8.4675919089458,9.90766476013175,8.76511127112498,9.8564904731302,7.96777279060824,10.0836625318155,8.80320973908579,4.48493505328337,6.12294250286507,9.83129160905875,7.5167237854233,10.4336191523635,8.34835200553331,7.77283561940105,9.53240184805451,8.85247890949492,6.15226533314946,8.0376194141212,7.43974922487919,8.21860867999582,9.55622400656872,10.2326007965743,9.81841637870536,7.25473724210044,6.83271732827062,9.84054764158252,7.79852425725903,9.08149956158853,10.1078348520806,"Group4",8.3601748499443
"619","MB_SubtypeStudy_55619",6.57996881777629,8.10928617667123,9.23377386062554,7.15588973398621,7.66844344660644,7.39827667830156,9.76944695852447,8.43365782824475,9.81213227793925,7.50007726256861,8.74832555789701,8.7997756955526,4.43919805893131,6.21293815536368,9.0851742718157,7.45604979568962,9.2101551553763,7.17942694598083,7.60444271342698,8.92941862377506,8.58919843290738,5.6006083491434,6.04013851082651,7.55542086141412,9.15558816045504,9.40847292149979,10.5182942232582,9.08208248920671,7.37805698161933,6.99163551445123,7.7527176552628,8.66659852345954,8.62007628727288,9.19924822805656,"SHH",8.05541162217314
"620","MB_SubtypeStudy_55620",7.18837658367175,8.28243386357926,9.69806985394202,7.39370952460144,8.22277727783221,7.83370067692129,9.88864322824534,8.6235248677612,9.86445519655438,7.82763304159743,9.49409130231751,9.18861831790799,3.68222098934206,5.92279169015026,8.94860709331831,7.75409332142142,9.07458378621601,8.16825777919684,7.85316723379531,9.31002429832257,9.04577882263235,6.14766550934306,5.24954062076358,7.53085421586268,9.36384359766014,9.28317598584596,10.0280089324745,9.23035343135591,7.38658336137857,7.3882325545067,7.66107492693818,8.38080148759232,8.83393454301035,9.24823609193182,"SHH",8.20581952964679
"621","MB_SubtypeStudy_55621",7.06006733456615,8.33568154579857,9.58600909654753,7.54851205796481,8.43462183304913,7.43340201883623,10.1634544225358,9.35051824807975,9.78614044228123,8.73161669667217,9.88119809883772,9.23098022170408,5.03229690227036,6.7494815864575,9.30208475595871,8.38384175973007,9.78800298430641,8.41460925988947,8.00392122142672,9.59110458301182,9.21550826043815,6.18457308026698,8.41789144714372,7.86868430984979,9.678729383642,10.0169704519579,10.3269243209508,9.64221380219598,7.46004647194757,7.89943861773184,8.52808139286543,9.27917204036049,9.73414188703781,9.72741090819508,"WNT",8.67021563072082
"622","MB_SubtypeStudy_55622",6.65976058653915,8.24255358155581,9.16276176627255,7.46703559263742,8.0593110391784,7.36965008921431,10.2671468827099,8.98701662545991,9.79896876426171,8.57762837464022,9.51897886169121,8.97912442587309,3.90577287410622,5.6792017424603,9.35392074736389,7.99704618470135,9.47701157552565,8.27164147950974,7.86554523745689,9.83203335181603,9.07340281831616,6.27722871197285,8.44025397180394,8.02007641955341,9.54338795392861,9.67983961879552,10.8785371399429,9.49826439912898,7.5674525140912,7.32758832429479,8.26060592537111,8.5185139657097,9.25034049060714,9.84873252443184,"WNT",8.46048042826241
"623","MB_SubtypeStudy_55623",7.37991580054198,8.1929495993436,9.28182027033104,7.0591429641416,7.77710889274078,8.26357969019686,10.2021082173711,9.18779831332,9.95494166290861,7.98316397107476,8.32346795527171,8.93983050650198,4.32047953259045,5.72710656349378,9.54904482420116,7.8965564251032,9.69943081101507,8.50923127276902,7.91105253521772,9.54381022764259,9.28302756490613,6.25888212995111,8.39490722209705,7.8879681113027,9.33430267441489,9.57248278306106,10.7160884661014,9.73181013481133,8.07214547390146,7.43281053572425,8.97412788539134,8.50021126067892,8.6024339721429,10.1067928945832,"Group4",8.48736856308367
"624","MB_SubtypeStudy_55624",7.66332630330423,8.42208619425483,9.60766951053944,7.25752246998565,7.90060602392679,8.37466140742916,10.0186855464789,8.85784979099546,10.3183613162748,8.36713444729561,9.24832940912043,8.76418652639051,4.45183688797925,6.37888094433501,9.25744211358679,7.86228310161304,9.38935384983733,7.68728158166054,8.03605266721956,9.70784769173244,8.82298280624755,6.6663930563683,8.08470606680479,7.47422532474726,9.33624263125302,9.57568354760128,10.3265984456302,9.55895147136087,7.39668513932907,7.66008148559592,8.52839684880665,8.67987644560633,8.3412783060554,9.39200540699648,"SHH",8.45339719901067
"625","MB_SubtypeStudy_55625",7.32198352811862,8.57093608371073,9.82181848640634,7.22846187280619,7.89945128621465,8.20677020736006,10.1322062413969,8.91264464084283,9.8385781077117,8.33419142750533,9.40188107805785,9.27336505375887,4.70791933805946,6.45217726027192,9.55740488248973,7.66445172514717,9.52112774741901,7.93692456213334,8.36078022635301,9.51188014885153,9.15931762562393,6.34701234533811,7.81574621877711,8.3881704369569,9.12295266478377,9.64542492962103,10.7428007479648,9.56978903169504,7.68038249090745,7.41119496374066,8.72343241358082,8.71605655267346,9.28677254958019,9.93186730622942,"Group4",8.56458453476729
"626","MB_SubtypeStudy_55626",6.57182395341605,8.0008439493313,9.05957414586681,7.31192549690203,7.71551026405461,8.28114798010384,10.1816220812948,9.07214067832674,10.0228238830766,7.85386857617374,9.47346685663399,8.9497689612867,4.41738852690989,6.07227788315462,9.95441933905154,7.39065804461698,9.56319952224022,8.12746397338252,7.88027618213584,9.31428426325342,9.52052033863001,6.39140913604664,7.39440523705898,7.79862078039766,9.32852581262354,9.3736737381757,10.6003275235083,9.8767344084695,8.00889258116997,7.25529634368817,9.90966210443816,7.20779849538818,8.46746741182738,9.9642379297922,"Group4",8.42094283536549
"627","MB_SubtypeStudy_55627",7.59584037002707,7.99007068912397,9.18403939394651,7.21654535778234,7.60359235580173,8.32250685168379,9.97591511358076,9.14411321352229,10.0895737806682,8.04440803563072,8.79130507325313,9.02319938900909,3.78864049727905,5.76609392216898,9.20399329350302,7.87382610173566,9.46785543905547,8.28765678714796,7.89160471924259,9.55919455059174,9.41018135103224,6.21590429439297,7.26080555950924,7.90643161697626,9.24798316773651,9.48472654949795,10.5952989897543,9.82375096120163,7.94325193217291,7.47525538729072,8.32237262474484,8.13435606041823,8.80275373246461,9.9505252333537,"Group4",8.39392859986177
"628","MB_SubtypeStudy_55628",6.4317521393927,7.67967529835373,9.2416954212606,7.11848706611613,7.92261525564014,7.53985678714039,9.31789498482284,8.57297597649401,9.83699358172402,8.22357651755297,8.75674217557225,9.13716233513492,5.1381003041088,6.71619734841642,8.92673660016946,7.63363449761644,9.31936793174811,7.63057042210698,7.67834529112658,9.16017495052999,8.84568099709893,6.06283002122518,5.23966826313926,7.561740210206,9.25051859723051,9.5869418377449,10.6118386805332,9.10860289471019,7.24364983606571,7.0441530769955,8.0024633989241,8.69768365878983,8.40099618816649,9.30173318667179,"SHH",8.1453251686038
"629","MB_SubtypeStudy_55629",6.8667770680493,7.69667600186236,9.01205248965046,6.63435063182805,7.37053681905425,7.74631571165522,10.1595018335207,8.76466358296688,9.65281440766002,8.64675664469926,9.19945193403391,8.74324558241306,4.55181318195488,5.94742669052016,9.25707886621849,7.30014558216406,9.51880467239908,7.76588025861106,7.06893371248341,9.39558355867738,8.7406816442537,6.30598287248621,7.61941439079428,7.81440990202335,8.73684269047135,9.57318601083304,10.8613560461223,9.40027997692671,7.34070495560457,7.00278493112266,8.69348585330267,8.48135483813813,8.843179986985,9.48944225807889,"Group4",8.24123281139897
"630","MB_SubtypeStudy_55630",6.2214956551387,7.70076168533094,8.88298159537178,6.93602616674512,7.81554273711229,8.22237252272639,10.0481214022327,9.09576514212523,9.76222346061618,8.04684180222511,9.336755090147,8.5976573467479,4.2285221381194,6.53793257952537,9.7331067436756,6.78421001278386,9.53473294917296,7.87130101240407,7.7007332262511,9.37708358274677,9.24012887449477,6.09883346422448,7.81492150791439,7.31565431519039,8.98087469167041,9.44882653985433,11.0104241042624,9.79709729151425,7.79054360670021,7.02232393543553,8.08042004957172,8.08296785148453,9.04447995008668,9.8918233802058,"Group4",8.29569077687672
"631","MB_SubtypeStudy_55631",8.00223964430307,8.69005076502308,10.2192745576516,7.70534811526389,8.61301456389077,8.31171087156829,10.4318338992502,9.28986267697696,9.86149361217099,8.85407549777603,9.07728539046703,8.84117432257736,4.65524891021088,6.07915335872814,9.9302196431518,8.27735307477608,9.57020272214183,7.71400642594301,7.37097455130555,9.89434332171467,9.05667315526115,6.23531237847597,6.00303118381982,7.04656832572887,9.29877632935258,10.3132941593292,10.9834220610069,10.1378555738728,7.77893450162555,7.05483414481366,8.90967194700628,8.49961010306323,8.71136739760383,9.65482014968774,"SHH",8.56097168633938
"632","MB_SubtypeStudy_55632",7.58544823597293,7.87268749553457,9.05676386129574,7.15670901456741,7.95779486578298,8.31755174693798,9.63248037591846,8.52686966507828,9.92463110525134,7.88406916330083,9.12834630163082,9.22013391578138,5.67794451875745,7.92601307537246,9.07251263907903,8.15025197365319,9.3953521514819,7.87185663625847,7.37420765924755,9.52789759575505,8.90025631146568,5.99395753905963,8.29087343906061,7.6104736713328,9.25838510715699,9.58385456919924,9.96678862952865,9.42677989030078,7.13470149378378,7.44963059200532,7.93627620836176,8.42378559444674,8.4158078445279,9.37877027371322,"SHH",8.38323126942944
"633","MB_SubtypeStudy_55633",6.92108537523303,7.73251101939041,8.3663720057297,7.0363562327095,7.46781828615248,8.51189361532184,10.1878450191606,9.15007783392346,9.57439951071038,7.56016873014709,8.57385582278969,8.63827054377402,4.42338449280291,5.86221827769279,9.8080445141664,7.39879340577377,9.83129737743914,8.42433627849095,7.62251279041156,9.60821493526095,9.71782205758226,6.18636931858887,8.3849908729036,7.77851411531461,9.39821075984598,9.29522931309894,10.4097707822312,10.1884070062861,8.06893361149623,7.19746354031978,8.94594580903043,8.12456734071112,8.4013523260089,10.2677993467707,"Group4",8.38425977256675
"634","MB_SubtypeStudy_55634",6.67148244542936,8.45889317766479,8.69345444857279,7.13592384318645,7.38467458315083,8.04655045306933,9.91035694046476,8.60371612445446,9.7303105444045,9.35473451754004,9.23567606576827,9.06286702073205,4.72028659381715,5.7641856996509,9.98941273939363,7.55406201415292,9.71844925772744,7.9698111335377,8.42932674668368,9.83521085809144,8.88916081099905,5.95596604013011,8.65251654251329,8.26641523103605,8.78309360439877,9.68935394408484,9.97090990509863,9.66398217012628,7.64367174498318,7.27393690197388,8.9321285067619,8.4062039493996,9.60455982338674,9.82852285956351,"Group3",8.46558256593966
"635","MB_SubtypeStudy_55635",6.60486290830404,8.02950267454643,9.11687782204712,7.21638628030609,7.74953248513623,8.58031998891919,9.87254647479491,8.76463700549002,9.75804183891996,7.98166439701359,8.97295749528027,9.02780362542612,4.02242622725335,6.0128866814897,9.83781955106482,7.32324991396945,9.63352109884974,7.74465880599904,7.55426036028628,9.24659567946845,9.30028687160822,6.53516652940003,8.42970313972621,7.77190925828075,9.18451534351086,9.33359700518926,10.4372347641251,9.88864530017792,7.67593050142605,7.02921439241463,8.79051481936628,8.01097633019016,8.6886024069073,9.94148297468861,"Group4",8.35495091034048
"636","MB_SubtypeStudy_55636",7.31214642245029,8.29541022081216,9.34755260125774,6.95866809870111,7.77090096515466,8.22457938802695,10.2884997224776,8.9929926304399,9.95723102340421,7.82041097804392,8.54925507344637,8.79558735165076,4.29763822561613,5.67052339871233,9.92968474955641,7.57156186714649,9.51411906836328,7.93575615728823,7.82306557468239,9.32749974511799,9.52426784631225,6.50726246125922,8.61055614031057,7.7642910204872,9.22896401996539,9.4141490455972,10.6965759893285,10.0893016225045,8.0584402617532,7.4397192484864,10.1145899375418,7.80707578089415,8.58111267564572,10.1186108079858,"Group4",8.48052941530649
"637","MB_SubtypeStudy_55637",7.68948859097227,7.48669551839755,9.25386488121931,7.02908367387793,7.99482241781125,7.79993448943492,10.2581972000889,8.49917823101539,9.5036437447098,8.06441932456397,8.90990103640955,9.32656414591472,4.97354067689195,6.34578045665549,9.10672749169146,7.95985361533865,9.27829654685087,7.8157189361976,7.73097919316477,9.70890646824003,8.98856150039144,6.16477278574174,8.31716864879299,7.77143063255677,8.64206470998966,9.30401408531182,9.87649323836039,9.6420655321521,7.57191078272647,7.59439802011673,8.49912597928761,7.80642428591915,8.40877216963876,9.47666496265901,"Group4",8.31763129332621
"638","MB_SubtypeStudy_55638",7.81285156046863,7.92976309725896,9.01501306996536,7.0730075170405,7.82688312404634,8.28290301974745,9.81136873985972,8.32343844968791,9.81839065395523,7.85981298285957,8.42630560106591,8.78457519330487,4.08835407394013,5.9293940782278,9.27335741898771,7.97597962338298,9.55540081058639,7.67782477973929,7.65329988328829,9.35435689435637,8.74900256189962,5.66196504124781,7.34658547032593,7.65382113411201,9.15340381116066,9.62816831176205,10.4435293105135,9.23351991833575,7.55412619627805,7.10452630706825,7.88646642733613,8.12361122191791,7.89479785820703,9.50490686429018,"SHH",8.18855032371248
"639","MB_SubtypeStudy_55639",6.98909444783426,7.89760885417848,8.10272072651296,6.9534379377933,7.51150138107502,8.2839959921823,9.30037208214925,8.46213991645041,10.1456624817464,7.61111570430243,9.53858254166157,8.47912518960997,4.66522473799837,6.03338500652736,9.30475946377205,7.92825342084134,10.0592917727874,8.14546226344437,7.28467596176469,9.50695318211659,8.74915703276877,5.07461368563147,8.13712493330805,7.54096179606288,9.09955516960695,9.49530731355281,10.3295603800644,9.19890147782122,6.97636568214554,6.9788072172646,7.87063640665686,8.17755708938352,8.58371873588153,9.77021303223257,"SHH",8.18193655932734
"640","MB_SubtypeStudy_55640",5.93290761879713,7.9719667337799,9.0908099832664,7.16959430838462,7.79542088174161,8.25041125263465,9.81129194557176,8.78695429710867,9.79704659851242,8.71782202434922,10.0094253145226,8.74835863345401,4.83642966154578,6.03467670095903,9.56365833261902,8.27456777813052,10.0326330031579,7.40286947608064,7.33912983265062,9.93974274299876,8.48965063537897,5.99445061032085,8.07775719240263,7.24983857780318,9.01919972464915,9.81989912869631,9.58378814423055,8.93411568911916,6.521571035419,7.2760913568104,8.31761790482592,8.52747069851877,9.1654259715539,9.49179322933315,"SHH",8.29336432409786
"641","MB_SubtypeStudy_55641",6.78639258256611,7.92713939002405,8.85231485753324,7.01830475580662,7.76950826905946,8.60242326810659,9.62451121529331,9.12774312740332,9.56744643581481,7.6145939495767,9.38944629103202,8.76448348084703,4.74646096729151,6.08046219753066,9.78170295466895,7.39710787520024,9.32658715081623,8.11497655956,7.48954828357398,9.39183521534736,9.46648482023196,6.1163986515274,7.97623964028895,7.72826653799914,8.91576094168343,9.17449479870994,10.7942506264892,9.98619489973776,7.85186938830544,6.80536192533261,8.08688191672685,7.80597111094865,8.15572996996574,9.94743657683455,"Group4",8.29953913623041
"642","MB_SubtypeStudy_55642",6.16133207087184,8.03191341950894,8.68425487860722,7.11592757637872,7.96894061386169,8.52029094091274,9.8886340451266,9.55736594854292,10.0618560177834,8.73723241182899,9.65042050323786,8.8617010772343,4.32948791520809,5.66936969959649,10.0832829589341,7.6572566771695,10.5164699332335,8.51229807945903,7.97813087092453,9.40532521814531,9.49359570700511,6.42794677043579,8.13652611867901,8.35715498815226,8.83210354914765,10.143806237603,10.8113670569293,10.2210323352092,7.66340049497236,7.04774594752121,8.38343999766239,7.90805887925421,9.32250420072917,10.7410814010165,"Group3",8.55533101590832
"643","MB_SubtypeStudy_55643",8.30683290073022,8.3878949187461,9.25402568483074,6.88747634658256,7.7900392712529,8.03430181072709,9.83475122559256,9.21911164911868,9.79244627213101,8.17759061093948,8.65574824718471,8.80796525890086,4.31728485057892,6.04980050380997,9.55278931663037,7.93740239715479,9.60714765559396,8.21579144069649,7.91379360791804,9.39301504333744,9.22943485926593,6.23859742217294,8.0584876265408,7.63504788834922,9.39181179335766,9.62487320050339,10.6487618792697,9.92316070604642,7.72984183243338,7.47881065549828,8.86577600744296,8.75155179672064,8.8436249695879,9.87227954740226,"Group4",8.48315497638378
"644","MB_SubtypeStudy_55644",5.9396754486476,7.959644185463,8.52395482560238,7.06792869157098,7.46792281142573,7.94005604197516,9.94537428686491,8.59927638570572,10.1045402127726,7.91658932743168,10.4342169429255,8.54827913103748,4.58356417889299,6.00754575995712,9.44037802451882,7.85091308905993,10.2741944680261,8.10083255913006,7.48082873656742,9.50589169424879,9.05959323793564,6.27645788340175,7.9994078401189,7.61089529569096,8.58145467233341,9.78286199750219,10.1459016712429,9.69468720110405,6.98984431689065,7.03113646589509,8.06923977250178,8.47056189368121,9.45653461709097,9.96629008309301,"Group4",8.31842569853843
"645","MB_SubtypeStudy_55645",5.63940469262498,7.84484409768658,8.63012118749952,7.19612565213229,8.09680157366579,7.69325572386292,9.98544406022546,8.92635355819585,9.98356034796224,8.51419629697382,9.65776665559849,8.91613519530934,5.8183150711652,6.92169931951015,9.91033982974056,7.35640349884531,9.33180683876524,8.15045065571114,7.90139056019057,9.63411506615505,8.96806995361239,6.56794027438959,8.22833184184189,7.65424804869305,9.24149634295595,9.2160200666758,9.83007315103278,9.73367972205729,7.31138870930933,6.95825377795011,8.33054769710004,8.28033798455247,9.45183835872493,9.78923854990822,"Group3",8.40205865766542
"646","MB_SubtypeStudy_55646",7.11544450903119,7.79879061065866,8.79953504613387,7.01857154158044,7.78533542062129,8.05189333215846,9.78123722418147,9.04265959380084,10.0293780021745,7.72972142267746,8.31458417345257,8.87841005123189,4.68174590446916,6.19609848532354,9.10231407724116,7.82794670320783,9.3846036155507,8.50229242699515,7.67002513904783,9.51113397144429,9.16630787410189,6.04365804182501,7.95740570557959,7.50621701512164,9.25793103181925,9.29815387528012,10.101502462263,9.93989237124141,7.5714264352042,7.15707306403832,7.91834470620993,7.93832346587464,8.89659794260014,9.7210691391363,"Group4",8.28516542297876
"647","MB_SubtypeStudy_55647",6.317404071504,8.01689162888218,9.07300525585199,7.06310962959953,7.89399477542142,7.62716779662763,10.2091771736268,9.16049771595216,9.91732433034607,8.43867400581044,10.5104183087621,8.93263006518443,4.44170064447104,5.51616536587769,9.29817018188739,8.25976679087015,10.3785580979021,7.82884778671342,7.67028391400649,9.55321005223103,9.0301049542552,6.28772206937888,8.35498263343296,7.7455380517995,9.17282444271868,10.2043702222127,10.7131035541572,9.61530827612084,7.06573693271075,7.26825527992182,8.31616123006961,8.96354894416411,9.49276840389014,10.2013231586145,"WNT",8.48643369838162
"648","MB_SubtypeStudy_55648",8.07101744326198,8.59507163689384,10.0821607047391,7.97030754653183,8.88731623483591,7.93359658876326,10.6911383593433,8.80543319681795,10.4386421649788,8.89877679854384,9.37831055928904,8.87654060113308,4.15849812497018,5.80339325355312,9.65113569006622,8.2713128168863,10.2720717103853,8.12257704244388,8.08313373111778,9.31208049488496,8.75461324832898,6.86133560525015,7.75047625277947,8.56240151232637,9.5741540591004,10.7223827394061,10.9781584695531,9.40444104327923,7.47999733902092,7.82143569248902,8.77004050835478,9.15997484693465,8.72623045634808,9.09634120557899,"SHH",8.70483816700558
"649","MB_SubtypeStudy_55649",7.650397217124,8.04559049463272,9.37288152225469,7.08763740524826,8.34255489285343,8.31654541079569,9.73327906334519,8.46188109196721,10.0541665880617,7.76242962592184,9.4470540034027,9.29577386811586,5.83294447567812,7.38251147043761,8.88109572116168,7.71265904131728,8.97004574365027,8.0964960219138,7.33343931889991,9.30294340798127,8.78977566181339,6.18240826108565,8.202539478066,7.73066027620895,9.32646365410788,9.7449935026704,9.94180433033293,9.06706361869139,7.20499943303612,7.24707094357629,7.76488059380419,8.35517563896002,8.17815822756416,9.20947000640382,"SHH",8.35375852973778
"650","MB_SubtypeStudy_55650",6.52294620133758,8.02294959944166,9.07409044954388,6.91729434850672,7.82686871488159,8.18858545677498,9.74981951875428,8.97143123417869,9.57301328947244,8.02551833223128,9.39297809905472,8.77595244902729,4.18672569855035,5.69651791095259,9.32804610827138,7.20717486630463,9.60984900724117,7.90760113257618,7.59148456823517,9.45056171715752,9.06279294333164,6.07232821068776,8.04614393783828,7.86009537779031,9.21203838687902,9.66341529901029,10.594847365371,9.89557724065363,7.65949949148834,6.82468851188806,8.2967423534498,8.5425112390256,9.24956681064631,9.79286185710117,"Group4",8.31742699198986
"651","MB_SubtypeStudy_55651",7.14036327254792,7.99637000051244,9.32632727509018,7.12915504936527,8.1552647731481,7.99489770573534,10.1469713945793,9.69846876175423,9.71794708042289,8.20723065019434,9.41019702549701,9.0588614454626,4.35933056324529,5.49215340277992,9.32225024873198,7.94494083513373,9.90626515543051,8.74134329300914,7.65919561142253,9.59172026603064,9.83357482733628,6.45867297992048,7.01733777894405,7.96933809947132,8.72690233300253,9.90123567447016,10.8801980079194,10.3878731346967,8.07284087636885,7.54392080006634,8.71313957822899,8.01459817479104,8.79586264601497,10.2938102686183,"Group4",8.51789879382185
"652","MB_SubtypeStudy_55652",8.08257922770128,7.8895685282353,9.31340003941231,7.17197304022306,7.94097595929171,7.87979926453939,9.48476954761294,8.75801387746253,9.82902981962886,8.10449837780305,9.31660192778226,8.87183981587846,5.96658548120505,8.03695845455748,9.47661040652962,7.80860193329285,9.64293127151118,7.85871167866072,7.56282093563795,9.61984863659105,8.68810684898703,6.27628719638147,8.34964858758446,7.86304128195273,9.32223105243242,10.1510312138896,10.3897236033639,9.56408468725383,6.93640690717326,7.22875576262249,7.97851883416335,8.72888924678244,8.21344108204783,9.69734232780841,"SHH",8.47069490752942
"653","MB_SubtypeStudy_55653",7.18988349706099,7.85013074999172,9.20550848438749,6.99387545930832,7.92793236092626,7.88320819224418,9.93265022264074,8.94183235910188,9.67170112972547,8.25864095046152,8.28772082996495,8.88984447693502,4.47271647760611,5.48241767504958,9.03589501361424,8.03749964529704,9.60013065752551,8.12980128641189,7.67482653778041,9.66183180895124,9.36416171136444,6.17191777396486,8.20171371358823,7.8006953826362,9.1796699723095,9.58333753952992,10.1279444456717,9.96354818160713,7.9091697621441,7.30787737834708,8.542444652101,8.46567987676592,8.60850616446541,10.0421988848083,"Group4",8.36461509571436
"654","MB_SubtypeStudy_55654",7.25014329437134,7.97229316736656,8.65945309824398,7.02916687952138,7.82956406397694,7.95585785760867,10.3947233432219,8.75064530080426,9.95474844599862,8.12649155771685,8.6704903819696,9.02277019366328,6.2896437986834,7.32327207821498,9.3404578228978,7.64949081304888,9.42886676693774,8.09393244426693,7.83021929941586,9.46125059092002,9.18117207359519,6.72051405505445,8.1568829027953,7.98284133291544,9.16100142716293,9.51841803401571,10.0751874879704,9.46908968768209,7.33006994497407,7.53202563831326,7.89592210983477,8.54244596812311,8.65970114969879,9.53742896695002,"Group3",8.43518182288043
"655","MB_SubtypeStudy_55655",6.1871515154813,8.41057872774911,9.10529090791096,7.30060864455502,7.69402070249501,8.63895696137937,10.1390254227563,8.81595750194874,9.87654126056713,9.38318179731118,9.10661714011396,8.92107336674769,4.53662188012894,5.68778706854636,10.1089249270434,7.92927571887554,9.80842867265286,8.1366598567585,8.41110926561044,10.3093750543909,9.16210180295092,6.61406763865113,7.88136021492929,8.67317211192522,8.61875874573644,9.36774384985011,10.0026201946122,9.94142201814391,7.80184230010508,7.30647007064028,8.98819477377539,8.67940208688457,9.92342949024401,10.1099959700367,"Group3",8.5758166959267
"656","MB_SubtypeStudy_55656",6.38265844698587,7.87886073322748,9.778165093442,7.48994245048396,8.20257202086708,7.86716951448145,10.2568523708335,8.21446069005985,10.2817550974117,7.40516242945703,8.39862214572758,9.91401503390729,4.08331189942044,5.80117427516666,8.90237615511292,7.59232115081337,8.85493009345714,6.73241367786841,7.13052362359795,9.29656080473523,8.49595658946028,6.24662541872865,7.85658279652933,7.36007640688445,9.20189210165955,9.43851965717018,10.680302878443,8.86624165077162,7.85728454349526,6.95012128254442,8.08410315994883,8.72162663692204,8.66535142381609,8.47844883859598,"SHH",8.15785238505961
"657","MB_SubtypeStudy_55657",6.83088552841684,7.97598623293458,9.26342530731116,7.473567504469,7.89012006521773,7.67019650932328,9.91778025113339,8.6113120100607,9.73160853682061,7.89317605009164,9.02608677014454,8.99034490082017,3.99007236381789,5.98493444603944,9.00081928114134,7.76063770309235,8.91350314520631,7.73750145106681,7.59560920429883,9.15047833698557,8.82480562748806,6.54389836205278,8.7885900240727,7.61659039324755,9.14275016054215,9.31796478988796,9.84895795412733,9.21808129044184,7.34779215292166,7.25922270222569,7.86360591803234,8.81430310022756,8.67488326478012,9.05028755438823,"SHH",8.2270523203773
"658","MB_SubtypeStudy_55658",5.79429382627618,8.41157306125328,9.38768966461445,7.12240455109293,8.12773704326585,8.12312667912518,10.1852556711445,9.26566613188392,9.64856241592282,8.78915373121521,8.26125977978689,8.96836700685814,5.19560433562508,6.06105773513451,10.3658098734548,8.08733620928244,9.79180977210132,8.25562959316963,8.21919427124746,9.67134083957116,9.55155202511606,6.18477810006086,8.02669723407287,8.19489775914461,8.76079921307922,9.65381703143634,10.6016203201007,9.97068471364253,7.83286219081294,7.84247972386091,9.42741482869379,8.77647444050306,9.67888845533451,10.1148993342249,"Group3",8.59855110476791
"659","MB_SubtypeStudy_55659",6.79579265355997,8.11316329062333,9.23929788051556,7.10802138590116,7.42492960530807,8.10207338889695,9.80487242530258,8.8083956234532,9.45109439042599,8.43697893859076,9.65975556835727,8.64074082755943,4.97354315010632,5.97385623240518,10.136767769556,7.65178840046999,9.59016876879345,8.11520448743187,8.21061665736114,9.35517912676818,9.00920953114952,5.9339149144387,8.12985447917321,7.79959152352768,9.20216818989754,9.30180655886258,10.3647297833137,9.67255442131803,7.70050661286534,6.97689173184882,9.39182399403459,8.57652008034752,8.39157002802052,9.9102954683883,"Group3",8.41040229084037
"660","MB_SubtypeStudy_55660",7.07001337019272,8.21995234300637,9.369450133043,7.10527029802756,7.89372636306078,7.19648853974991,10.2636699273894,9.08495351441115,9.68077205333477,8.28500480131872,9.62761727664681,8.78907855984322,4.23705054571636,5.48675491879427,9.46821262378625,7.85064214001756,9.88147336952458,8.00642231842229,7.59262483903937,9.47839246689094,8.85729954549717,6.25437641341341,8.78891811119996,7.79001475610701,9.47233780952512,9.81610699852398,10.8247530446812,9.51730839925317,7.31498282258863,7.61294237830207,8.48736159437574,8.93965814501654,9.20104338139137,10.1162907768981,"WNT",8.45826366408793
"661","MB_SubtypeStudy_55661",7.02890273451708,7.91845444000207,8.8802576671275,7.18235023435261,7.91278747348758,8.13389857270947,10.0651484421149,8.5914995061593,9.6480310241393,7.85351268401577,8.90385493301011,8.95801721454624,4.0658710609523,5.45390359367331,9.7308582633344,7.74761236148076,9.12316885114107,7.60719517759081,7.75413029947631,9.51011154801898,8.97414908711317,6.13115750585695,7.27699575728621,7.87508654424021,8.80466108264581,9.1847884730323,10.4860318152007,9.46564323405868,7.70041138433833,7.59062623417459,10.478236728467,7.54842942170083,8.54400982408263,9.44737136087757,"Group4",8.28168130985073
"662","MB_SubtypeStudy_55662",7.00100469410929,8.36428198401449,9.27333267252417,7.33769456148048,7.88593732677175,7.36810746146713,10.0741641861213,9.13845986835274,9.97438742909349,8.66179106060515,10.4037770838073,9.09890776961643,3.84852414749605,5.19473622694331,9.59754715481151,8.29146500341591,10.1506549284874,8.02645852002723,7.9014271205981,9.57559528983216,8.79724614987755,6.38099285073442,8.75040170783937,8.01215155881939,9.39885041611502,10.1446821596227,10.7665883015363,9.56753994940587,7.30400331287504,7.44773191717317,8.71894035922207,8.74804709062664,9.22768859633032,10.4854687879877,"WNT",8.55642904846297
"663","MB_SubtypeStudy_55663",6.73877593010562,8.38974404632832,8.61046308191549,7.21086366987395,7.66698714849165,8.70801113143809,9.95533978485173,8.88553421689445,9.41088091415419,7.85823418113792,7.76935736023497,8.93419615492843,4.24979379652758,5.60910506685196,9.65555385016393,7.67629239538525,9.82451176160382,8.51245464972371,7.70049013754028,9.60347773536477,9.16371108336692,6.20831729111292,8.70689047446478,6.75236736028812,9.49376908783208,9.2608275134966,10.4328980473859,9.931001031149,7.66436836435524,7.68848349210089,8.82096579972147,8.34078845249945,8.98266683271109,10.2748149921643,"Group4",8.3732922598872
"664","MB_SubtypeStudy_55664",7.50658317881165,7.94173898090882,8.55923391717863,7.61903684542972,8.47562695220046,7.48385850128562,9.8769838643975,10.2482358912074,9.97575295099359,9.15422044283093,10.926213787158,9.67572057675218,4.97663506922727,6.34417165682971,8.80660804147009,8.45517186536064,10.1319711827976,7.97479142510131,7.0462533524508,9.02799261349728,9.28152627620947,6.26478196075702,8.21874498059755,7.45968083904229,9.51018842006317,10.6900401304709,9.99462429116864,9.43172432562645,6.96987592321163,7.86479416504237,8.19749785822175,8.97226638118509,9.81088051776181,10.052945707935,"WNT",8.6154815550936
"665","MB_SubtypeStudy_55665",7.94963878894804,8.19706137033302,9.23445215433204,7.30895083820983,8.33161201204263,8.42513389026664,9.85356793387181,9.39453684175751,9.78002868003819,8.522941359961,8.74773135256527,9.0966657451041,4.24191614474641,5.81024207664895,9.42896210584182,8.14706745502946,9.41503768335355,8.6576278674064,8.12501885056615,9.6104305176181,9.43841609759825,6.59736749874311,8.30669624332073,8.14170533580693,9.52017267199252,9.86800372726179,10.4934397594362,9.9727834392104,8.05981670170162,7.73031093383691,8.98621797087855,8.38181105647258,9.07761269311328,10.1343946070761,"Group4",8.61727565897323
"666","MB_SubtypeStudy_55666",7.36719057690381,8.42000353367401,8.8174017047562,7.10737418316947,7.79271661498565,8.55732065023657,9.67243064383498,9.19984346048052,9.53886107037477,8.03210809940273,8.60034679016938,9.02599713862132,4.64164190247098,6.11922759264502,9.64870037907899,7.82213075679791,9.58197312532321,8.69662142781725,8.00078248012353,9.46317001195289,9.23680840209188,6.49193985462511,8.63607538595127,7.72291109879733,9.58782262410827,9.02927349738069,9.71304445252846,9.92636239500425,8.01733927008317,7.3890510274623,8.27320075435308,8.32118143250451,9.20557411324039,10.4377148227855,"Group4",8.47335709628634
"667","MB_SubtypeStudy_55667",7.99078276019707,8.3135189739177,9.54977835536101,7.21796788646061,7.87655818343497,7.98115898651703,9.87423845542288,8.59844822227017,9.66425537451471,8.42244372396656,9.18558554369303,8.53380650711079,5.5249557567251,8.03678556101759,9.47462644540412,8.01626235762955,9.45495167054068,7.9485097851173,8.06744116303443,9.42916782695263,8.95104961514297,5.87324863332723,8.38776203358947,7.68464922741494,9.32070221611005,9.46008481960005,10.6204672594676,9.49393543188679,7.19453037297639,7.31794415831483,7.84728755788877,9.12938733001065,8.88580015021616,9.56790820887274,"SHH",8.49694119276784
"668","MB_SubtypeStudy_55668",8.22471679588136,8.31309752623516,9.61393881097581,7.31078787391187,8.02827883077159,8.34266674938226,9.92305286903772,8.85726324062337,9.81232320886646,8.53714246788871,8.64090577440638,9.0855721861006,4.54664678849053,6.49748683320724,9.61329573021011,8.31433863901008,9.38552917336212,7.86474904911817,7.70503537685959,9.60047590212876,8.91337228665978,6.20054057031603,6.07918006036574,6.99537470104061,9.41866026701139,9.81110598361216,10.4810160440199,9.71749923858298,7.48443225241434,7.6113675644612,8.11819186837647,8.7038274378953,8.24737879991605,9.78319078650606,"SHH",8.40536593198959
"669","MB_SubtypeStudy_55669",7.47643017520178,8.59120024450479,9.59848048681399,7.08281527879579,7.84467154049137,7.87442342766281,9.73173782668722,8.9486478563372,9.73554663777273,8.31064363893676,8.41886918571952,8.77136983236698,4.34743112050522,6.06353203604427,9.65382890167082,7.90609395267003,9.31057799180253,8.5940563899307,8.09590325739173,9.7639825707932,8.89246110885559,6.71028426947902,7.93856956058508,7.66564320372655,9.02226630767398,9.24206592866896,9.97264953773258,10.0627944159737,7.81194198204553,7.60168479567139,9.55856831748778,8.39837282162234,8.9312809786601,10.3877642386014,"Group4",8.47989970055539
"670","MB_SubtypeStudy_55670",7.28790842057219,7.82634026851313,8.66008547566878,7.51964280158386,8.00604980100913,7.37564468939375,10.1417555823526,9.24228643828341,10.1510685597048,8.43780189105705,10.4700117587256,9.0005180007099,4.60432781520262,6.25790588295578,9.19326202549485,8.36896852357928,10.1475101841979,7.80888113720572,7.24059859831446,9.2824198970985,9.17370872011699,6.18686610638777,8.59336325286717,7.84291750221456,9.31706008239764,10.0925866444781,10.6113419684365,9.42590231183914,6.818593858927,7.23603609772052,8.27821272460305,9.01291432402467,9.3749216231566,10.1404987934948,"WNT",8.50376211065552
"671","MB_SubtypeStudy_55671",6.62900613086197,8.07969513502611,9.13870070324712,7.34687270988357,7.94173413870453,8.3438443954073,9.73928566581298,9.26752593780045,10.0014494216363,7.99494397127502,9.46369927920525,9.43098948161758,4.92736520672326,7.01914433101429,9.94633367975353,7.88114366871202,9.43675851248646,8.77423512731963,7.52314034973366,9.79718870661582,9.54150137329127,6.73454488252059,8.33852591181887,7.97081720925463,9.38911271742716,9.25969880560547,10.0751691343169,10.2695860701248,8.12971449868242,7.77114315529087,8.30405570224305,8.32065340489908,8.73437931996467,10.4423566167451,"Group4",8.58718574573593
"672","MB_SubtypeStudy_55672",7.47053776514428,8.26681616435732,9.21433010285547,7.44208838166723,7.94259255148921,7.72212680366561,9.88931065288367,9.34622351871817,9.86604543857252,8.8796906237846,9.6967017381464,9.35040840192266,4.29538516358165,5.92088051012387,9.22021757965167,8.34990633425159,9.49867169909758,8.04815927965185,7.80875819208502,9.55399294592678,9.0656131357351,6.09051740858214,8.60400137920194,7.84455929066741,9.63355721989849,9.98730173702065,10.6123690043851,9.46155874161243,7.41413834061775,7.7187800739472,8.73602181261352,8.28475125705072,9.15960082799682,10.0593864361554,"WNT",8.54279413273711
"673","MB_SubtypeStudy_55673",6.8167817155466,8.3168262581275,9.42839524502543,7.37838983859109,7.70104806772469,7.57073678838178,10.1045042592714,8.9836532582645,9.92476811179738,8.94405814758962,9.57496071257356,9.1014119771305,4.05372675002842,5.73440314638125,9.50312670431533,8.28632629470846,9.58619954300847,8.05515558050256,7.95801290093935,9.54530947204285,8.86517487312114,6.36699222563943,8.84839064066399,8.03075195855039,9.60982561772651,9.83081042304102,10.6879916209402,9.71533526686154,7.42354752116479,7.69103741291002,8.76118378336591,8.51889841783417,8.6082973593076,10.0869911634265,"WNT",8.51803008989718
"674","MB_SubtypeStudy_55674",7.60967411502496,8.01838197120855,9.45094307595361,6.83584096779255,7.83958877951358,7.84118212355948,10.101095920311,9.14214193211107,10.2220374809039,8.11586901806185,8.25604168868351,8.75986105533061,4.46623176323292,5.99728551017962,9.35948505680408,8.03534273203766,9.65038855673447,8.23341374066688,7.56145992478996,9.69663080216631,9.41235160099546,6.18761203422066,7.71393860929309,7.76848677386321,9.41884476311398,9.57678061720867,10.5963600924363,9.99407077181868,7.9940453072381,7.27893195207628,9.13615020829929,8.28223286334932,8.402781211678,10.1359123129075,"Group4",8.44386456863427
"675","MB_SubtypeStudy_55675",6.55199733710983,8.1620253908294,9.31903557635243,7.32051640325361,7.7939108066597,7.97472754744951,9.79318819600474,8.85316754676721,9.56561361422445,8.63591819787383,9.77495551620066,9.36245391017031,3.92577955496804,5.72251808643457,9.22311932800604,8.26544665134595,9.99117137624394,7.96544414123502,7.94709784128203,9.46738580315618,8.61823044406644,6.64358844555087,8.8303053533011,7.95085298155419,9.23041199379834,10.0791343944081,10.5185478038996,9.72876010211143,7.25170643775806,7.48513078366671,8.22255395747918,9.2861383548042,9.13646559955057,9.94868654679096,"WNT",8.48664664777374
"676","MB_SubtypeStudy_55676",7.57794491862438,7.60571528811934,8.81413385261975,7.21187317617822,7.44179714906197,7.39219626014841,9.8084138700354,7.86166918758924,9.4102305476831,7.94635247847079,8.65276059184506,8.96031093965212,4.43962220215247,6.02762229590483,8.89312755203889,7.46283803988875,8.81588151018526,7.17644252781978,7.63531985337832,8.84608388450275,8.55236786328083,6.04062187835632,8.80244268901012,7.56140167788451,8.92688525356924,9.08464140312992,10.0504135518334,9.12344132192142,7.07165675440557,7.30377731088663,7.70486924864119,8.74778060787475,7.95967775667679,8.88709704820824,"SHH",8.05286501445817
"677","MB_SubtypeStudy_55677",7.02552249533106,8.09380244796296,9.16244238971407,7.33643609622212,7.77161679226511,8.12215972941991,9.99124278649897,9.2863659462101,9.78148437234303,7.81477988490147,8.60235672863594,8.81390127791807,5.10018695337338,6.60530710734488,9.25623748212541,7.68273853032956,9.65114923996817,8.22068701908423,7.60314619721931,9.27880824936266,9.58629338216505,5.90440664385263,8.11335920647515,7.73045510252788,9.23157689638933,9.4489116206673,10.4589529967342,10.2232812008078,7.95135635502679,7.30962646018025,7.95405449835595,8.75036251117186,9.108225868141,10.3255105827462,"Group4",8.44990426621976
"678","MB_SubtypeStudy_55678",6.17835372355784,7.66512689227865,8.24625281514335,7.00441060140578,7.55130366221844,8.02636984548973,9.87215930863166,8.47467556353169,9.34138107592734,7.90713247027099,8.47785129551609,8.50770043820517,4.76145358431243,6.02279202566795,9.63523870795173,7.67926714919723,9.59374213376249,8.51507596177037,7.47802281450881,9.44190370201177,8.81013854102599,5.5387766754085,7.78845050724768,7.39293771477881,8.34761467210768,9.04470972451642,10.3708381082128,9.27858528083977,7.73545030492704,7.26101892234034,8.15313973227899,8.09556277247105,8.86682213005776,9.563017717052,"Group4",8.13609636984189
"679","MB_SubtypeStudy_55679",5.80427367041179,7.88290929991469,8.81130262415663,8.14271647426836,8.21180779079433,8.10147722626969,10.3032578500384,9.45604919656746,9.56774474600705,8.68563121021842,10.0194108533754,9.84169282233781,4.53600612100435,6.16140788322395,9.63388217657608,8.18810218234022,9.57915956814919,8.6232924518915,7.64548234222834,9.5217199787973,9.60735216687651,6.79682964056301,7.54607463630988,7.71533858417766,9.68137750956219,10.2237128782954,10.4946956695797,9.73923217274312,6.84506944604742,8.22508171283514,7.94923282077401,8.49887295121559,9.94028629885962,9.92020767681654,"Group3",8.58531443038902
"680","MB_SubtypeStudy_55680",6.19524486755022,7.9156249011122,8.97975076206828,7.5342211494484,8.22266828416829,7.16694202703021,10.1197264067474,9.25912056988076,10.1781050620452,8.58156978676673,10.541529994892,9.09457137096186,5.29622387578152,6.78007630812666,9.49026194756861,8.26960897543314,10.1545999242441,7.85111199597478,7.3001228886353,9.26926282187742,8.89880390738821,6.07947094832908,8.42352035642553,7.78908250502794,9.18785480689385,10.3124431681396,10.5602114013242,9.46692734426649,6.75375025845363,7.26010610798518,8.08849946643636,9.50968490773631,9.21804980949422,10.0586224509527,"WNT",8.52374621644607
"681","MB_SubtypeStudy_55681",6.4923298952491,7.86820713500178,8.98282055373764,7.44225098979266,8.07088716503466,8.08272939547829,9.60606751329675,8.77964203575376,9.93577190517508,8.13622574461173,9.35960467261866,9.10032304041304,4.48964635866376,6.41087228423618,9.24299041387731,7.97785222852095,9.71272580835221,8.49901615884719,7.39993398813848,9.77787252818478,9.20063119213614,6.2375013041658,8.06498116444794,7.72041121944723,8.85246740820949,9.75022193273364,10.4667063806261,9.46849832415736,7.69737056088683,7.43215687716856,8.67568794382364,8.23327386428613,8.51791557853251,9.55441593317783,"Group4",8.38941204408186
"682","MB_SubtypeStudy_55682",7.140116193665,8.01555547763237,8.6904536811181,7.07588938542302,7.61591576396009,7.3342775637107,9.8752688528719,8.86594066155121,9.94243420100567,8.71042328486946,10.295511704485,8.8640639982768,4.36267439783796,5.38920864790142,9.0217649603828,8.02089240662326,10.4838828094697,7.69849447293075,7.34040092615614,9.18768206346647,8.70546883749493,5.92933251893467,8.14774354226442,7.63462751463542,9.20489931957464,10.1002356900981,10.8126366207155,9.08378298665884,6.77935320718091,7.21654393151774,7.82363359980345,9.04830374365941,9.32361772656173,10.1122137583447,"WNT",8.34862483678771
"683","MB_SubtypeStudy_55683",5.86766990055309,7.64773812585844,8.43241826665554,7.2389000478367,7.50947569869093,7.67022057250974,10.3776362885792,9.26992230957759,10.137265153367,7.84642055364559,10.1887040867317,8.44168714744497,6.56419125251866,8.345060548545,9.48927021279657,7.81800527774196,10.278993060795,7.13744802701508,6.46005192530208,9.57890640342859,8.84502051369514,6.36690413393498,7.95677326762754,7.57552064095437,9.38333131891081,9.74542072786504,10.5446412434221,9.38752825631693,6.71180111513288,7.49142387687833,8.31572948877881,9.61318895937326,8.47525700018564,10.0676292499928,"SHH",8.43471043096065
"684","MB_SubtypeStudy_55684",7.97329965498369,7.54334867989707,9.46578123962161,7.46579980691684,7.65068809145645,7.97326894897742,9.81700599098665,8.56720113830776,9.69708668928969,7.99286545375742,8.51073955283974,8.40589258503136,4.19767826451698,5.81477187581934,9.13092813597544,7.50215334925339,9.41553146736627,7.58737464976773,6.82085693466096,9.3835133012231,8.75122042738548,6.12012387992155,5.59385380592274,7.88935167977767,8.72584074995603,9.59162162919508,10.4659487735646,9.21509661365449,7.22073892267689,7.60600057892153,8.02460090490966,8.61394306562148,8.1924875668111,9.39478830264961,"SHH",8.12710007975344
"685","MB_SubtypeStudy_55685",6.59236420014509,7.84950375326193,9.0813046835574,7.31022916478614,7.77417185982745,8.28584875029951,10.1104286286173,9.01323652932699,9.65930642907112,8.57063858940292,8.78961234940146,8.75291501243516,4.17688317446119,6.20935263860987,10.1455314290788,7.0538620859382,9.44059655849012,8.17549928471896,7.58897068658129,9.80061642197452,9.59173108852124,5.93310901551294,7.72094204052206,7.53909965754324,9.42568513586779,9.63623714811388,10.3284260893416,10.3310273111451,7.84894110195466,6.8370537484612,10.1554530386806,7.56018628472021,8.24907719542546,10.0895988854773,"Group4",8.40080705797861
"686","MB_SubtypeStudy_55686",7.86716905361589,7.93084949615382,9.3876967670596,7.33946685702607,7.7511983428812,8.23916362702061,9.53365174584126,8.60989824100166,9.78867548708849,8.25467376658777,9.28156523640018,9.07559568366907,5.48534541109936,7.75359674321148,8.97693545248316,7.7546700106643,9.23364830511032,7.83152624395552,7.76365446531275,9.61398294519549,8.55700119483126,6.03476591447955,8.78755712672051,7.77959962124139,9.19242148935656,9.66539405869155,10.0942881668776,9.66163464120984,6.93782367068955,7.51726399862595,8.08631348064743,8.53517713270245,8.10719168192368,9.34594306746992,"SHH",8.40515703314251
"687","MB_SubtypeStudy_55687",6.14876061060239,8.05044337469381,8.98416844690342,7.18517896700455,7.97781830701346,7.98912006463543,10.199815442848,9.39877647059503,10.0222472406996,8.27950909423562,10.2584236383813,9.00597984049816,4.91852589097057,5.95031602763945,9.6544715943837,8.1582250679802,10.0795735984443,7.73445070838035,7.3704980074781,9.53042526040347,8.85860130096178,5.92042879664171,7.93141059354497,8.09846724479912,8.75449063496906,10.0174468180597,10.7510853554489,9.64913728491376,6.65758458393731,7.25498303012169,9.18354603702173,8.2236588861566,9.15769056301195,9.74402959279192,"Group4",8.44409671694621
"688","MB_SubtypeStudy_55688",6.94562902105362,8.06968177080893,9.36349671843027,7.3051714307027,8.12807509526058,8.3541640110807,9.8996538877269,9.14754344024656,10.4663773162138,7.82016239205156,8.56459465850977,8.8355033673461,4.27048147462772,5.83844324581289,9.38795593932975,7.3191967920297,9.47527302936884,8.55259238068327,8.0677041141861,9.5121683655332,9.30385926991291,7.19556164911702,8.28954741252105,8.14920263010007,9.32743734890158,9.34362968381395,10.4890004371022,10.1467599483963,7.79191706104191,6.51993115043005,9.15005502730705,8.39323468276362,8.54150324505825,9.81830761275952,"Group4",8.46422987088907
"689","MB_SubtypeStudy_55689",7.14629919976554,7.81424527285732,8.99081726615447,7.11613995538832,7.41974820242117,7.92207037384256,10.0706253265427,8.83648987363126,9.77166244617924,8.49837312323384,8.75181755755292,8.91349626843938,4.14269070187799,5.83396373838425,9.35659693025567,7.84847326054184,9.49483818194016,7.96326238725516,7.66639516667582,9.45645798235369,9.23713850232522,6.07447126311024,8.19901193618164,7.50626794928595,9.06597312985181,9.45102787080111,10.5627524448321,10.046225900253,7.50869719114402,7.33795577319619,8.58594690593885,7.70829550898467,8.59887419534093,9.85048143161881,"Group4",8.31610538876935
"690","MB_SubtypeStudy_55690",6.96760025580456,7.903569893925,9.17538814962723,7.32564190059598,8.34841888408094,7.99215917308596,9.88841766719097,9.20729536356216,10.0918952660367,7.89684494221187,9.64078950094127,9.45085142255118,6.05736582109408,8.55627022590225,9.02681967669548,8.10822972317734,9.49985354845092,8.4662843863926,7.55992711376713,9.48325065742833,9.08230804370528,6.4157903906882,7.86520431073169,7.58849851512455,9.37087863534813,9.54348522857687,10.0225763747041,9.69199608520713,6.83264239914969,7.56849207560193,7.86091036019277,8.79805423622748,8.93219751297985,9.52879328655323,"SHH",8.52202061845038
"691","MB_SubtypeStudy_55691",6.60362874520355,7.62864233293415,8.9104326261866,7.20610415498199,7.38715971812505,7.9483001529245,10.4637872398576,8.69896372961375,9.83407469415064,8.05928818475835,8.2318960355523,8.58299718378146,4.60783817492177,5.90463644272712,9.84281777857248,7.62162652052219,9.60894209687229,7.84518656428388,7.53225939420174,9.651335520183,9.47436198464091,6.13486775925047,8.25056265310118,7.70069566888597,9.18943171379573,9.06896152170048,10.5130617811266,10.166286446182,7.37368899788901,7.16175358330891,8.35899876742143,8.24814701489877,8.47703238316584,10.0540733530096,"Group4",8.30417179172739
"692","MB_SubtypeStudy_55692",6.6541357909845,7.95484443047497,8.85640417338579,6.97306668589899,7.80398930579836,8.0030611559619,10.1006327421578,8.71448000451287,9.71468160015776,8.13546017009956,8.75606143794554,8.65388218857606,4.0412058174047,5.48960215141755,9.81643800225877,7.66717983088315,9.49941410876169,7.64302876214623,7.5445970058476,9.3898145116332,8.69825024422091,6.20543613360835,8.26941204184035,7.52390316715052,8.98223584146611,9.4088655936096,10.6976115872452,9.45534826800233,7.11101463040052,7.16143869815497,8.62283045876251,8.00447673049088,8.97646925437543,9.61502908487537,"Group4",8.23953828266206
"693","MB_SubtypeStudy_55693",7.31035958048283,7.91342637645558,9.01617989416436,6.86600419376301,7.60851137319621,7.78204891802612,10.3752169652162,9.10000516484571,9.81971487795477,7.91978883081812,9.12350685199128,8.61900150797963,4.13775450341599,5.21349767617326,9.29256840619859,7.75294589915587,9.49094446863263,7.94471004548553,8.02683169959883,9.24944075756837,9.55330616828953,5.97863256750068,8.29915266980697,7.55141214981365,8.45255868369062,9.60695805373342,10.8183615685068,9.77599985194737,7.76230342695455,7.60110839142661,9.57129815836856,8.06439456809093,9.20268425633017,9.79067188371559,"Group4",8.37033236439113
"694","MB_SubtypeStudy_55694",8.64234220110645,7.94351027452683,8.97168051561443,7.11120973225663,7.26406446750791,7.98510855010225,9.69270195584195,8.05649810120839,9.62795086699984,7.97074685932069,8.98936736538163,8.97310330613928,4.08866262121253,5.67947923647347,9.14788739523482,7.37061545922863,8.88674920444136,7.27489714494827,7.62085302358927,8.94681638646985,8.63493916998553,6.2993440268203,5.43552836224927,7.53263057315491,8.80447105092476,9.422525105418,10.5493736852852,8.85728500044741,7.21909950725838,7.2540680470989,7.49423473339755,8.88536617430164,8.44716985770518,9.03623022762116,"SHH",8.06225029968449
"695","MB_SubtypeStudy_55695",7.40486536223025,8.08599749941493,9.3347740794922,6.98707535082537,7.71172815028702,7.91364960263419,9.98633600534096,8.80462703008095,9.55081600413092,8.95701576058374,9.57911718171295,8.75582924302837,4.31163989630944,5.52006389692558,9.66534773946269,8.05056917954486,9.7316471465879,8.07879368570956,7.55856062873955,9.65933579650275,8.8804157988594,5.75660362193774,8.54272125661299,8.05077274280842,9.45937278934958,9.85895619354634,11.1570848992369,9.40212600346181,7.2235097074735,7.33046774209287,8.20128647304352,8.80757597909358,8.73734494128021,9.95658832959431,"WNT",8.44154752111575
"696","MB_SubtypeStudy_55696",6.60687262310842,7.85334644959252,8.73660197894947,7.18687104087158,7.62230399483627,7.76474015487648,9.85920919846656,8.87600493791453,9.87365575373702,8.14106730107849,9.39939060605799,8.19623217579396,5.1633559807522,6.34909525593635,9.45816886438352,7.1692086162264,9.57796452788883,8.17233822426814,7.54009847417829,9.38783021516631,9.16690896883651,6.1863139425226,7.61791224814204,7.69676256973027,8.9680039154345,9.51123573178621,10.6183432514137,9.83738962349827,7.4906163214919,7.00256152130733,7.70914364357141,8.11837139642263,9.39581120668076,9.67089454943649,"Group4",8.29190074306935
"697","MB_SubtypeStudy_55697",7.55599463624069,8.35413670840073,9.5778095764374,7.31522399261992,8.0820807660488,7.82485748231521,9.77530700555567,8.82781461916294,9.98108223519866,8.36831990105479,9.00847260506802,8.41842141543692,4.44756341287496,5.80702025857581,9.27469052345983,7.53836603986855,9.40916791115136,7.5853131005524,7.54795674081421,9.24460190772038,8.41858294473796,6.29656184802556,5.76112542127993,7.75273261210053,9.3681635346308,9.67573876752796,10.8506934762574,9.00044422348186,7.08122395064642,7.19437604678922,8.15327281428868,9.16344659745963,9.08911523364439,9.22343901511983,"SHH",8.26391521542786
"698","MB_SubtypeStudy_55698",7.8372186115838,8.23237547878046,9.32920198255763,6.91268973044021,7.8168098419239,7.81628600397329,10.0483298532846,8.59905290410405,10.0266782546734,8.21782410324865,9.41272454928592,8.47090506159521,3.93822942793977,6.12648425858933,9.25597317020647,7.91595026420491,9.54940770066738,7.60717352052884,7.45618402831371,9.33408683942408,8.76361791945072,5.8380641241451,5.08904678669433,7.71699094186483,9.20757909287193,9.7615073043158,10.7767451596182,9.15416792308945,7.29576539624555,7.53269011069243,8.2477494254419,8.97111654620491,9.12478054217689,9.5136928493157,"SHH",8.26167940316039
"699","MB_SubtypeStudy_55699",5.87159998615535,8.11743317429435,8.64235231438101,7.01813580412398,7.75979291811795,7.52721319651148,9.7363647977705,9.02971257361128,9.83874139258986,8.00922595583586,9.91519505258047,8.52056203151964,4.24230229370254,5.50913399113843,9.85554844986368,7.8884313355758,10.186010798719,7.79482468284573,7.85692161399259,9.3766103012262,8.85653769080637,6.23440486180831,9.0348028656528,7.65096721530178,8.76032162619629,9.79942850041882,10.80320287517,9.5942548541932,6.97061496771785,7.46173558940093,8.50166920572724,8.22472259225024,9.14565074911888,9.95577244510577,"Group3",8.34382937363012
"700","MB_SubtypeStudy_55700",6.42010622684443,8.09283270771783,9.46054710913459,6.96596347066885,7.76622717187941,7.02010500895534,10.1671199078269,9.0292146418503,9.77771770325848,8.65894943286425,9.47711761649921,9.07943174920989,4.09345452048297,5.68671664890277,9.36461293264008,8.27917899986239,9.78961595101774,7.70767060798971,7.56095246825482,9.44264956229185,8.89427514215861,5.97449128448705,8.4576081968412,7.73225516440021,9.34917333634374,10.1158034163775,11.1441622232227,9.4566290159351,7.56946443177727,7.46886687689604,8.26706753162266,8.96655084683295,9.29255893751855,9.91928851760997,"WNT",8.42495233412281
"701","MB_SubtypeStudy_55701",7.12607852661898,8.24487687642475,8.70297685570931,6.88380918803007,7.68011630632315,8.38379042978289,10.2925214952029,8.55620730625182,9.64630143061097,8.26534226286104,8.73542015560264,8.51590761545611,4.20800240302271,5.23781033370016,9.50632518268612,7.51493714792111,9.21092402313602,7.62332994101037,7.23755709256109,9.23782529035673,8.7098968690336,5.95937161852447,8.18180744212947,7.45101339220213,8.38021149245646,9.29675110062298,10.9376736210979,9.36026913541379,7.23995484419459,7.3335784794865,8.3333839512692,8.12613767917569,8.90764630825616,9.3069179683526,"Group4",8.18631393427895
"702","MB_SubtypeStudy_55702",7.14184093174083,8.24396607862471,9.20106595781804,7.30568160819625,7.83753246855112,7.0809408447508,10.2590206149984,8.94736927835497,9.60605085255803,8.27663916087494,9.34734483805251,9.00602476181167,4.39486852173681,5.97579558852344,9.35515970284693,7.94539897231373,9.6045217169195,7.53360345731549,7.64414361140761,9.35026478818372,8.89037112914293,6.01260017789199,8.64997088672063,7.87480572435342,9.54233433430074,9.95121136880292,11.1122412315083,9.3936474480027,7.3306233136606,7.20487856724527,8.12101485174909,9.10877065657724,9.04882107317514,9.78569814693308,"WNT",8.41424184310716
"703","MB_SubtypeStudy_55703",6.64835692390842,7.8525756299549,8.93298981503977,7.11848246812674,7.67046272183712,7.84195235706599,10.1657946338374,8.68442264274761,10.2961593768244,8.40746079174349,8.97076267785035,8.69636693332335,4.15682312171277,5.01920869020428,9.39257619728259,7.47826779641861,9.75626207727462,8.20860499696615,8.0552383507144,9.55804546207415,8.7018060902861,6.56979999213819,8.37386123664534,7.87660578195833,9.16502522474863,9.56764167915878,10.7862172080985,9.58507809859538,7.41501570618395,7.17155891517965,9.41808402127835,7.9405970318342,9.08292482539631,9.55221298810802,"Group4",8.3563894842505
"704","MB_SubtypeStudy_55704",6.83016679272533,8.60432793389376,9.60429629281483,7.1685975034916,8.25716605964894,8.31618342384457,10.4270249843201,9.5077225161614,10.0514914516909,8.75028491646786,9.72985510703828,9.36067967831924,4.57238669853112,5.94628891485598,9.25138020932182,8.23521140530374,9.49660773022854,8.03375573196637,7.7364796006883,9.47374402716759,9.28083972534543,6.45791913788226,8.56280918797176,7.97847523906542,9.44001729341704,9.7935991074215,10.4666000833324,9.95626299971548,7.59415435773054,7.93858348890982,10.4660989195206,8.84901284844799,8.19850139344535,9.94533548105132,"Group3",8.65534883063933
"705","MB_SubtypeStudy_55705",7.92615788228761,7.61415467289549,8.70412801872208,7.06583892616958,7.45891850144461,7.63333056506097,9.57983915537856,7.67036904107854,9.77029539122385,7.65955832837086,8.44262600895699,8.87791237638091,4.35370604920136,5.35023125229477,8.70960577704593,7.34793952861333,8.59760871237947,7.15533309003995,7.44151021915619,8.69320895857941,8.51604846336662,5.75930858236093,8.39186862976759,7.1378837828725,8.75471411636127,9.39347245052541,10.1556262165996,8.75295747505492,6.86177127040046,7.21020155296719,7.01410788928357,8.37463023979833,8.61647275856036,8.54712452985218,"SHH",7.92760177685445
"706","MB_SubtypeStudy_55706",7.93306480336838,7.67097451517508,8.42644369878939,6.79412252163293,7.67025491798356,8.18134849176962,9.64242649710104,8.82849759403974,9.70521275163705,7.71987437720859,9.26292874772675,8.62717591058747,4.35164178500567,5.80581513003705,9.46840742922004,7.16588838242024,9.45064244805838,8.11793361385052,7.311614662093,9.18477352248336,9.39762782052082,5.96053029168369,8.07560888892334,7.48304667810782,8.74782458049762,9.45445104047331,10.8372256439906,9.83411932430708,7.52297241603127,7.00822407140937,7.62699641750178,7.88545805735376,9.0332967189939,9.90498703279906,"Group4",8.2379826700818
"707","MB_SubtypeStudy_55707",6.20204397477771,8.26102602282644,8.97033675507995,7.21907052147781,7.85595192135054,7.44710906794557,9.87148306900036,9.22829657242159,9.56800831101055,8.35103650958524,9.48461074941855,8.90204216924584,3.73859689081797,5.71488067695634,9.24757314495892,7.83164439522849,9.26201902784888,8.05433895326665,7.76611434953811,9.36961769925507,8.55692740195964,5.96168257014253,8.48452270489571,7.3866582251426,9.67709489808675,9.71992383132362,10.8444862133332,9.39194341248946,7.53675999444077,7.44263406157063,8.2320729345056,9.02757704455724,10.0194202487844,9.98432723521245,"WNT",8.37093622230751
"708","MB_SubtypeStudy_55708",7.36141368840934,7.50626398079231,8.196316400966,6.66856698004808,7.70942052377013,8.45492852034308,9.73213847959049,9.08579766164362,9.49511756103956,7.34408696838296,8.24472472166001,8.93737916130577,4.31604701801606,5.53710549871177,9.31054876292827,7.75589435310513,9.60597802965288,8.7545942606219,7.45897243926205,9.62350926941162,9.78259183519339,5.90582180324427,7.93264977843077,7.13616149376045,9.35021330948883,9.67903858415409,10.5248289178139,9.87784600217481,7.7104056707718,7.24318723650683,8.08900027756014,8.02408887667083,9.12790816472883,9.66916616237805,"Group4",8.26916801154524
"709","MB_SubtypeStudy_55709",6.1943036059847,7.97440660299379,8.94636005754211,7.50710953629256,7.44187395490909,8.11604197944892,10.2722520626734,9.02528478341878,10.2432085679403,8.10925149943964,9.52134293930053,8.95623630367463,4.9839835140483,6.03591919600033,9.2829352966619,7.42771936612729,9.92080473057126,7.81770532052426,7.70358870972789,9.10314309923387,9.00695048071542,5.95134674978404,8.21057687243184,7.85255977622387,9.105905526791,10.0946417515851,10.7942186815233,9.70275237346725,7.48566270063874,7.05265461347897,9.69024825310823,8.07994541519512,8.22185925502574,9.49198854760363,"Group3",8.39190535659076
"710","MB_SubtypeStudy_55710",6.41656084073628,8.12195370162546,8.80509733499158,7.49810243619863,8.22822240873976,8.14296635738163,10.2109809070794,9.14062308149224,9.83193165455859,8.61268228615301,8.8912655358236,9.18309392865754,4.19781341444464,6.09769508965231,8.90311062669774,7.38484213022146,9.73450327348285,7.87286223181169,7.56115854370202,9.05825898211742,9.79129640364641,6.26293952931741,8.35893472077269,7.89915732844336,9.16137970582952,9.50969227907776,10.7754074156484,10.2078110764536,7.44529506607414,7.48183939032616,7.8324351843056,8.34391462375236,8.83948660358498,9.8117650490606,"SHH",8.40044350417238
"711","MB_SubtypeStudy_55711",5.8873011794062,7.93695889032196,8.93663231892776,7.4497722714756,7.85841869038836,8.18053124764893,9.68023924189229,8.75093171945705,9.90709813131599,8.56937124930942,8.89968382101269,8.66972622550951,4.58713438155612,5.46315170747461,9.86493478114429,7.51056856795862,9.58091171607165,8.59623002302987,8.36020881603234,9.45568850006729,8.7816201458801,6.06724827366118,7.86705099992041,7.86440769844955,8.83436096551538,9.44969141181759,10.2278973480854,9.81524271773374,7.53667124907167,6.94103654230575,8.31031097517864,7.5653419764864,9.15816613121959,9.44531138555009,"Group3",8.29440739120224
"712","MB_SubtypeStudy_55712",7.96077514538163,7.87250033199904,9.26411100588631,6.943265931106,7.82887256201511,7.76764124845042,9.99980190358584,8.94062607006254,10.050600136823,8.32839681305094,9.33687662055426,9.07413951329744,5.35232812171972,6.67918158183322,9.15428900138137,7.91815275208711,9.57069775466059,7.80200458684779,7.31323491496204,9.52426289028142,8.59053112625209,6.08338564065664,7.6951451752986,7.76328947067455,9.11006904940045,9.91520322263056,10.8451986204343,9.27288012057431,7.16335540716505,7.45686641360158,8.12073795113195,8.6415007993364,8.42096547584467,9.49542693362394,"SHH",8.3898915968415
"713","MB_SubtypeStudy_55713",6.23056126466137,7.76110883559616,8.08088820388933,7.18837369751678,7.62201541817281,8.11250662067415,9.72724710392436,9.02091841732144,10.0487997585045,8.04857098992053,9.46438267397511,8.52828325190077,4.05470813966153,4.95544350251711,10.1399347192463,7.50244572909111,10.1917432368875,8.59560436155729,7.52202730079745,9.32878642378986,9.18932512341578,5.97184736920411,8.30308719256503,7.60534714353815,8.73332030473276,9.46543090268425,10.4020985623121,10.075519081896,7.06636196433096,6.82283711818051,8.0433831876708,7.97266569708652,8.91094246050275,9.7596345090317,"Group3",8.24841618431638
"714","MB_SubtypeStudy_55714",7.33044431038765,7.78511082682374,8.75880272702202,6.89629896393219,7.7543504496022,8.29478367720537,9.97023746070784,8.82360158997613,9.89354945401845,7.7375706990818,7.91368791309257,8.67349647805954,4.3628717603555,6.29445588459584,9.47973774248431,7.57708229965296,9.42214147093969,7.76574757817547,7.34304158557409,9.34404608347954,9.073525130753,6.17242183954593,8.61524887773193,7.56949627241264,8.91532216100197,9.36221814062815,10.4827397357486,10.1459352330571,7.44713572745357,7.25929931457341,8.22285301732654,8.37454972730226,8.97964390625051,9.97553604692911,"Group4",8.29461717899652
"715","MB_SubtypeStudy_55715",6.5514038919464,7.96280650676424,8.58614723120926,7.02046961229391,7.88483830057458,8.24682608377227,9.9677895200054,9.18685540846535,9.7766477839195,8.20968815808678,8.47147199893535,9.03751015256092,4.24715414590108,6.18784679992183,9.73197642706237,7.5558787309129,9.72341208259798,8.19615618742504,7.43922850228161,9.56115262940463,9.38267702731584,5.96834677575528,8.0234398901132,7.80659288321697,8.96955606651252,9.57873168133586,10.7017565225687,10.1077704760813,7.72078174660237,7.07291160416785,8.67712215603641,7.9922723986991,8.14283496347699,10.2432164359603,"Group4",8.35097855240836
"716","MB_SubtypeStudy_55716",6.50663186601983,7.9606286717113,9.03740266115753,6.88061385056409,8.10224405961423,8.44609834054195,9.61465564840016,9.16987649346436,9.80606982385313,8.38255040051198,9.27740974723196,8.94547909190796,4.87406752290364,5.93997799572423,10.0541060584802,7.44806506130247,9.39295336409531,8.34724011881467,7.8670270410828,9.34257734237403,9.2692156812027,6.07187215499717,8.04068403586864,7.71561343384283,8.48033441317246,9.08683072077491,10.834450415565,10.1158934750016,7.67997011619302,6.96627587673464,7.93763862711548,8.20986145437756,9.27295041118306,10.0459067056725,"Group4",8.38597566710169
"717","MB_SubtypeStudy_55717",8.04505261822003,7.96374162253963,8.83680515024475,7.02237535677444,7.59965074795192,7.02260838521044,9.97560418210896,9.18984019580419,9.66259725533298,8.38080782046352,10.2250021678334,8.79308099105026,4.1689526128979,5.62327522645156,9.67699611809428,7.79458508490662,10.4636556331491,7.51950871213486,6.97316679036346,9.42211059799025,8.59765601609544,6.15417792210927,8.81125389895127,7.65154971914971,9.04507446111312,10.0813019702878,11.4373343841946,9.61698037896769,6.65288786161173,7.2131405401516,8.10540277874534,9.42882934930034,9.57108127551575,10.4587935360748,"WNT",8.44661415769974
"718","MB_SubtypeStudy_55718",6.7118543823744,7.68178640613184,8.96001555457722,7.06277995494631,7.70154444614918,8.0519166085172,10.1807253767308,8.89104575286245,9.76622463573718,8.29271522463428,8.18429723843343,8.67926561863855,4.52669726469888,5.81732043151153,9.92998530460357,6.87864803684077,9.67155992922853,8.20363244261022,7.48854752745488,9.27613580441258,9.54248840915902,6.04059239258035,7.80375717379112,7.80360360577647,9.43317640036249,9.67120217811213,10.7171093598586,10.2238644096381,7.66571427536339,6.99303750045303,10.6888425010512,7.75758338304363,9.22127298253134,10.2559867037924,"Group4",8.40514497695903
"719","MB_SubtypeStudy_55719",7.88100159451982,7.84443220168366,9.3651466587995,7.31367074942121,7.79098449379077,7.99702996085512,9.79536870821172,8.73558830573115,9.8213930918988,8.36672587851757,9.0745655923446,8.46917832225688,5.50857287624385,7.53338285093851,9.09073757260382,8.00617658070957,9.46263278392203,7.75650935583436,7.84579531268265,9.35321108773542,8.65523009994654,6.31181346389523,8.08487510596642,7.73685285672809,9.39206597959332,9.73885924082985,10.525361232096,9.63610376563004,7.10603837180445,7.3310197002643,7.89619574641669,8.82850006159521,8.96161413990129,9.54343001281083,"SHH",8.43411952224057
"720","MB_SubtypeStudy_55720",7.08323359523299,8.43824546368726,9.15033322195536,7.03917940716551,7.55788888184368,8.11046137232116,9.94055897586555,9.28011331166429,9.80957155089827,7.94910386728917,8.41640485810648,8.78233192556584,4.55383757776494,5.48303886993435,9.54234339969577,7.7874439070183,9.53749977915052,8.27878875789138,7.86079569287607,9.55414684450779,9.28086002335134,6.39624453660488,8.24334099384798,8.00704426005137,9.13015109285661,9.53749216437669,10.6665942034528,10.1021614307851,7.87111712816266,7.17938956176307,8.45708110231362,8.61726116253466,8.99110943771826,10.1761894960023,"Group4",8.435628172184
"721","MB_SubtypeStudy_55721",7.66293464969867,7.6132254124759,9.01010643011579,7.12828435247836,7.4811682277116,7.78002975335545,9.7103555872857,8.34509061798883,10.01883552268,7.87015103656012,8.89831479003521,8.91761063876121,4.86657855179256,6.04552179758202,8.79642209986524,7.6809896254636,9.20619115493011,7.18755397004009,7.69667312188908,9.03198123186981,8.68587989108512,5.87933089219784,5.56372769862099,7.50578722441506,9.01067740822183,9.31324796061248,10.0771831036847,9.23492214569683,7.04013114541833,6.98104260842819,7.97849217375262,9.22256256961096,8.31034568576042,9.20309140764366,"SHH",8.0868953084626
"722","MB_SubtypeStudy_55722",7.50935204244302,7.99882432879278,9.47859409169044,7.25036015915108,8.13895122605556,8.08914617252248,10.0851313333042,8.16763312004244,10.2188822802767,8.18693244963427,8.69528726415468,9.33227393403445,3.98489530712279,5.85718414425873,9.37392237221107,7.95933035738692,9.51584685368528,7.42642611515077,7.15335273951574,9.59805682163833,8.33266051640322,5.95721142336412,8.93818522141692,7.62050947153288,9.29878287920539,9.97770212823373,10.7447988797246,8.96057586119667,7.62889826906769,7.37102905715776,8.56878389971037,8.31452878878877,8.12817400592118,8.3318814951867,"SHH",8.29982661794064
"723","MB_SubtypeStudy_55723",7.63542002644243,8.23420963163484,9.4987601337037,7.33342326618311,8.05497716286514,7.99170755226827,9.75918512110957,8.64173470617296,9.73196745830698,8.43265158472196,9.53769190693994,9.32227828444345,4.3564137522343,6.14907479647656,9.28664014766815,7.95787352204496,9.50711044000772,7.49306947064884,7.55944310978058,9.88434068754601,8.5961126243795,6.04231720894225,6.0804897976243,8.03940032823114,9.49804891467359,10.068827100152,10.5685193204154,9.55992134864294,7.39461463868641,7.71785407724615,8.60628863488641,8.16408175154428,8.13757989556184,9.89957773069213,"SHH",8.37475312155523
"724","MB_SubtypeStudy_55724",7.99734778573761,8.15398678435717,9.14864565842558,7.2342664650083,7.77475327231238,8.18285598381154,9.81489263574178,9.28500707519447,9.85450981774191,8.00321927103101,9.08027001518912,8.88544793556106,4.66587194918284,5.9562881419771,9.51333098591557,7.94549979612986,9.47200625323356,8.46446074629461,8.01183396274322,9.42416651231969,9.46478617513542,6.37662546781613,7.90213721529238,7.70092510768273,9.240220768866,9.6091176874008,10.8244529029554,10.2926184820163,8.18676725773037,7.7351042059067,8.42250094317486,8.33194284374557,9.06700823316036,10.2549137775286,"Group4",8.53758182695059
"725","MB_SubtypeStudy_55725",6.8230650461678,8.47059283239233,9.0009681979898,7.00151789256288,7.86972180463833,8.05187719020776,9.9008442590824,8.81894190967136,10.0827144741273,8.8080897291802,9.40231181905108,9.22766889409096,4.78996747804706,6.23446301552777,9.59059046783735,7.76222615825536,9.35489979399878,8.11507389689577,8.3256581794505,9.548596593759,8.79865707043089,6.43851790660184,8.63136493895831,9.16123571897933,8.89144222896825,9.23942424374936,10.3234926955616,9.61445499230378,7.45056657046762,6.96605050412707,8.71273878544936,8.52310886204434,9.6718098084016,9.77940339466254,"Group3",8.5112369809894
"726","MB_SubtypeStudy_55726",7.03302612599278,7.92063980727413,8.81965001185514,7.05853469532119,7.62900860240942,8.23281859587808,9.91893176221742,8.64643530280251,9.9398086658399,7.59502658215839,8.45772938704259,8.6675029313935,4.35507783764042,6.0868239654164,9.27220132123422,7.10795336209415,9.33508092501044,8.36686209156917,7.53392091727464,9.47203541208585,9.27006836976191,6.26529103158395,7.8673124223236,7.74087449336689,9.22810798533367,9.31293489687312,10.491240369389,10.0694054806185,7.62035407983223,6.9901703795809,7.89803406813032,8.28914853843668,8.90201757922035,9.99832364334948,"Group4",8.27624563647973
"727","MB_SubtypeStudy_55727",6.5776568464628,7.92621262296984,8.5846287120616,7.09217370989362,7.97135962764901,8.24406644566928,9.99909282518573,8.36781748338026,10.1547006304627,8.10353044362524,9.91723845844852,8.24396397831178,4.68811798183471,5.8173988573492,9.32196105441751,7.95052044454179,10.4870713695069,7.40819329326279,7.17721499984376,9.78175812772467,8.40657889911225,5.95918616773325,8.48215425675838,7.20112885110878,8.96638153720896,10.1782974770151,10.4237062758576,9.11914941204284,6.4334147542779,7.13692417721708,8.41674244911906,8.42663636087577,8.77298229438698,9.63181664518327,"SHH",8.27558169030879
"728","MB_SubtypeStudy_55728",8.57325833763638,7.52982073894196,8.94472170471447,7.14173870358084,7.2627221160786,7.48986402070594,9.62104920948472,7.77386430195779,9.64500751873345,8.02935254416703,8.51722056707875,8.96014190877782,4.26735137611199,5.7821105016369,9.23223918312308,7.11607028787985,8.82540738739741,7.41168223849011,7.54509815260609,8.54143433563419,8.60160541688366,6.36242848747792,8.89435956476173,7.56555964543802,8.71083494745682,9.26054723971244,10.124027038204,9.23268655250263,7.14659689232405,7.0237375759943,7.29533505376902,8.15672721119979,7.63712734228093,8.82491570281165,"SHH",8.03078364133983
"729","MB_SubtypeStudy_55729",6.53831476200488,7.76617277119977,8.62669761380547,7.3591312074275,7.96822513311503,7.94976770691195,9.82881195012318,8.46680685154686,9.88612207372891,8.4619020186457,8.39643855945233,8.98935143576202,4.11636356682752,5.98732699861441,9.06810716830574,7.68077084972214,9.85866691008374,8.04009660822851,7.64106030752508,9.7407802259972,8.64001238159039,6.22639123696211,8.47683611773053,7.60655142277037,9.35590798832624,9.84899051998713,10.2931478029538,9.49095029049815,7.1696739067814,7.79470462570117,8.93792785409903,8.83952893664321,8.98697427356187,9.81635127720821,"WNT",8.34867245158357
"730","MB_SubtypeStudy_55730",6.86717151829718,7.44290385321949,8.02469730866951,7.23748331469166,7.9876045395171,7.2678809481945,10.0186373780269,9.33354434184319,9.82306588666623,8.50187088355687,10.026185133593,8.81742354128984,5.12528510992078,6.927998986321,9.18479775138742,7.78821578179484,9.82374121627117,7.68256299918859,6.92792722609109,9.22826901320334,8.87201071476869,6.00236107315907,8.47964354777357,7.25188761536952,9.2640347763501,10.1262442373184,10.5353744921128,9.35136752041616,6.29223859618046,7.58464761089416,7.79343048351511,8.98041544108566,9.1032066359971,9.86237607644734,"WNT",8.33930898685682
"731","MB_SubtypeStudy_55731",6.89411355083942,7.92098970736317,8.68834199197276,7.02349385038035,7.63300243383076,6.92552921356836,10.006822181805,9.09758929943974,9.6793132719897,8.99614003529255,9.94302765943769,8.9760166522506,4.11977217132063,5.15152405653784,9.27073075452757,7.86610860930207,10.1077769826628,7.62993179263781,7.20076015658402,9.29342025000946,8.72809639934374,6.13204545534836,8.47696515742061,7.71962636329746,9.2168125243677,10.0035368078146,10.8818890926153,9.6359183286685,6.63251003887135,7.24478097980124,8.12474539317213,9.07705881096038,9.46686006705932,10.1797839607029,"WNT",8.35132452944694
"732","MB_SubtypeStudy_55732",6.96181162777933,8.04924710408692,9.40383001609696,7.11670308496295,7.81037890022669,7.9571733635831,9.94382505573946,9.25186736340904,9.82663663252671,8.11096718039366,8.69720755082268,8.77612399968992,4.4382380744805,5.75112062367197,9.3698109077072,7.67675891504117,10.1313658008382,8.03824960037546,7.69741614188829,9.45413650261759,9.32459776971875,6.15210276464622,8.23048970595475,7.97156806274006,9.20966319067767,9.70284785873564,10.8606992001001,9.99471490104878,7.87461079465563,7.56745323508725,8.7280827022958,8.42574362483303,8.91612647642143,10.3818471738109,"Group4",8.46480635019599
"733","MB_SubtypeStudy_55733",7.65307248392338,7.57089035069222,9.05104248156512,7.26720359067097,7.74340696392124,7.87152726681883,9.70626665466933,8.34179480475366,9.68783843288434,8.0957615610588,8.6795889210089,9.32662059650787,4.27555602776959,6.17977673273975,9.56889876879745,7.45315066256217,9.44115102095784,7.51200617466242,7.08704868022736,9.33843370020406,8.57771733061232,5.64308092221124,6.11674109417412,7.6218957926574,9.10071709265308,9.52738656048048,10.4322808747143,9.22622147290663,7.25936142645383,7.29244774399187,7.88651555828317,8.52887658382362,8.41179137019221,9.14176155422347,"SHH",8.13581856628744
"734","MB_SubtypeStudy_55734",6.78952715115973,7.92539856102984,8.82035892415403,6.82248806481401,7.24049732083605,7.82393385206052,9.19007864817903,7.83879300662324,9.80833019423232,7.87351608853434,7.78224523878599,9.02045447255225,4.10093936541409,5.77579913957334,9.08950391746331,6.96052468977521,8.44475001454907,7.55743035502874,7.56510382405691,7.99135663484561,8.68128670502631,5.87651400215748,8.09930864367742,7.11000604851068,8.44954984697348,8.74973175437283,9.63805980499065,9.01200364778355,7.01950829075396,7.52340192278145,6.86544204730511,8.77868266859153,9.06601918363705,8.13004486138364,"SHH",7.86531143798861
"735","MB_SubtypeStudy_55735",7.76009250665365,8.15707148478833,9.75513593630539,7.59890661018344,8.54003781403911,7.89940853820794,10.2648248317612,9.2480513955212,9.82787214920731,8.30966510450955,9.06338595811461,9.27087364809858,4.17773258109045,6.71021880079413,9.08337298455927,8.42205239604634,9.63455012788388,8.17954249762298,7.45260056035509,9.65039823579321,9.1045494302885,6.54890761277126,5.51658838868143,7.78175248339724,9.73292373061862,9.88853047394588,10.1769845042214,9.52152652201506,7.09275814894993,7.43310489802852,8.29271392373583,8.73088566921763,8.59522196549464,9.57802337673198,"SHH",8.44118427322452
"736","MB_SubtypeStudy_55736",7.0117155239281,8.31196818227002,9.26479310710189,7.09732155456831,8.02595598656957,7.76538612204652,9.85446909600912,8.6025761013502,9.91230231206378,8.22851117929786,8.91295038781539,8.995109904835,5.71103360713125,7.96984786018637,9.0306772623974,7.37314042373829,9.12226710899507,7.41737243090547,7.55224225604607,9.05773045971472,8.66574962142567,5.84790446034544,7.83923189922284,7.68569345671174,9.08338225952763,9.23282176948071,10.4029120042436,9.11644335820507,7.09765713977653,7.21875597357694,7.88479404179287,9.30521639300131,8.43860065022924,9.38476082636232,"SHH",8.30650866826095
"737","MB_SubtypeStudy_55737",7.49509551666515,8.0021502064076,9.22788875957203,7.22108220926919,7.90310378216192,7.96367859381794,9.78010633811409,8.54267830014476,9.74794301473154,8.24486338544507,8.96501126976245,9.09009218829283,4.45473266511468,6.03378564295595,9.23937750936482,7.49394340676153,9.11342572337883,7.78914880917814,7.47089667737051,9.26812886987888,8.45551088943048,6.04222731354405,5.59095181052719,7.68994897701941,9.1194112729476,9.34043562130961,10.5851640344951,9.36669563914565,7.12657771918586,7.28306751156698,7.9615561898958,8.66160422971079,8.25225145269698,9.73885253811316,"SHH",8.18415847258755
"738","MB_SubtypeStudy_55738",7.27946535118336,8.13211937494787,9.22812935121293,7.06783875410317,7.9612401105404,7.92116184849684,10.0486962907346,8.65738747445921,9.99605123833334,8.18985814706909,9.200090573514,9.26634187158778,4.60356640234766,5.84478104973861,9.39244963566973,8.01688257356501,9.61464528886818,7.71060553974161,7.47855441927559,9.66017594519011,8.58429747876216,5.96909289641833,8.42317772929366,7.67625803126396,9.31091918287041,9.73200220291716,10.5905058932507,9.41823786933105,7.07328598893096,7.4611430703984,8.16088741079201,8.75060667785815,8.45243134692558,9.70333326139883,"SHH",8.36988883179384
"739","MB_SubtypeStudy_55739",7.81152870413091,7.69552827344776,8.79500885441017,6.83070661489021,7.55749294958566,7.92369662014763,9.58024887041667,8.18430358472128,9.71948447387364,7.74648501695938,8.47245351669512,8.84491226537858,4.9603080282141,6.28103129961995,9.58386090825447,7.59875849115845,9.24293716197087,7.76756226612221,7.36020349437267,9.3173513667389,8.55111870817696,5.49274214179116,8.67961407839708,7.52865087923716,8.86961575652619,9.38964108508975,10.6615714738358,9.13130137860917,7.06152303410957,6.96758619059034,7.94980785854586,8.51959534670689,8.06623893160492,9.39527562167627,"SHH",8.16288662488252
"740","MB_SubtypeStudy_55740",7.07997202348396,7.81178688810233,8.67110142572495,6.74602647451456,7.51103805837579,8.01406183879367,10.0279671021724,8.12014616531792,10.0341909209682,7.95254263765021,8.5437041580423,8.55354556488962,4.37232300267527,6.13390861850569,9.72659400989683,7.45269989144256,9.41183829539622,7.47368380540395,7.39538970109941,9.37891129470044,8.73695001839709,5.30053973877603,7.91963203982556,7.55845954205352,8.73824216245355,9.07219551051424,10.7274330040844,9.29243239727652,7.10104881145165,7.09961620108337,8.62152195308361,8.1775288361545,8.5464552652732,9.52428817530418,"Group4",8.14199339802611
"741","MB_SubtypeStudy_55741",6.54423429278866,8.53422347684019,9.10625993115039,7.03414788868875,7.9056628447816,7.96079542656725,9.98530977884843,8.81229115126539,9.98850447156915,8.51974002521208,9.11466576683887,8.65331194931442,4.95421269755162,6.65899985210931,9.90955062304906,7.44993788962501,9.75996569481128,7.76525278525973,7.39382009558971,9.5857242678136,8.5559402419799,6.10459166916125,8.43481268637586,7.87090329948436,8.79905178187308,9.62611258749653,10.8088059609633,9.51236553511823,7.21390012100028,7.92567258907548,8.50565198956356,8.42643021986719,8.90016858419491,9.98424080212756,"Group3",8.42074291111635
"742","MB_SubtypeStudy_55742",6.76823469032929,7.8119738962774,8.64206670937054,7.1813242429022,7.59776845290673,6.91221822750449,9.88712099156711,8.89761393207793,9.81173395862802,8.59305524458779,9.94591184342844,8.839794664757,4.3744614810391,5.74089657522642,9.31523882316504,7.52234316952529,10.0599512649057,7.57637978465119,7.36377067743861,9.24658330690642,8.43417081846324,6.1564774479348,8.64777634685721,7.65402252054496,9.20182410589212,9.93550132539535,11.0416139923161,9.59302612742852,6.68641840510915,7.09447634319102,8.04711646851303,9.01320673871522,9.3253700610409,10.2826900439521,"WNT",8.32947449066319
"743","MB_SubtypeStudy_55743",7.36464035644178,7.66095270215383,8.2512503262352,7.090812641892,7.75688076426614,7.98977492301623,9.73413638877612,8.95123166204107,9.89235329646596,7.11087698309997,8.4593612413248,8.55947889174647,4.400858934132,5.9491505770569,9.12649801622734,7.72436204224278,9.02448793418464,8.14354104585617,7.55912308645633,9.18810220533752,9.41711578671651,6.12335234826941,8.62412733764436,7.59192602585005,9.04644783702151,9.08538516439468,10.2379554734753,9.95080822053067,7.54173325765643,7.30113961721286,8.22115358062032,8.30796803355064,9.04860426136023,9.78138522809675,"Group4",8.24167577033391
"744","MB_SubtypeStudy_55744",6.35167006947146,7.60538947550507,8.68162289354789,7.45872868632982,7.93913167246736,7.96937367075196,9.87793735032892,9.16224037022829,10.0792222129428,7.96364845121488,8.30498813136343,8.97252885121838,4.33606408597134,5.6625198111694,9.50985097598618,8.00562493828813,9.26885170477039,9.00488100303533,7.7168475613645,9.51545297822314,9.33743803218473,5.93653811557181,7.86711783763949,7.65846240818666,9.18988105972722,9.36927931861022,9.98348422032,9.92492248929047,7.77025115882118,7.36585549441132,8.36268480578219,7.78609783783475,9.42495999099581,9.3889087374012,"Group3",8.31624871767517
"745","MB_SubtypeStudy_55745",8.00690115473803,7.36662467724157,8.38212358383934,6.907120040617,7.59994413828432,8.2085348562894,9.57623826311965,7.92796743110173,10.0460731646628,7.36544751044203,8.5544950457085,8.24896087450645,4.7441778662789,6.0455672565225,9.55118684518925,7.76393349052119,9.44393014334849,7.92141511335874,7.43557146266831,9.63674660665392,8.73556700034766,5.75624512623187,8.34591365250513,7.3098803028152,9.20055201691253,9.33951064544681,10.3457358723185,9.14742531773682,7.42667740587912,6.87345802684403,7.58671340378259,7.95229550160822,7.7824539891426,9.24934221705794,"SHH",8.11131558834474
"746","MB_SubtypeStudy_55746",6.56704615491118,7.73914325410836,8.47654854177677,7.54593053654432,7.56341249752007,8.00902979017325,9.79036565760343,8.86019960450471,10.0209366952066,8.563734200812,8.51998787924764,9.0840934899499,4.26153694278056,5.78775620127956,9.61978008913892,7.41121926015713,9.64640543128582,8.64166698736102,8.04429081708758,9.3793389369599,8.94212958078516,6.11099654454417,8.13159298006173,7.9136796039899,8.80451471250742,9.40938647668738,9.21591503138703,9.89330401491983,7.45646456974481,7.43799933184197,8.4144457626402,7.76211846050897,8.68322735311579,9.25764192886574,"Group3",8.26370115647085
"747","MB_SubtypeStudy_55747",7.58892485718523,8.3133912612651,8.98752544549951,7.13858976528202,7.8644413636429,8.09527235991164,9.96027276978404,8.94785019844912,9.88465102633237,7.84213364489187,8.06720734596191,8.69289703476008,4.64127170099006,5.72319612700798,9.51839934272659,7.72024138536091,9.64240430425358,8.0264645204069,7.86826596968052,9.51369797219028,9.28789653257633,6.39339539646675,8.81808485804878,8.03276794834279,9.14132609847897,9.62871827432942,10.7556856696446,9.9739111256447,7.54872697522854,7.4732781162842,8.59029106422815,8.70192396436718,8.99827752781591,10.0587287955667,"Group4",8.45412090419428
"748","MB_SubtypeStudy_55748",6.9654365661792,7.41580695595284,8.55996143571727,7.58259157511924,7.78182643330937,7.685268538323,9.77439506979385,8.51261863598929,10.0075339533366,7.59322887714866,8.26913594105695,8.92499777168435,5.62196210422778,7.01560236322107,9.30058727794889,7.29988947895031,8.7872222703967,8.07340119525226,7.34336625947294,9.24514991575527,8.83490393243342,5.80634975111457,4.17341398941726,7.38451528312995,9.01713604699016,8.98893642912677,10.4906689804703,9.1118405834727,7.29325597331506,7.17987741896822,7.95993869590247,8.5121053863185,8.46878903899174,8.66865781048971,"SHH",8.04854035114637
"749","MB_SubtypeStudy_55749",7.43828718842776,8.20918900386444,9.30401097548329,8.26344914855935,8.42398804979503,8.18337453357229,10.5247400268206,9.67271435651396,10.0319732407604,8.82514568612577,8.66954023171105,9.54333070115377,4.09687451717139,6.35339989026744,9.21018244505553,8.31836887162397,9.89828475667583,8.98255209539051,8.1452839113775,9.6610084775726,9.66455609708231,6.69930014470974,8.41861771602835,7.94905697695366,9.51906184577796,9.98525013582967,10.2357222435235,9.99805761901097,7.93729655316924,8.0100195834108,9.68934536883717,8.34548879143015,8.79919959028515,10.1830927821222,"Group3",8.74087539870863
"750","MB_SubtypeStudy_55750",7.35719926672909,8.17239090806637,9.01416136120117,7.41276431908294,8.01644518530169,8.19057108242693,10.2553075824031,8.74678242509662,9.81248616627547,8.99026524389516,9.24649197904965,8.89350136179564,4.84329229230114,6.54832066332476,9.54536032068975,7.77088468604379,9.50243753814664,7.79206337474645,7.87946332962632,9.59035513450458,8.79587943105799,6.20024404685904,8.97130371153988,8.56275149472151,9.30885383966358,9.60064365135213,10.7342447241641,9.56541854885402,7.70731209696496,7.42712093788317,8.35900696100417,9.03986618164405,9.54556495277644,9.7713223608505,"Group3",8.56382579882479
"751","MB_SubtypeStudy_55751",6.53670467678226,8.12383297261253,9.22025007584395,6.98442005476329,7.98691003616097,8.03880971574597,9.99976990767871,9.11244670257684,9.7257243381218,8.52928288661576,8.85184108193731,8.75452645925641,4.64192571110579,6.111228761685,9.96286640550921,7.75514022692844,10.0727116926011,8.21065507068768,7.91034703655679,9.60412002116529,9.34175840607135,5.59928024273391,7.79369762932084,8.26218343954175,8.62250600887066,9.72732520693395,10.7770690105345,10.0916416012323,7.87951188184396,7.07921343934241,9.07606246868568,8.30242935937615,9.93313938033774,10.3016281497956,"Group3",8.49767529585164
"752","MB_SubtypeStudy_55752",7.89859217814927,8.1236517912288,9.5315012076549,7.6335583059982,8.08584598077424,7.88588640985987,9.91736451034305,8.84120559758883,9.99200423156802,8.15608225753302,9.28208688578122,9.24932142696219,4.01814850377906,5.7841063308433,9.12664296243818,8.00040862006311,9.2941565964945,8.65300094017909,8.0695458610787,9.67452869950121,8.79267970800746,6.37160875038767,8.82099400064334,7.6972594155197,9.22248945368959,9.41851511954113,10.2439070926253,9.68524112339989,7.51684130843421,7.3556736923831,8.29870482915026,9.16282401301245,8.97679736559358,9.30366352837801,"SHH",8.47308349113484
"753","MB_SubtypeStudy_55753",6.52156639325821,6.52719849538295,8.35326570675446,7.40605952884246,8.19089980710618,7.6628140126899,9.76293263616686,8.75515065707581,10.0060607964312,8.05435671164034,8.66303871507172,9.01097972036254,5.01515687940607,5.57344904143003,9.56604841747684,7.98429987836559,9.11033864440251,8.77269914404655,7.7593078765753,9.5540724922868,9.02525336804167,6.09741271119737,7.98963155390871,7.65237650345723,9.42336277378386,9.09363483749026,9.73247010859551,9.29824454252448,7.36614185002831,7.33778983449707,8.23237148595785,7.19511696866735,8.95055153849166,8.7409731330419,"Group4",8.18779490483693
"754","MB_SubtypeStudy_55754",6.84703770555064,7.73069496558378,8.06549412461544,7.23582251443068,7.7420173827777,6.9701322038443,9.91185372490937,9.00878502722822,9.90293815051079,7.79804672825492,9.6453483420695,8.94896769138808,4.40580831516245,5.55529072553397,9.24525892175873,8.04012183064318,9.75398521932907,8.71107450090071,7.21074549538379,9.65441680763637,8.95169675435768,6.26675327197349,8.00382732042397,7.31600682400599,9.28982304746744,9.38002564671543,10.524445296645,9.46338076667751,6.75373774640218,7.10514465624068,8.36234035894641,8.74466469751379,9.69904936311576,9.5833505052432,"WNT",8.28906137156589
"755","MB_SubtypeStudy_55755",6.90177728999065,8.12879143596491,9.15152274628435,7.10412517746999,7.93915017532705,8.17451765705502,10.009541997663,8.88306063114182,9.46063236381025,8.34339663341636,9.06454831951654,8.9846534572989,4.07441135031623,5.80245953200044,9.4760348410474,8.01900256541552,9.65921047425519,7.8798153329387,7.69497830216983,9.48700892919617,8.86589022659924,6.79072737124618,8.68411941823147,8.12895973642517,9.15270534831315,9.61152184922267,10.6856290294461,9.42816188039553,7.34501495349502,7.46573501185006,9.4945286242289,8.40718952784854,8.94913764936862,9.71814366334791,"Group4",8.44017951477344
"756","MB_SubtypeStudy_55756",7.80946143827013,7.77545682370625,8.86930921865611,6.96830734754124,7.51693160427843,8.53013113456605,9.59767687795425,8.32749540483847,9.95139321462252,8.36340791934521,8.70582499683288,8.63325265617945,5.28482672684307,6.9860129684253,9.63048462637791,7.83633701358933,9.73090589729578,7.72843773641574,7.54413621019302,9.57836510189997,8.82304238041525,5.99239594557203,8.18916862721238,7.36946115707287,9.29564883994617,9.69967520187571,10.2511289698047,9.29089632049174,7.42311750303702,7.59710647929211,7.8765282309048,8.31389361065336,8.27044048178282,9.36639161883022,"SHH",8.32726618484477
"757","MB_SubtypeStudy_55757",7.71960289933866,8.22460354015138,9.28837719325441,7.08638962304984,7.92143642176787,8.14349228135609,9.8811045912495,9.0207538091938,9.61248076120626,8.03949447460979,8.38993259367978,9.18778941415903,4.52636256520081,6.51941849803275,9.20977821541886,7.89612216494105,9.57533866720627,8.20831276400497,7.81659957626233,9.65769808253624,9.15190606111996,6.50836518547023,8.60173415400312,7.83025446102679,9.28097294915364,9.63003256537126,10.6622847467208,10.0027895356801,7.86107029425441,7.32767419737118,8.55520174425431,8.32172911358114,9.22673803869755,10.0744053891918,"Group4",8.49883078154459
"758","MB_SubtypeStudy_55758",6.32631329348602,8.16696283101983,8.73642898228316,6.98336606797185,7.98842852402359,8.20321749622358,10.0002996352244,8.92871925453163,10.0795760871567,9.54315317407749,9.39766093565818,9.3770355208716,5.0335348825873,5.89060246132498,9.74871753767906,7.71795509120688,9.83480492328869,7.78702454135567,8.03863350018536,9.79997980910294,8.73599403999337,6.51591502421167,8.49077796040898,8.32106768119604,9.0250300048032,9.54440530131807,10.0549255140497,9.85764549799472,6.95144802188219,7.34073655278638,8.66518159212572,8.63368019524721,9.21554285632723,9.6536114124088,"Group3",8.48789341776506
"759","MB_SubtypeStudy_55759",8.03383905410324,7.68081598876792,8.74742920504394,6.79115688330397,7.47387432990987,8.22046946075207,9.74382169573192,8.22031261984035,9.69758093062207,7.87640359489221,8.49392256955813,8.93640842570174,4.21149370730775,6.06071847966972,9.53907686268356,7.55943583844155,9.42623618546898,7.56035534395727,7.10565755964662,9.087230779185,8.92447773657393,5.89394173849864,6.51030584621034,7.43323446283302,8.54887629921256,9.28786124308256,10.3669725165749,9.10867628530204,7.23445871780932,7.18062773971016,7.51482477031282,8.22275784896471,7.98961807423644,9.29978494041284,"SHH",8.05831346277418
"760","MB_SubtypeStudy_55760",7.77385890894567,8.59727982695436,9.46502420536869,7.36850758438446,8.24471801894706,7.65650889378149,9.91131691615871,8.53638003098513,9.45840849027083,8.3412505837286,9.20033862207661,8.72369182267614,4.22463392041306,6.66190538780169,9.17034972886009,7.67316785874198,9.57660670836352,7.72588023696864,7.74180521368629,9.43425839127849,8.88709775676132,6.05519693336581,5.14877372048923,7.77729894166904,9.08731218235417,9.25968448329374,10.7842147178043,9.65048949675224,7.42524115425876,7.60118112301412,8.21821638200281,9.11181723103438,8.76157722732473,9.71948749349606,"SHH",8.32274941747095
"761","MB_SubtypeStudy_55761",7.20441116541532,7.85748848621889,8.84164564436308,6.96356248500061,8.06596751356042,8.01815767842493,9.88136656986251,8.95507743263217,9.61995824141439,7.6120995793408,8.53334596042358,8.82314315026951,4.64583852103967,6.29223437877648,9.30884804201294,7.72737990932399,9.7289269721563,7.93107626822198,7.90747960072647,9.3759048640255,9.06678726465683,6.09719161948779,8.08255505038444,7.98399480606328,9.30474276546788,9.63155790822296,10.3648301526529,9.89415609598084,7.64985763937186,7.3639756438669,8.73605780530615,8.19607807320381,9.06540551787026,9.9126770310764,"Group4",8.37187587755358
"762","MB_SubtypeStudy_55762",6.54856018958438,8.31599616846693,9.13542930959661,7.13089697579189,7.8886086968724,8.20559941535678,10.1724612140252,8.64871705164897,9.70235512249534,8.30038382046678,9.12727367136138,8.73760049021358,4.2242984357939,5.66563303832673,9.40545461480689,7.80673518480826,9.75408119530547,8.10191350485461,7.66274528003428,9.53290369395351,8.79378180447583,6.04591543333221,8.20906489061937,8.05022695710538,9.30933377905194,9.78672340110712,10.7040665530787,9.53883791240394,7.56423615311408,7.36821435352954,9.61067781881773,8.31490748615328,8.7265765899705,9.70801096701203,"Group4",8.40583003451575
"763","MB_SubtypeStudy_55763",7.41887384005434,7.71360684795072,8.99137930605235,6.86263256273467,7.6989973455928,8.00019447733707,9.91092097591319,8.99090676215542,9.9100958074774,7.58497151662278,7.95404216008057,8.54929375876115,4.39189066371776,5.58804245317528,9.41693525855304,7.72785754697017,9.84971010698903,8.00698877514127,7.72588664908282,9.45550834707135,9.33241972571879,6.59851861657064,8.11160354990106,7.45635179682197,9.08523691250437,9.37587521380084,10.5581913095295,9.76689499189046,7.48352993755308,7.42481465537979,8.30599368307974,8.53789237159532,8.87135991644724,9.91938767104986,"Group4",8.31108251509635
